ID_UNICO,cp_year_lli,delta_lli,cp_year_area,delta_area,nB_lli_pen1.5,nB_lli_pen3.0,nB_lli_pen6.0,nB_area_pen3.0,lag_lli_minus_area,material_both
1,2019,0.5501,2019,0.6943,2,1,0,2,0,True
2,1993,0.2851,1993,0.3307,2,1,0,1,0,True
3,1999,0.1378,1999,0.0928,2,2,1,2,0,True
4,2001,0.3164,2001,0.2476,3,2,1,2,0,True
5,2002,0.2968,2008,0.2941,2,2,1,1,-6,True
6,2001,0.2451,2001,0.227,3,1,1,2,0,True
7,1999,0.298,1998,0.3027,2,1,1,1,1,True
8,1997,0.2377,1999,0.2175,2,1,1,1,-2,True
9,1997,0.0415,1997,0.0408,3,1,0,1,0,False
10,1995,0.1711,1997,0.1324,2,2,1,1,-2,True
11,1991,0.0192,1996,0.0156,2,2,0,1,-5,False
12,2003,-0.0014,1997,0.0328,3,2,0,1,6,False
13,2007,-0.0057,1993,0.0724,2,1,0,1,14,False
14,1997,0.0936,1997,0.0901,2,1,1,1,0,True
15,1997,0.118,1997,0.1129,2,1,0,1,0,True
16,2010,-0.0045,2005,-0.0009,3,1,0,2,5,False
17,1993,0.0276,2018,-0.0811,3,2,0,2,-25,False
18,2012,-0.1626,2012,-0.1784,3,2,1,2,0,True
19,2012,-0.2404,2011,-0.1973,3,2,2,2,1,True
20,1998,-0.0983,2001,-0.2112,3,3,1,1,-3,True
21,1994,-0.1336,2001,-0.1798,2,2,2,2,-7,True
22,1992,-0.1952,2001,-0.1547,4,3,1,2,-9,True
23,1997,-0.1243,1997,-0.1353,3,2,1,2,0,True
24,1998,-0.2236,2002,-0.2066,2,2,1,2,-4,True
25,1993,-0.0869,2001,-0.0759,3,2,2,2,-8,True
26,2013,-0.0033,2012,-0.0006,3,2,2,2,1,False
27,1999,-0.1907,1999,-0.097,2,2,1,1,0,True
28,1998,-0.1826,1998,-0.1063,3,2,1,2,0,True
29,2002,-0.1414,1994,-0.2377,3,2,1,1,8,True
30,1995,-0.1567,2000,-0.0918,5,3,1,2,-5,True
31,2011,-0.0227,1992,-0.2129,3,3,0,3,19,False
32,2002,-0.1468,2002,-0.1695,3,2,1,2,0,True
33,1996,-0.1717,1997,-0.1702,4,3,1,2,-1,True
34,2005,-0.2222,2005,-0.2268,2,1,1,2,0,True
35,2004,-0.124,1998,-0.1823,2,2,2,3,6,True
36,2000,-0.0925,2000,-0.2201,2,2,1,2,0,True
37,2002,-0.1739,2000,-0.153,3,2,1,2,2,True
38,1996,-0.0699,1999,-0.1379,5,2,1,1,-3,True
39,2001,-0.0457,2000,-0.0817,2,1,1,1,1,False
40,2001,-0.1067,2001,-0.0672,2,1,1,2,0,True
41,2005,-0.044,2003,-0.0242,4,3,1,1,2,False
42,2007,-0.082,2008,-0.0971,3,3,1,2,-1,True
43,2005,0.0211,2016,-0.0557,3,3,0,2,-11,False
44,2009,-0.1116,2001,-0.1251,4,3,1,2,8,True
45,2007,-0.1152,2008,-0.1306,4,3,1,2,-1,True
46,2001,-0.1279,1995,-0.2592,4,3,1,2,6,True
47,1993,-0.0586,1991,-0.0851,4,2,1,2,2,True
48,2006,-0.0519,1989,-0.0338,3,2,1,3,17,False
49,1991,-0.0509,2006,-0.039,5,1,0,2,-15,False
50,2015,0.0376,1992,-0.041,4,2,0,3,23,False
51,2008,0.0047,1993,-0.0807,3,2,1,1,15,False
52,1993,-0.1315,1993,-0.0507,3,2,1,1,0,True
53,1996,-0.066,1990,-0.027,3,2,1,4,6,False
54,1996,-0.1031,1994,-0.0666,4,2,1,2,2,True
55,1997,-0.0625,1998,-0.0393,5,1,1,2,-1,False
56,2008,-0.0554,1997,-0.0733,3,2,2,3,11,True
57,1999,-0.0894,2001,-0.038,3,1,1,2,-2,False
58,1999,-0.0378,2002,-0.0409,3,3,1,2,-3,False
59,1991,-0.0147,1999,-0.0025,4,2,0,2,-8,False
60,2003,-0.0233,2003,-0.0144,2,2,1,2,0,False
61,2003,-0.0265,2005,-0.0206,3,2,1,2,-2,False
62,1998,-0.0432,1994,-0.0299,3,2,1,2,4,False
63,1997,-0.0216,1998,-0.0241,3,2,1,2,-1,False
64,2011,-0.0355,1995,-0.0243,3,3,1,2,16,False
65,1998,-0.0504,1998,-0.0475,3,1,1,1,0,False
66,1999,-0.0705,2000,-0.0852,2,2,1,1,-1,True
67,2005,-0.0365,2005,-0.0896,4,3,1,2,0,False
68,1994,-0.0781,1997,-0.068,4,4,1,2,-3,True
69,1993,-0.0743,1993,-0.0534,5,3,0,2,0,True
70,2007,-0.053,2000,-0.0513,3,2,1,2,7,True
71,1995,-0.077,1995,-0.0545,3,2,2,2,0,True
72,1997,-0.0853,1997,-0.0612,4,2,1,1,0,True
73,2003,-0.0565,1997,-0.0913,3,2,1,2,6,True
74,1996,-0.0764,2001,-0.0754,3,3,1,2,-5,True
75,2001,-0.1039,2001,-0.0902,3,2,1,2,0,True
76,1999,-0.1484,1999,-0.129,4,2,1,2,0,True
77,1999,-0.1207,2000,-0.0883,3,2,1,2,-1,True
78,2001,-0.1507,2003,-0.1468,4,2,1,2,-2,True
79,1999,-0.1813,2000,-0.1358,3,2,1,2,-1,True
80,2003,-0.1482,2002,-0.1752,2,2,1,2,1,True
81,1996,-0.2862,1998,-0.2822,4,2,1,2,-2,True
82,1999,-0.2543,2004,-0.2149,3,2,1,2,-5,True
83,2002,-0.2225,2001,-0.3192,2,2,1,2,1,True
84,2003,-0.2135,2003,-0.2253,3,2,1,2,0,True
85,2003,-0.1595,2002,-0.2055,3,2,1,2,1,True
86,2004,-0.0858,2002,-0.133,2,1,1,1,2,True
87,2002,-0.0853,2003,-0.0513,3,2,1,2,-1,True
88,2002,-0.1753,2002,-0.1168,3,2,1,2,0,True
89,2002,-0.1224,2003,-0.2284,2,2,1,2,-1,True
90,2002,-0.1336,1995,-0.2069,3,2,1,1,7,True
91,1994,-0.1152,1995,-0.071,4,2,1,1,-1,True
92,1997,-0.2012,2001,-0.15,4,2,1,2,-4,True
93,1996,-0.1402,1994,-0.1121,4,1,1,1,2,True
94,1994,-0.0494,1995,-0.0209,3,1,1,2,-1,False
95,1999,-0.1035,2004,-0.119,2,2,1,1,-5,True
96,1999,-0.1001,2012,-0.0885,2,2,2,1,-13,True
97,2000,-0.1577,2008,-0.1379,2,2,1,2,-8,True
98,2001,-0.0926,2000,-0.0948,2,2,1,2,1,True
99,2006,-0.1274,2008,-0.1137,2,2,1,1,-2,True
100,2003,-0.0816,2000,-0.1254,4,3,1,1,3,True
101,1992,-0.0727,2009,-0.0357,4,3,1,2,-17,False
102,1998,-0.125,1999,-0.1291,3,1,1,2,-1,True
103,1996,-0.2421,2003,-0.1298,3,2,1,2,-7,True
104,2002,-0.129,2003,-0.1089,4,2,1,2,-1,True
105,2004,-0.0771,2008,-0.0647,4,2,1,1,-4,True
106,2000,-0.1414,2004,-0.1023,3,2,1,2,-4,True
107,2011,-0.1025,2006,-0.0838,4,1,1,2,5,True
108,2003,-0.1413,2002,-0.0811,2,2,1,1,1,True
109,2003,-0.1603,1993,-0.1566,2,2,1,3,10,True
110,2013,0.0173,2000,-0.054,4,2,1,2,13,False
111,2008,-0.0607,2002,-0.0134,2,2,1,2,6,False
112,2011,-0.0383,2009,-0.0631,2,2,2,1,2,False
113,2009,-0.0428,2009,-0.1168,4,2,1,2,0,False
114,2010,-0.0672,2010,-0.0464,4,1,1,1,0,False
115,2007,-0.0289,2011,-0.0232,4,3,0,3,-4,False
116,1993,0.3183,1993,0.3002,2,1,0,1,0,True
117,1993,0.2699,1993,0.3038,1,1,0,1,0,True
118,1993,0.4267,1993,0.5001,3,1,1,1,0,True
119,1999,0.3987,1999,0.4811,2,1,1,1,0,True
120,2002,0.2381,2002,0.3136,2,2,1,2,0,True
121,2001,0.2504,2001,0.1997,2,2,1,1,0,True
122,1999,0.3875,1999,0.4825,3,1,1,1,0,True
123,1997,0.2403,1997,0.2312,2,1,1,1,0,True
124,1997,0.1935,1997,0.2309,1,1,1,1,0,True
125,1997,0.1358,1997,0.0766,2,1,1,1,0,True
126,1995,0.0993,1995,0.0714,4,1,1,1,0,True
127,1997,0.0626,1995,0.0541,2,2,1,2,2,True
128,2007,0.0302,2005,0.0139,2,1,1,1,2,False
129,2012,-0.0253,2005,-0.0302,3,3,1,2,7,False
130,2000,0.0137,2003,0.0202,4,1,0,1,-3,False
131,2013,-0.0677,1999,-0.0779,4,3,1,2,14,True
132,2010,-0.1344,2010,-0.0911,2,2,1,1,0,True
133,1997,-0.1367,2009,-0.0869,3,2,2,2,-12,True
134,2001,-0.1389,2001,-0.0997,2,2,2,1,0,True
135,2005,-0.1656,2005,-0.1832,3,2,1,2,0,True
136,2001,-0.1124,2002,-0.1827,4,3,1,1,-1,True
137,2002,-0.2504,2001,-0.3511,2,2,1,2,1,True
138,2007,-0.1886,1997,-0.1996,3,2,1,2,10,True
139,2001,-0.1814,1998,-0.0833,3,2,1,1,3,True
140,1995,-0.2384,1995,-0.184,2,2,2,2,0,True
141,1995,-0.1478,1997,-0.0961,3,2,1,1,-2,True
142,1999,-0.1858,1998,-0.1707,3,2,1,2,1,True
143,2002,-0.061,2002,-0.0968,2,1,1,2,0,True
144,2002,-0.1007,2001,-0.088,3,2,1,3,1,True
145,2008,-0.0533,1999,-0.1188,5,2,2,2,9,True
146,2000,-0.0933,1999,-0.0723,2,2,1,2,1,True
147,2002,-0.1477,2000,-0.177,3,2,1,2,2,True
148,2002,-0.2823,2003,-0.1481,2,1,1,2,-1,True
149,2002,-0.2973,2000,-0.3092,2,2,1,2,2,True
150,1996,-0.1297,1995,-0.1338,6,2,1,2,1,True
151,1992,-0.0628,2001,-0.1422,4,3,0,2,-9,True
152,1993,-0.1136,1994,-0.1321,4,2,1,1,-1,True
153,1999,-0.0623,1999,-0.1192,3,3,2,2,0,True
154,2003,-0.0706,2000,-0.0591,3,1,1,1,3,True
155,2001,-0.1323,1999,-0.1366,3,1,1,3,2,True
156,2002,-0.1418,2001,-0.1233,3,2,1,2,1,True
157,1999,-0.1373,2000,-0.2399,5,3,1,2,-1,True
158,2015,-0.1171,1999,-0.1287,4,2,1,3,16,True
159,1999,-0.1965,2001,-0.1547,4,2,1,2,-2,True
160,2002,-0.1077,1998,-0.1261,4,2,1,3,4,True
161,2007,-0.1695,1998,-0.1825,2,2,2,3,9,True
162,1992,-0.1176,1993,-0.1447,4,2,1,2,-1,True
163,2003,0.0053,1994,-0.0605,5,3,0,2,9,False
164,1990,-0.0281,2003,-0.0327,5,2,0,2,-13,False
165,1994,-0.156,2003,-0.1214,4,2,1,2,-9,True
166,2003,-0.1035,1992,-0.073,4,2,1,2,11,True
167,2002,-0.113,2003,-0.1198,2,2,2,2,-1,True
168,1998,-0.1064,1996,-0.0435,5,1,1,1,2,False
169,1997,-0.1122,1997,-0.1773,4,2,1,2,0,True
170,1994,-0.081,1997,-0.0673,4,2,1,3,-3,True
171,2010,-0.0508,2000,-0.1099,4,3,1,2,10,True
172,2009,0.0133,1995,-0.0753,4,2,1,1,14,False
173,1997,-0.0612,2017,0.0214,5,2,1,3,-20,False
174,2012,0.0361,2011,0.0154,3,3,1,3,1,False
175,2009,0.0192,2009,0.0316,5,2,1,3,0,False
176,2003,-0.0274,1997,-0.0304,4,2,1,2,6,False
177,1997,-0.0337,1997,-0.0267,2,2,2,1,0,False
178,1998,-0.0392,1998,-0.0371,3,3,1,2,0,False
179,1995,-0.0241,1995,-0.0178,4,3,1,2,0,False
180,1999,-0.0383,2001,-0.0332,3,2,1,2,-2,False
181,1997,-0.0397,1997,-0.0152,2,2,1,2,0,False
182,1994,-0.0724,1998,-0.0593,3,2,2,2,-4,True
183,1994,-0.0538,1993,-0.0482,6,1,1,2,1,False
184,1992,-0.0408,1995,-0.0447,4,3,0,2,-3,False
185,1996,-0.0606,1997,-0.0491,4,2,1,2,-1,False
186,1997,-0.0725,1998,-0.0668,3,1,1,2,-1,True
187,1999,-0.0882,1999,-0.0637,3,2,1,2,0,True
188,1996,-0.0949,1998,-0.1259,4,1,1,2,-2,True
189,1998,-0.0607,1999,-0.0625,3,2,1,2,-1,True
190,1997,-0.1383,1998,-0.1472,3,2,1,2,-1,True
191,1997,-0.1761,1999,-0.1175,4,1,1,2,-2,True
192,1997,-0.1645,1999,-0.1499,4,2,1,2,-2,True
193,1996,-0.2419,2000,-0.1944,4,3,1,2,-4,True
194,2001,-0.1423,2000,-0.2044,3,2,1,2,1,True
195,2002,-0.1584,2000,-0.1899,3,2,1,2,2,True
196,2003,-0.1653,2002,-0.1565,2,1,1,2,1,True
197,2000,-0.141,2003,-0.1159,3,3,1,2,-3,True
198,1999,-0.2568,2003,-0.2117,3,2,1,2,-4,True
199,2003,-0.2525,2003,-0.2236,3,2,1,2,0,True
200,2010,-0.0808,2004,-0.0964,3,2,1,2,6,True
201,1999,-0.0873,1999,-0.1228,2,2,1,1,0,True
202,2002,-0.061,2003,-0.0498,3,2,1,2,-1,False
203,2012,0.0232,1992,-0.1058,3,2,0,1,20,False
204,2002,-0.1724,2001,-0.0653,2,2,1,3,1,True
205,1995,-0.1681,2002,-0.1143,3,2,1,2,-7,True
206,1994,-0.1569,1994,-0.073,3,2,2,2,0,True
207,2006,-0.1026,2003,-0.0674,3,2,1,2,3,True
208,1996,-0.1007,1995,-0.0604,5,1,1,1,1,True
209,2005,0.0111,1999,0.0313,3,2,1,3,6,False
210,2013,-0.0517,1995,-0.0624,4,2,1,3,18,True
211,2013,-0.1189,2003,-0.0627,3,2,1,3,10,True
212,2012,-0.0523,2000,-0.0541,5,1,0,2,12,True
213,2008,-0.1039,2002,-0.0804,3,2,1,1,6,True
214,2006,-0.0759,2004,-0.1095,3,1,1,2,2,True
215,2007,-0.0473,2003,-0.0176,5,2,1,1,4,False
216,2013,-0.094,2008,-0.1176,3,2,1,3,5,True
217,1999,-0.136,1999,-0.1862,2,1,1,2,0,True
218,1998,0.0002,2010,-0.0229,3,2,0,1,-12,False
219,1991,-0.049,2008,-0.0711,2,2,0,2,-17,False
220,2008,-0.0521,1996,-0.1276,5,2,1,2,12,True
221,1999,-0.1196,1999,-0.1301,2,2,1,2,0,True
222,2000,-0.093,2002,-0.0965,3,2,1,2,-2,True
223,1991,-0.0865,1999,-0.0647,5,3,0,3,-8,True
224,2001,-0.1081,1992,-0.1072,4,3,1,2,9,True
225,1991,-0.1108,1993,-0.1518,4,3,0,3,-2,True
226,2018,0.0095,1998,-0.0262,5,3,0,2,20,False
227,2000,-0.0446,2009,-0.1025,2,2,1,2,-9,False
228,2011,-0.0743,2003,-0.1212,3,2,1,2,8,True
229,2013,-0.0203,2013,-0.0406,6,2,0,2,0,False
230,2008,-0.0736,2012,-0.0453,3,2,1,2,-4,False
231,1993,0.188,1993,0.1475,3,1,0,1,0,True
232,1989,0.1504,1991,0.1166,1,1,0,0,-2,True
233,1993,0.2845,1993,0.3161,1,1,0,1,0,True
234,1995,0.4245,1997,0.4687,3,2,1,2,-2,True
235,1999,0.29,1999,0.2409,3,2,1,2,0,True
236,1999,0.212,1995,0.2162,3,2,1,2,4,True
237,1995,0.2808,1999,0.2234,2,1,1,1,-4,True
238,1997,0.0714,1993,0.0311,1,1,1,2,4,False
239,1997,0.1119,1997,0.0445,1,1,1,1,0,False
240,1996,0.0078,1999,0.0052,1,1,0,0,-3,False
241,1996,0.1125,1996,0.1327,2,1,1,1,0,True
242,1996,0.2265,1996,0.3715,2,1,1,1,0,True
243,1994,0.0419,1994,0.0231,2,1,1,1,0,False
244,2012,-0.0354,2017,-0.0319,4,2,0,0,-5,False
245,2016,0.0061,2004,0.0064,3,0,0,1,12,False
246,2000,-0.0176,2018,-0.0244,3,2,0,2,-18,False
247,2016,-0.1168,1997,-0.1185,3,2,2,2,19,True
248,1997,-0.0516,2001,-0.1711,3,1,1,2,-4,True
249,2008,-0.2829,1997,-0.2972,3,2,2,2,11,True
250,2001,-0.2291,1997,-0.2821,3,2,2,2,4,True
251,2005,-0.1186,2007,-0.1679,3,1,1,1,-2,True
252,1999,-0.1165,1998,-0.1351,3,1,1,3,1,True
253,1999,-0.1398,1994,-0.1434,4,2,1,1,5,True
254,2001,-0.1964,1995,-0.1286,2,2,1,3,6,True
255,2003,-0.1425,1995,-0.1565,4,2,1,2,8,True
256,1995,-0.1583,1994,-0.0829,3,2,1,1,1,True
257,1995,-0.0344,1995,-0.0805,3,3,1,2,0,False
258,2016,0.0009,1994,-0.0467,3,3,0,3,22,False
259,2000,-0.1056,1999,-0.095,3,2,1,2,1,True
260,1991,-0.0275,1995,-0.0385,5,1,0,1,-4,False
261,2000,-0.0641,1997,-0.1499,2,1,1,2,3,True
262,2000,-0.1411,2000,-0.1197,3,2,1,3,0,True
263,2001,-0.5474,2001,-0.5469,2,2,1,2,0,True
264,1997,-0.4663,2000,-0.4598,3,2,1,2,-3,True
265,1997,-0.2717,1998,-0.2118,3,2,1,2,-1,True
266,2009,0.0063,1994,-0.0438,2,2,2,2,15,False
267,1999,-0.0404,1995,-0.1246,4,1,1,2,4,False
268,2000,-0.1537,2000,-0.0904,3,2,1,2,0,True
269,2001,-0.1416,2001,-0.1887,2,2,1,2,0,True
270,2001,-0.1473,2000,-0.173,3,1,1,2,1,True
271,2002,-0.103,2001,-0.1058,3,3,2,2,1,True
272,2008,-0.1097,1998,-0.2547,3,2,2,2,10,True
273,2001,-0.1418,2001,-0.1401,4,2,1,2,0,True
274,1998,-0.2043,2001,-0.2422,3,2,1,2,-3,True
275,1998,-0.2381,2000,-0.2931,4,2,1,2,-2,True
276,2001,-0.2491,2002,-0.1987,4,2,1,2,-1,True
277,2005,-0.1376,2002,-0.1267,3,2,2,2,3,True
278,2005,-0.1202,2003,-0.1179,3,2,1,2,2,True
279,1997,-0.1049,2000,-0.0988,3,2,1,2,-3,True
280,1996,-0.1308,1996,-0.1439,6,1,1,2,0,True
281,2005,-0.1222,2003,-0.085,4,2,1,2,2,True
282,2002,-0.1934,2003,-0.1459,2,2,1,2,-1,True
283,1997,-0.2948,2002,-0.184,4,2,1,2,-5,True
284,2000,-0.1483,1998,-0.2565,5,2,1,2,2,True
285,1992,-0.1187,1992,-0.0745,3,2,0,2,0,True
286,1992,-0.1756,2017,0.0509,4,3,0,2,-25,True
287,2018,0.0174,2018,0.0249,3,2,0,2,0,False
288,2014,0.0106,2011,-0.0004,4,2,0,2,3,False
289,2012,0.0382,2015,0.0317,4,2,1,2,-3,False
290,2002,0.021,2003,0.0349,2,2,1,2,-1,False
291,2010,0.0071,2011,0.0082,4,1,1,3,-1,False
292,1998,-0.0337,1997,-0.0178,2,1,1,1,1,False
293,1997,-0.0626,1997,-0.04,2,2,1,2,0,False
294,1996,-0.0449,1995,-0.0287,5,1,1,1,1,False
295,1995,-0.0313,2010,0.0017,3,2,1,2,-15,False
296,1992,-0.0186,1997,-0.0345,3,3,1,2,-5,False
297,1998,-0.0501,1997,-0.0473,5,2,1,2,1,False
298,1994,-0.032,2007,0.0018,4,2,1,2,-13,False
299,1993,-0.0433,2006,-0.0028,3,2,1,2,-13,False
300,1992,-0.0264,2011,0.0069,4,1,1,2,-19,False
301,1997,-0.056,1998,-0.0535,3,2,1,1,-1,True
302,1999,-0.1068,1998,-0.0858,3,2,1,2,1,True
303,1998,-0.1268,2000,-0.1087,3,2,1,2,-2,True
304,2000,-0.1074,2000,-0.0936,3,2,1,2,0,True
305,2003,-0.0639,1998,-0.1068,3,2,1,2,5,True
306,1999,-0.1461,2000,-0.1052,3,2,1,3,-1,True
307,2000,-0.1408,2001,-0.1088,4,2,1,2,-1,True
308,2007,-0.208,1996,-0.2111,3,2,2,2,11,True
309,2007,-0.2633,2001,-0.2639,3,2,1,2,6,True
310,2000,-0.1956,2002,-0.1297,4,2,1,3,-2,True
311,1997,-0.1645,2003,-0.0817,3,2,2,2,-6,True
312,1999,-0.2207,2000,-0.2037,4,3,1,2,-1,True
313,2003,-0.3392,2003,-0.3033,3,2,1,2,0,True
314,2003,-0.3704,2003,-0.3532,2,2,1,1,0,True
315,1994,-0.1406,1991,-0.1002,4,1,1,1,3,True
316,2001,-0.0964,1996,-0.1325,4,2,1,3,5,True
317,2002,-0.0706,2003,-0.0289,4,3,1,1,-1,False
318,2001,-0.0563,1999,-0.0979,5,2,1,2,2,True
319,1995,-0.0631,1995,-0.0417,4,1,1,2,0,False
320,1999,-0.1481,1996,-0.167,3,2,1,2,3,True
321,1995,-0.164,1995,-0.152,3,1,1,1,0,True
322,2012,-0.1056,2004,-0.1464,5,2,0,2,8,True
323,2012,-0.0575,2011,-0.056,2,2,1,2,1,True
324,2016,-0.0169,2016,-0.0573,6,3,0,2,0,False
325,2019,-0.0735,2015,-0.0261,3,3,0,3,4,False
326,2007,-0.0856,2004,-0.1246,3,2,1,2,3,True
327,2001,-0.1312,2002,-0.0941,2,2,1,2,-1,True
328,2001,-0.1011,2012,-0.1384,2,2,2,2,-11,True
329,1999,-0.0592,2002,-0.0616,2,2,1,1,-3,True
330,2008,-0.0709,2006,-0.0392,2,1,1,1,2,False
331,2000,-0.0446,2005,-0.0986,2,2,1,2,-5,False
332,2002,-0.1416,2008,-0.1,2,2,1,2,-6,True
333,1999,-0.0874,1999,-0.0502,2,2,1,2,0,True
334,2010,-0.1283,1996,-0.0944,2,2,1,2,14,True
335,1993,-0.0829,2010,-0.0827,4,2,0,2,-17,True
336,1997,-0.1103,2006,-0.1333,3,2,1,2,-9,True
337,1998,-0.0669,1999,-0.1017,4,2,1,2,-1,True
338,2012,-0.0869,2012,-0.0954,3,2,2,2,0,True
339,1993,-0.1258,1994,-0.1649,5,2,2,3,-1,True
340,1998,-0.1008,1997,-0.0664,3,2,1,2,1,True
341,1998,-0.0521,1998,-0.0541,5,2,1,1,0,True
342,2011,-0.08,2009,-0.1014,4,2,1,1,2,True
343,2011,-0.0809,2006,-0.13,3,1,1,2,5,True
344,2001,0.0169,1991,-0.052,3,2,1,3,10,False
345,2008,-0.0982,2010,-0.0165,2,1,1,3,-2,False
346,2011,0.1257,2011,0.1152,2,1,0,1,0,True
347,1989,0.0442,2019,0.0301,0,0,0,0,-30,False
348,1993,0.1917,1993,0.1715,2,1,1,1,0,True
349,1993,0.206,1999,0.2276,2,2,1,2,-6,True
350,2002,0.1372,2006,0.1554,2,2,1,2,-4,True
351,1995,0.281,1999,0.2588,3,1,1,2,-4,True
352,1995,0.2291,1995,0.2799,2,1,1,1,0,True
353,1997,0.0742,1997,0.1294,3,2,0,1,0,True
354,1993,0.0173,1997,0.0187,3,1,0,1,-4,False
355,1997,0.0501,1997,0.0407,1,1,1,1,0,False
356,1996,0.1658,1996,0.0985,3,2,1,2,0,True
357,1996,0.1652,1999,0.134,2,2,1,2,-3,True
358,2012,-0.042,2012,-0.0443,3,3,0,2,0,False
359,2007,-0.0482,1990,0.0246,3,2,1,2,17,False
360,2016,0.0139,2003,0.0058,4,2,0,1,13,False
361,2007,-0.0167,2006,-0.0157,2,1,1,1,1,False
362,2008,0.0379,2008,0.0404,1,1,0,2,0,False
363,2014,-0.0272,2012,0.0009,4,1,0,1,2,False
364,2003,-0.2333,1998,-0.1569,3,1,1,2,5,True
365,2006,-0.2458,2013,-0.1725,4,2,1,2,-7,True
366,2011,-0.0605,2003,-0.0826,3,3,1,1,8,True
367,1995,-0.0237,1995,-0.0539,3,2,0,1,0,False
368,1995,-0.1193,1998,-0.0963,3,2,1,1,-3,True
369,1999,-0.2463,2002,-0.2945,2,1,1,2,-3,True
370,2001,-0.274,2001,-0.2098,2,1,1,2,0,True
371,2003,-0.0866,1998,-0.0396,4,2,1,2,5,False
372,2015,0.0015,2012,0.0036,3,2,0,4,3,False
373,1998,-0.094,1999,-0.0955,3,2,1,2,-1,True
374,1993,-0.0327,1997,-0.0284,4,3,1,2,-4,False
375,1999,-0.0416,1994,-0.0237,1,1,1,1,5,False
376,1991,-0.0407,1995,-0.0533,4,3,0,2,-4,False
377,1995,-0.0552,2007,-0.0219,5,1,1,2,-12,False
378,2001,-0.2071,2001,-0.1864,3,2,1,2,0,True
379,1996,-0.133,1997,-0.0683,3,1,1,1,-1,True
380,2002,-0.1937,2002,-0.1418,2,2,2,2,0,True
381,2003,-0.1512,2002,-0.1259,4,2,1,2,1,True
382,2015,-0.0751,2001,-0.1235,4,2,1,2,14,True
383,2009,-0.1773,2001,-0.1288,3,2,1,2,8,True
384,2002,-0.1196,2002,-0.1609,3,2,2,2,0,True
385,1996,-0.1064,2001,-0.1068,3,3,1,2,-5,True
386,1996,-0.1543,2001,-0.1626,4,2,1,3,-5,True
387,1996,-0.1528,1997,-0.1561,4,2,1,2,-1,True
388,2008,-0.0958,2000,-0.1472,4,2,1,3,8,True
389,2000,-0.1413,2000,-0.2092,3,1,1,2,0,True
390,1999,-0.2316,2000,-0.2394,3,2,1,3,-1,True
391,2001,-0.2018,1999,-0.1327,2,2,1,2,2,True
392,1998,-0.2661,2001,-0.1783,3,3,1,2,-3,True
393,2002,-0.0325,2003,-0.0535,2,1,1,1,-1,False
394,1998,-0.097,2003,-0.0711,2,2,1,2,-5,True
395,2004,-0.0757,2003,-0.073,5,2,1,2,1,True
396,2006,-0.0912,2003,-0.0537,3,1,1,1,3,True
397,2002,-0.0754,1999,-0.046,3,1,1,3,3,False
398,2000,-0.2086,1999,-0.2115,2,2,1,2,1,True
399,1999,-0.1014,1999,-0.1697,3,2,1,2,0,True
400,1995,-0.1334,1996,-0.0909,3,2,1,1,-1,True
401,1995,-0.1056,1996,-0.1385,4,2,1,1,-1,True
402,1994,-0.0626,1994,-0.1022,5,1,0,2,0,True
403,1994,-0.139,1993,-0.0697,4,2,1,2,1,True
404,2010,0.0572,2012,0.079,4,3,1,2,-2,True
405,2008,0.0255,2006,0.011,3,1,1,3,2,False
406,2012,0.0014,2010,0.0052,3,2,0,2,2,False
407,2007,0.0173,2007,0.0056,3,3,1,2,0,False
408,1997,-0.0281,1997,-0.039,2,2,1,1,0,False
409,1999,-0.0417,1995,-0.0215,4,2,1,1,4,False
410,1994,-0.0308,2004,-0.0056,4,1,1,2,-10,False
411,1995,-0.0417,1998,-0.0397,3,2,1,2,-3,False
412,1994,-0.0391,1996,-0.0341,4,1,1,1,-2,False
413,1995,-0.0311,2003,-0.0092,4,2,1,2,-8,False
414,1995,-0.0215,1993,-0.0112,4,1,1,2,2,False
415,2004,-0.0473,1998,-0.0365,4,2,1,2,6,False
416,1994,-0.0583,1997,-0.055,4,4,1,2,-3,True
417,1997,-0.1032,2001,-0.0633,4,2,1,2,-4,True
418,1998,-0.0993,1998,-0.0872,3,2,1,2,0,True
419,2000,-0.0845,1999,-0.1051,4,2,1,2,1,True
420,2001,-0.147,1998,-0.1046,3,2,1,2,3,True
421,1997,-0.2495,1998,-0.1623,3,2,1,2,-1,True
422,1998,-0.2101,2001,-0.1633,3,2,1,2,-3,True
423,2001,-0.1468,2000,-0.1821,3,2,1,2,1,True
424,2002,-0.2181,2001,-0.1469,3,1,1,2,1,True
425,2002,-0.2268,2001,-0.2026,2,1,1,2,1,True
426,2002,-0.1601,2003,-0.205,3,2,1,2,-1,True
427,1998,-0.2614,1999,-0.2975,3,1,1,2,-1,True
428,1996,-0.3421,2001,-0.3241,4,2,2,2,-5,True
429,2009,-0.1799,2000,-0.2269,3,2,2,2,9,True
430,2004,-0.1285,1998,-0.1668,3,2,1,2,6,True
431,2002,-0.0656,1999,-0.1067,3,2,1,2,3,True
432,2001,-0.1287,2003,-0.0729,3,2,1,2,-2,True
433,1996,-0.0534,1995,-0.0402,5,1,1,2,1,False
434,2008,0.005,1992,-0.0515,4,2,0,3,16,False
435,2015,-0.0292,2004,-0.0284,4,2,0,2,11,False
436,1999,-0.2511,1999,-0.1463,3,2,1,2,0,True
437,1999,-0.2256,1999,-0.2153,3,2,1,2,0,True
438,2016,-0.136,1997,-0.1315,5,2,2,2,19,True
439,1998,-0.122,1998,-0.1364,3,2,1,2,0,True
440,1992,-0.0874,2002,-0.0689,4,3,1,2,-10,True
441,2003,-0.0934,2004,-0.108,3,1,1,1,-1,True
442,2007,-0.0649,2002,-0.0501,4,3,1,2,5,True
443,2000,-0.1033,2003,-0.0403,3,2,1,2,-3,False
444,1998,-0.1489,1994,-0.223,4,2,1,1,4,True
445,2008,-0.1523,2008,-0.1293,2,2,1,2,0,True
446,2007,-0.0763,1996,-0.1387,4,1,1,2,11,True
447,2002,-0.1894,1999,-0.1503,3,2,1,2,3,True
448,2000,-0.1195,1996,-0.0912,2,2,1,2,4,True
449,2011,-0.1341,1999,-0.1047,3,2,1,2,12,True
450,2011,-0.0811,2012,-0.0642,2,2,1,1,-1,True
451,2012,-0.1007,2012,-0.0873,2,2,1,2,0,True
452,2006,-0.0658,1991,-0.0513,4,2,1,1,15,True
453,1995,-0.0682,2012,-0.046,3,2,1,1,-17,False
454,1998,-0.1282,1998,-0.1046,3,2,1,2,0,True
455,1999,-0.114,1999,-0.0781,4,2,1,2,0,True
456,2014,-0.0715,1999,-0.0512,4,2,1,2,15,True
457,2014,-0.0509,2009,-0.1307,4,2,1,1,5,True
458,2010,-0.0317,2019,-0.0305,3,2,2,3,-9,False
459,2000,0.0272,2006,-0.0051,4,3,0,3,-6,False
460,2000,0.0388,2002,0.0394,3,2,0,1,-2,False
461,2011,0.1264,2018,0.1168,1,0,0,0,-7,True
462,2000,0.0071,2007,0.0161,2,0,0,0,-7,False
463,2001,0.0261,1999,0.0144,2,2,1,1,2,False
464,2004,0.0667,2003,0.064,2,1,1,2,1,True
465,1999,0.1198,2008,0.0946,3,2,1,2,-9,True
466,1993,0.4639,1993,0.562,2,2,1,2,0,True
467,1993,0.2684,1993,0.2989,2,1,0,1,0,True
468,1997,0.1225,1993,0.0881,3,1,0,3,4,True
469,1997,0.1127,1997,0.1276,1,1,1,1,0,True
470,1997,0.1396,1997,0.0849,2,1,0,1,0,True
471,1998,0.1155,1998,0.0488,2,2,1,1,0,False
472,1998,0.0212,1999,0.012,3,1,0,1,-1,False
473,2005,-0.0313,2007,-0.0284,2,1,1,1,-2,False
474,1992,0.0076,1997,0.0097,3,1,0,1,-5,False
475,2006,0.004,2007,0.0024,2,2,1,2,-1,False
476,1992,0.0059,2004,0.0014,1,1,0,1,-12,False
477,2015,0.029,1992,-0.0308,5,1,0,1,23,False
478,1995,-0.0121,1996,-0.0354,2,1,0,1,-1,False
479,2003,-0.1775,2001,-0.1675,3,2,1,2,2,True
480,2007,-0.1351,2001,-0.1296,2,1,1,2,6,True
481,2008,-0.1789,2008,-0.1931,4,3,1,1,0,True
482,2001,-0.0275,1994,-0.0299,4,2,1,3,7,False
483,1995,-0.055,1994,-0.0272,2,1,1,2,1,False
484,2002,-0.2313,2015,-0.2163,3,2,2,2,-13,True
485,2002,-0.2314,2001,-0.2546,3,1,1,1,1,True
486,2000,-0.0394,1995,-0.0405,4,2,0,1,5,False
487,1992,-0.1184,1992,-0.0802,3,3,0,2,0,True
488,2018,-0.0006,2001,-0.0628,4,2,0,2,17,False
489,1997,-0.0614,1999,-0.136,3,2,1,2,-2,True
490,1998,-0.078,1998,-0.0421,2,2,1,2,0,False
491,1994,-0.112,1999,-0.0605,3,2,1,3,-5,True
492,1994,-0.1349,2018,-0.0125,3,2,1,3,-24,False
493,1996,-0.1214,1996,-0.1332,4,1,1,1,0,True
494,2004,-0.078,2002,-0.142,3,2,1,2,2,True
495,2002,-0.104,2002,-0.0696,2,2,1,2,0,True
496,2004,-0.0679,1995,-0.1548,3,2,1,2,9,True
497,2010,-0.1735,2014,-0.0957,3,3,1,2,-4,True
498,2008,-0.1049,1994,-0.067,3,2,1,2,14,True
499,2003,-0.0669,2001,-0.0438,3,2,1,1,2,False
500,2001,-0.1286,2001,-0.118,3,2,1,2,0,True
501,1994,-0.2123,1999,-0.1309,3,2,1,2,-5,True
502,2002,-0.2225,2001,-0.236,4,2,1,2,1,True
503,1999,-0.1533,1999,-0.18,3,2,1,3,0,True
504,1999,-0.1656,2001,-0.0974,3,1,1,1,-2,True
505,2001,-0.1269,2000,-0.151,2,2,1,1,1,True
506,2000,-0.0795,1999,-0.1133,3,2,1,2,1,True
507,1996,-0.079,1999,-0.121,4,2,1,2,-3,True
508,2001,-0.1147,2003,-0.0757,4,2,1,2,-2,True
509,1996,-0.093,2002,-0.1362,3,2,1,2,-6,True
510,2005,-0.0404,2003,-0.0921,4,1,1,1,2,False
511,2005,-0.0694,2002,-0.0881,5,2,1,2,3,True
512,1994,-0.0479,2003,-0.0958,3,2,1,2,-9,False
513,1997,-0.1066,1996,-0.1145,3,2,1,3,1,True
514,1996,-0.0444,1997,-0.0499,5,1,1,1,-1,False
515,2013,0.0068,2014,0.0215,3,3,0,2,-1,False
516,1998,-0.0269,1994,-0.0325,3,2,1,3,4,False
517,2019,-0.0468,1990,-0.0519,5,1,0,3,29,False
518,2015,-0.0133,2005,-0.0144,4,2,0,2,10,False
519,2010,0.0261,2010,0.0465,3,2,2,2,0,False
520,1994,-0.0144,1998,-0.0085,3,2,1,2,-4,False
521,2010,0.0148,1994,-0.0109,3,3,1,2,16,False
522,1994,-0.0136,1997,-0.0121,4,3,0,1,-3,False
523,1999,-0.0193,1996,-0.0158,3,2,1,1,3,False
524,1996,-0.0389,1997,-0.0362,3,2,1,1,-1,False
525,2012,0.0009,1995,-0.0354,4,2,2,1,17,False
526,1996,-0.0265,2000,-0.0271,2,2,1,2,-4,False
527,1997,-0.0537,2002,-0.0343,4,2,1,2,-5,False
528,2006,-0.0288,1997,-0.0418,3,2,1,1,9,False
529,1995,-0.0477,1992,-0.0309,4,1,1,2,3,False
530,2009,-0.0302,2010,-0.0205,3,2,1,2,-1,False
531,1996,-0.0913,1998,-0.0496,3,2,1,2,-2,False
532,2002,-0.093,1999,-0.1226,3,2,1,2,3,True
533,2002,-0.0905,2000,-0.1142,3,2,1,2,2,True
534,1999,-0.2181,1999,-0.1639,3,2,1,2,0,True
535,2001,-0.0844,1997,-0.076,2,2,1,2,4,True
536,1997,-0.127,1997,-0.142,3,2,1,2,0,True
537,2000,-0.2382,2000,-0.2476,3,2,1,2,0,True
538,2007,-0.1615,2002,-0.0718,3,2,1,2,5,True
539,2004,-0.1874,2003,-0.1563,3,2,1,2,1,True
540,2002,-0.1541,2002,-0.1027,3,2,1,2,0,True
541,2001,-0.2405,1999,-0.1719,3,1,1,2,2,True
542,2000,-0.1978,1999,-0.1644,3,2,1,2,1,True
543,1998,-0.2857,1999,-0.3484,3,3,1,2,-1,True
544,2004,-0.1767,1998,-0.2567,3,2,1,2,6,True
545,1998,-0.1233,1999,-0.0956,4,2,1,2,-1,True
546,2012,0.0149,1995,-0.0405,5,2,0,1,17,False
547,2014,0.0101,2012,0.0183,3,2,0,3,2,False
548,2017,0.0163,2014,0.0073,4,2,0,2,3,False
549,1996,-0.049,1995,-0.0293,4,2,1,2,1,False
550,1997,-0.0898,2002,-0.1251,3,2,1,2,-5,True
551,2000,-0.2562,1999,-0.3239,3,2,1,2,1,True
552,1998,-0.152,2000,-0.2166,2,2,1,2,-2,True
553,2000,-0.1701,1999,-0.2325,3,2,1,2,1,True
554,1998,-0.2524,1998,-0.1535,3,2,1,1,0,True
555,1995,-0.0812,2002,-0.0793,3,3,1,2,-7,True
556,1995,-0.2385,2001,-0.1877,3,2,1,2,-6,True
557,1995,-0.2356,1998,-0.2308,4,2,1,2,-3,True
558,1998,-0.1816,1998,-0.167,3,2,1,2,0,True
559,1997,-0.2508,1998,-0.1752,3,2,1,2,-1,True
560,1999,-0.187,1998,-0.172,2,2,2,2,1,True
561,2008,-0.1486,2010,-0.1609,4,2,1,2,-2,True
562,2001,-0.1966,1999,-0.2001,3,2,1,1,2,True
563,1998,-0.1326,1999,-0.168,3,2,2,2,-1,True
564,1997,-0.1595,1997,-0.1422,2,2,1,2,0,True
565,2006,-0.1421,2005,-0.1066,4,2,1,2,1,True
566,2008,-0.0755,2012,-0.0797,3,2,2,2,-4,True
567,2001,0.0129,2012,-0.0425,6,0,0,2,-11,False
568,1999,-0.0418,2016,-0.0769,2,2,1,2,-17,False
569,1999,-0.0518,2010,-0.0805,3,2,1,1,-11,True
570,2000,-0.0893,1999,-0.0745,2,2,1,2,1,True
571,1999,-0.0732,1999,-0.0818,4,2,1,3,0,True
572,2001,-0.1018,2001,-0.0917,4,2,1,2,0,True
573,1997,-0.1727,1992,-0.1316,3,2,1,3,5,True
574,2006,-0.0729,2006,-0.079,4,2,1,2,0,True
575,2001,0.0364,2010,-0.0023,6,2,0,3,-9,False
576,2000,0.02,2000,0.015,0,0,0,0,0,False
577,1992,-0.0518,1995,-0.0182,2,1,0,0,-3,False
578,1995,-0.0081,2011,0.003,3,1,0,1,-16,False
579,1995,-0.047,2016,-0.0813,2,2,2,2,-21,False
580,1993,0.1579,1999,0.1091,3,2,1,1,-6,True
581,1995,0.3687,1999,0.3375,2,2,1,2,-4,True
582,1993,0.4829,1993,0.5003,2,1,1,1,0,True
583,1991,0.2002,1991,0.2141,2,2,0,2,0,True
584,2019,0.1325,1997,0.1034,2,1,0,1,22,True
585,1991,0.0729,2019,0.0519,2,0,0,0,-28,True
586,1997,0.0724,1997,0.0817,1,1,0,1,0,True
587,1997,0.0525,1997,0.0175,1,1,1,1,0,False
588,2015,0.0063,2020,0.0117,3,2,0,1,-5,False
589,2001,0.0074,2008,0.0087,2,2,0,1,-7,False
590,2014,0.0012,2001,0.0061,0,0,0,1,13,False
591,2000,-0.0264,2001,-0.0403,3,2,1,3,-1,False
592,1994,-0.0076,1995,-0.0171,4,0,0,1,-1,False
593,2002,-0.0563,2015,-0.019,3,2,1,2,-13,False
594,2005,-0.0418,2007,-0.0197,3,2,1,1,-2,False
595,2016,0.0354,1999,0.03,3,1,0,1,17,False
596,2010,-0.0187,2010,-0.0215,2,2,0,1,0,False
597,2004,-0.1801,2000,-0.225,2,2,1,1,4,True
598,2012,-0.0771,2016,-0.0963,2,2,1,2,-4,True
599,1996,-0.0639,2013,-0.0622,4,2,1,2,-17,True
600,1996,-0.1238,2010,0.0198,5,2,1,3,-14,False
601,1998,-0.0852,1993,-0.0959,2,2,1,3,5,True
602,2000,-0.0542,2014,0.0138,3,2,1,2,-14,False
603,2015,-0.0028,2013,0.0108,5,2,0,2,2,False
604,1992,-0.0965,1998,-0.0759,3,3,0,2,-6,True
605,1998,-0.0871,1998,-0.0483,3,2,1,2,0,False
606,2014,-0.0678,2015,-0.0442,3,2,2,3,-1,False
607,2001,-0.0957,2007,-0.0788,3,2,1,2,-6,True
608,1996,-0.0729,2009,0.0022,4,3,1,3,-13,False
609,2002,-0.0769,2003,-0.0935,2,1,1,2,-1,True
610,2002,-0.0808,1990,-0.0429,3,2,1,3,12,False
611,2002,-0.1109,2002,-0.1302,3,2,1,2,0,True
612,2008,-0.1083,2008,-0.0774,3,2,1,2,0,True
613,2002,-0.0652,2010,-0.0445,2,2,1,2,-8,False
614,1993,-0.1127,2002,-0.0979,4,3,0,1,-9,True
615,2002,-0.1537,2003,-0.1073,3,2,1,2,-1,True
616,2002,-0.257,2001,-0.2359,3,2,1,2,1,True
617,2002,-0.2292,2002,-0.1902,3,2,1,2,0,True
618,2001,-0.1607,1999,-0.2769,4,2,1,2,2,True
619,2009,-0.2079,2007,-0.1804,3,2,2,2,2,True
620,2002,-0.1042,1999,-0.1298,4,2,1,2,3,True
621,2000,-0.1775,2001,-0.2241,2,2,1,2,-1,True
622,2002,-0.0579,1998,-0.0901,4,3,1,2,4,True
623,2001,-0.0667,2001,-0.0799,3,2,1,2,0,True
624,2002,-0.0722,2004,-0.079,3,2,1,2,-2,True
625,2018,0.0252,1999,-0.0485,5,3,0,1,19,False
626,2012,-0.0446,2005,-0.053,4,3,1,2,7,False
627,2014,-0.0652,1998,0.0344,4,2,1,2,16,False
628,1994,-0.0847,2002,-0.0491,6,1,1,2,-8,False
629,1993,0.0334,2005,0.0115,4,1,1,1,-12,False
630,2000,-0.0307,2013,0.006,1,1,1,2,-13,False
631,2002,-0.0526,2001,-0.0334,4,2,1,2,1,False
632,1992,0.0396,2003,-0.0088,3,2,1,1,-11,False
633,1995,0.0314,2001,0.0489,5,1,1,2,-6,False
634,2004,-0.0081,1996,0.0267,5,2,0,3,8,False
635,1994,-0.0162,1997,-0.0173,4,4,0,1,-3,False
636,1994,-0.0263,1995,-0.0217,4,2,1,3,-1,False
637,1998,-0.0322,1998,-0.0244,3,2,1,1,0,False
638,1995,-0.0256,1999,-0.0286,2,1,1,2,-4,False
639,2002,-0.0418,1999,-0.0391,3,2,1,2,3,False
640,1996,-0.0565,1996,-0.0525,3,3,1,2,0,True
641,2001,-0.0245,2001,-0.0318,2,1,1,2,0,False
642,1996,-0.0299,2001,-0.0267,4,2,1,2,-5,False
643,1995,-0.0287,1995,-0.0336,4,1,1,1,0,False
644,1994,-0.0684,1998,-0.0548,4,1,1,1,-4,True
645,1993,-0.0566,1995,-0.0469,5,2,0,3,-2,False
646,1999,-0.0709,1999,-0.0401,3,3,1,2,0,False
647,2000,-0.0793,1999,-0.0724,3,2,1,2,1,True
648,1999,-0.1098,1999,-0.1441,3,2,1,2,0,True
649,1997,-0.1902,1999,-0.1379,3,2,1,2,-2,True
650,1996,-0.1991,1999,-0.153,3,2,1,2,-3,True
651,2004,-0.1655,2004,-0.1774,2,2,1,1,0,True
652,2003,-0.1757,2004,-0.1859,2,2,1,2,-1,True
653,1992,-0.1288,2000,-0.0829,3,3,1,2,-8,True
654,2004,-0.1379,2000,-0.1559,3,2,1,2,4,True
655,2003,-0.1367,2005,-0.1519,3,2,1,2,-2,True
656,2001,-0.1433,2002,-0.1289,2,1,1,2,-1,True
657,1998,-0.1495,1999,-0.1278,4,2,1,1,-1,True
658,1999,-0.3199,1999,-0.3013,3,1,1,2,0,True
659,1999,-0.1614,2000,-0.1385,3,2,1,2,-1,True
660,2004,-0.08,1994,-0.0432,2,1,1,2,10,False
661,2015,-0.0066,2015,-0.0352,5,2,0,2,0,False
662,2000,-0.0232,1995,-0.0267,4,1,1,2,5,False
663,2002,-0.1069,1996,-0.0285,2,2,1,1,6,False
664,2002,-0.056,2005,-0.0201,2,1,1,2,-3,False
665,2000,-0.1028,1996,-0.1261,3,2,1,2,4,True
666,1997,-0.0691,2003,-0.1167,4,2,1,2,-6,True
667,1997,-0.0651,2007,-0.0015,4,1,1,2,-10,False
668,1998,-0.1226,1998,-0.1124,3,1,1,2,0,True
669,2004,-0.1204,1995,-0.2248,3,2,2,2,9,True
670,1995,-0.1661,1995,-0.2233,3,2,1,2,0,True
671,1997,-0.2628,2010,-0.1588,3,2,2,2,-13,True
672,1996,-0.2751,1995,-0.2017,3,2,1,2,1,True
673,1996,-0.2044,1997,-0.1732,3,2,1,1,-1,True
674,1998,-0.2043,1998,-0.1874,3,2,1,2,0,True
675,1997,-0.1259,1996,-0.1058,4,3,1,2,1,True
676,2001,-0.2501,2010,-0.1882,2,2,1,2,-9,True
677,2003,-0.2205,2001,-0.2053,2,2,1,2,2,True
678,1999,-0.1306,1998,-0.1606,3,2,1,2,1,True
679,1998,-0.0511,1994,-0.117,3,2,2,2,4,True
680,1998,-0.1461,1998,-0.1257,3,1,1,2,0,True
681,1994,-0.0645,1997,-0.073,3,2,1,2,-3,True
682,1998,-0.0813,1996,-0.0457,2,2,1,2,2,False
683,2003,-0.1102,2008,-0.0654,2,2,1,2,-5,True
684,2000,-0.0922,2006,-0.0339,2,1,1,3,-6,False
685,2010,-0.087,2000,-0.0942,4,2,1,2,10,True
686,2002,-0.0599,2001,-0.1222,2,2,1,3,1,True
687,2001,-0.0585,2003,-0.145,6,2,1,1,-2,True
688,2001,-0.0974,2017,0.0138,2,1,1,2,-16,False
689,2008,-0.0342,2009,-0.0207,3,2,0,2,-1,False
690,2007,-0.0798,2009,-0.0666,3,2,1,2,-2,True
691,1993,0.059,1991,0.0573,1,1,0,1,2,True
692,2008,0.007,2019,-0.0028,1,0,0,0,-11,False
693,1991,-0.0689,2005,-0.0746,3,2,1,2,-14,True
694,2001,-0.1142,2000,-0.099,3,3,1,2,1,True
695,1992,-0.0181,1995,-0.0579,6,0,0,1,-3,False
696,2008,0.0573,2001,0.1051,5,1,0,1,7,True
697,1996,0.2013,1997,0.1298,2,1,0,1,-1,True
698,2012,-0.0692,2005,-0.0169,1,1,1,0,7,False
699,2019,0.0593,2019,0.1195,0,0,0,1,0,True
700,1991,0.0676,2019,0.1189,5,0,0,1,-28,True
701,1997,0.078,2019,0.0481,4,0,0,0,-22,False
702,2019,0.029,2005,-0.0015,2,0,0,1,14,False
703,2014,0.0073,2005,-0.0044,3,2,0,1,9,False
704,2007,-0.0087,2003,0.0042,4,1,0,0,4,False
705,2001,-0.0271,1998,-0.0451,2,2,1,2,3,False
706,1997,0.0153,2003,0.0103,1,1,0,0,-6,False
707,2015,-0.0319,2012,-0.0225,3,2,1,2,3,False
708,2015,-0.0471,2015,-0.1195,3,2,1,1,0,False
709,2001,-0.0541,2014,0.0353,2,1,1,1,-13,False
710,1996,0.0041,2005,-0.0108,1,0,0,1,-9,False
711,2012,-0.0312,2012,-0.0486,4,1,0,1,0,False
712,1995,-0.1777,1998,-0.143,4,1,1,3,-3,True
713,1996,-0.1236,1997,-0.0886,3,3,1,3,-1,True
714,1993,-0.131,1996,-0.0694,4,3,0,1,-3,True
715,2009,-0.0053,1993,-0.0495,3,2,0,2,16,False
716,2002,-0.18,1995,-0.1773,4,3,1,2,7,True
717,1995,-0.1472,2006,-0.0976,4,1,1,2,-11,True
718,1994,-0.0588,1994,-0.0214,5,2,1,2,0,False
719,1995,-0.0437,2003,-0.0172,4,1,1,2,-8,False
720,1995,-0.0685,1999,-0.0964,5,1,1,2,-4,True
721,2001,-0.0927,2001,-0.1793,3,2,1,2,0,True
722,1998,-0.0721,1994,-0.0516,4,3,1,2,4,True
723,1998,-0.0536,1994,-0.0669,5,2,1,2,4,True
724,2002,-0.1156,1998,-0.0911,4,3,1,3,4,True
725,2001,-0.1157,2000,-0.0898,3,2,1,2,1,True
726,1994,-0.2009,1995,-0.0922,3,2,1,1,-1,True
727,2003,-0.1204,2002,-0.0808,3,2,1,2,1,True
728,1993,-0.113,2002,-0.0925,4,2,1,2,-9,True
729,2005,-0.0084,2003,-0.1312,3,2,0,3,2,False
730,2002,-0.0989,2001,-0.1218,4,3,1,1,1,True
731,2002,-0.1961,1998,-0.1849,2,2,2,2,4,True
732,2000,-0.1421,1998,-0.2041,3,2,1,2,2,True
733,1994,-0.1297,1999,-0.0894,4,2,1,2,-5,True
734,1994,-0.1419,1997,-0.1774,3,3,1,1,-3,True
735,2010,-0.1385,2010,-0.1176,3,2,2,2,0,True
736,1999,-0.1373,1999,-0.1213,2,2,1,2,0,True
737,1999,-0.086,1999,-0.0767,2,2,1,3,0,True
738,1998,-0.1133,1994,-0.0822,3,3,1,2,4,True
739,1991,-0.0355,1989,-0.0155,6,1,0,1,2,False
740,2014,-0.0276,2002,-0.0486,5,2,0,2,12,False
741,1991,0.036,1996,0.0305,3,3,0,3,-5,False
742,1998,0.0373,1997,0.0344,3,1,1,2,1,False
743,1998,0.0488,2007,0.012,5,1,1,2,-9,False
744,2003,-0.0083,1990,-0.0431,5,1,0,3,13,False
745,2003,-0.0071,2019,-0.0101,5,1,0,2,-16,False
746,1992,0.045,1992,0.0162,3,3,1,2,0,False
747,2008,0.0018,1998,0.0497,6,3,0,2,10,False
748,1997,-0.0174,1992,0.0399,5,1,1,2,5,False
749,2006,-0.0324,2007,-0.0255,2,1,1,3,-1,False
750,1997,-0.0149,1997,-0.0048,3,3,1,2,0,False
751,1990,-0.0103,1994,-0.0123,3,3,0,2,-4,False
752,1999,-0.0129,1998,-0.0318,3,2,1,2,1,False
753,2004,-0.0335,1998,-0.0245,3,2,1,2,6,False
754,2000,-0.0351,1998,-0.026,3,1,1,2,2,False
755,2000,-0.0466,2001,-0.0354,2,2,1,2,-1,False
756,1988,-0.008,1995,-0.0141,5,2,0,1,-7,False
757,2004,-0.0007,1994,-0.0266,4,2,0,1,10,False
758,1995,-0.0135,1997,-0.0186,4,3,0,2,-2,False
759,1999,-0.0442,1999,-0.0308,2,2,1,2,0,False
760,1994,-0.0453,1993,-0.0335,2,2,0,1,1,False
761,1993,-0.0487,1993,-0.0622,4,2,1,2,0,False
762,2007,-0.0318,1993,-0.0971,2,2,0,1,14,False
763,2001,-0.1207,2000,-0.0863,2,2,1,2,1,True
764,2000,-0.0874,2000,-0.0413,2,1,1,2,0,False
765,2002,-0.1236,1997,-0.1206,2,1,1,2,5,True
766,2002,-0.0867,1992,-0.0753,2,1,1,2,10,True
767,1993,-0.2175,2002,-0.1187,4,2,1,2,-9,True
768,2003,-0.1074,2000,-0.0975,2,2,2,2,3,True
769,2004,-0.0724,2003,-0.1148,2,2,1,2,1,True
770,2011,-0.1278,1998,-0.1215,3,2,2,2,13,True
771,2003,-0.1154,2003,-0.1326,3,2,1,2,0,True
772,2002,-0.1455,2003,-0.0846,3,2,1,2,-1,True
773,2001,-0.1831,2007,-0.1359,3,2,1,2,-6,True
774,2003,-0.1437,2003,-0.112,3,2,1,2,0,True
775,1995,-0.0583,1993,-0.0737,3,3,2,2,2,True
776,2012,-0.0558,1994,-0.1029,3,2,2,2,18,True
777,2006,0.0155,2003,0.0067,4,1,1,2,3,False
778,2008,0.0158,1995,-0.0374,4,2,0,1,13,False
779,1998,-0.1854,1996,-0.1036,2,2,1,1,2,True
780,1998,-0.1884,2002,-0.163,3,2,1,2,-4,True
781,2000,-0.1769,2002,-0.182,3,3,1,2,-2,True
782,2002,-0.0754,1997,-0.0455,3,2,1,2,5,False
783,2004,-0.0792,1995,-0.1463,3,2,1,2,9,True
784,1995,-0.1732,1995,-0.1753,3,2,1,2,0,True
785,1997,-0.1678,1997,-0.1806,2,2,2,2,0,True
786,2011,-0.0889,2013,-0.1534,3,2,1,3,-2,True
787,1995,-0.1705,1995,-0.1409,4,1,1,2,0,True
788,1997,-0.0899,2005,-0.121,4,3,1,2,-8,True
789,1997,-0.1191,1999,-0.0954,3,2,1,3,-2,True
790,1997,-0.1736,1994,-0.1995,3,2,1,2,3,True
791,2010,-0.1863,2010,-0.1373,2,2,2,2,0,True
792,2008,-0.0959,1997,-0.0299,3,2,2,2,11,False
793,2015,-0.0257,2000,-0.0801,2,2,1,2,15,False
794,2011,-0.0925,2002,-0.0892,3,2,2,2,9,True
795,1999,-0.1053,1998,-0.0786,3,2,1,3,1,True
796,1997,0.0221,2001,0.0289,3,1,0,2,-4,False
797,2001,0.0101,2001,0.0275,4,2,0,2,0,False
798,2013,-0.0851,2014,-0.0453,4,2,2,2,-1,False
799,1992,-0.0587,2001,-0.0301,4,1,1,2,-9,False
800,2013,-0.0465,2013,-0.0483,2,2,2,2,0,False
801,2011,-0.067,2012,-0.0533,3,2,1,2,-1,True
802,2008,-0.0241,1992,-0.0528,4,2,1,3,16,False
803,1987,-0.0372,2020,0.0246,7,3,0,1,-33,False
804,2002,0.029,2010,-0.0143,5,2,0,2,-8,False
805,1999,-0.0808,2005,-0.0363,3,2,1,2,-6,False
806,2013,-0.0211,2012,-0.009,2,0,0,0,1,False
807,2001,0.0009,2004,-0.0239,4,0,0,2,-3,False
808,1998,-0.0564,1999,-0.1253,3,2,1,2,-1,True
809,1998,-0.1953,2002,-0.1687,3,2,1,2,-4,True
810,2001,-0.1867,2000,-0.1842,2,2,1,2,1,True
811,2003,-0.0761,1998,-0.2113,2,2,1,2,5,True
812,2008,-0.131,1995,-0.1942,3,2,1,2,13,True
813,2003,-0.1434,2005,-0.0521,3,2,1,2,-2,True
814,2012,-0.0614,1997,0.0557,3,0,0,0,15,True
815,2012,-0.104,2019,0.1394,3,1,0,0,-7,True
816,1991,0.0593,1996,0.0846,4,0,0,1,-5,True
817,2010,-0.0632,2010,-0.0376,3,1,0,1,0,False
818,2005,-0.1188,2012,-0.0483,2,2,1,1,-7,False
819,2007,-0.0933,2012,-0.0938,1,1,1,1,-5,True
820,1988,-0.0129,2004,0.0071,0,0,0,0,-16,False
821,2015,-0.0063,1996,-0.0318,3,0,0,2,19,False
822,1992,-0.022,2003,0.0048,4,0,0,0,-11,False
823,1999,0.0364,2012,-0.0129,2,1,0,2,-13,False
824,2012,-0.0327,1995,-0.0491,2,2,1,3,17,False
825,2006,-0.098,2010,-0.0934,3,2,1,2,-4,True
826,2006,-0.0475,2007,-0.0577,3,3,1,2,-1,False
827,1998,-0.2155,1998,-0.1274,3,2,1,1,0,True
828,1998,-0.2285,1999,-0.2644,5,3,1,2,-1,True
829,2001,-0.2379,2000,-0.2416,2,2,1,2,1,True
830,2012,-0.1157,2003,-0.1183,3,2,1,2,9,True
831,2009,-0.1112,2005,0.0028,3,2,2,2,4,False
832,1995,-0.105,1995,-0.0932,4,2,1,1,0,True
833,2015,0.0065,2000,-0.0428,4,2,1,1,15,False
834,1995,-0.0741,1995,-0.0427,4,2,1,2,0,False
835,2003,-0.0779,2003,-0.0994,4,2,2,2,0,True
836,1998,-0.1198,1999,-0.1231,3,2,1,2,-1,True
837,1994,-0.0646,1995,-0.1018,5,2,1,2,-1,True
838,1996,-0.1407,2002,-0.1201,4,2,1,3,-6,True
839,2003,-0.1189,1996,-0.0966,2,2,1,2,7,True
840,2002,-0.1554,2003,-0.111,3,2,1,2,-1,True
841,2003,-0.1164,2002,-0.0942,2,2,1,2,1,True
842,1994,-0.1791,1994,-0.1378,4,2,1,2,0,True
843,2003,-0.1598,2004,-0.076,3,2,2,2,-1,True
844,2014,-0.0471,2012,-0.0666,5,1,1,2,2,False
845,1999,-0.0913,2001,-0.1214,3,2,1,2,-2,True
846,2001,-0.1418,1999,-0.1273,3,2,1,2,2,True
847,2000,-0.1794,1999,-0.1595,3,2,1,2,1,True
848,2000,-0.13,1992,-0.0849,3,2,1,1,8,True
849,1998,-0.0934,1999,-0.1131,3,2,1,2,-1,True
850,1992,-0.0979,1992,-0.0557,2,2,2,2,0,True
851,1997,-0.1262,1999,-0.066,3,2,1,2,-2,True
852,2000,-0.0876,2001,-0.0967,3,2,1,3,-1,True
853,1997,-0.099,1996,-0.1305,4,2,1,2,1,True
854,1997,-0.1126,2002,-0.032,3,2,1,2,-5,False
855,2004,-0.0067,2002,-0.0379,4,3,0,2,2,False
856,2007,0.0117,1997,-0.0689,5,2,1,2,10,False
857,2003,-0.0548,2015,-0.0156,2,2,1,3,-12,False
858,1998,0.0378,2007,0.0119,4,4,0,2,-9,False
859,1995,-0.105,1994,-0.0306,5,1,1,3,1,False
860,2013,-0.0105,2009,-0.0554,3,2,0,1,4,False
861,2003,-0.0061,1992,0.0071,4,2,0,2,11,False
862,2000,-0.0054,2000,-0.0086,2,2,1,3,0,False
863,2011,-0.0281,2009,0.0048,3,1,1,2,2,False
864,2008,-0.0543,2008,-0.0161,3,1,1,2,0,False
865,2011,0.0077,1996,-0.0366,5,1,0,1,15,False
866,2000,0.0201,2007,0.0141,3,2,1,2,-7,False
867,2007,0.0268,2004,0.0386,2,2,1,2,3,False
868,2004,-0.0115,1998,-0.0432,3,2,1,2,6,False
869,2007,-0.0027,1997,-0.0548,3,2,0,2,10,False
870,2000,-0.0309,2002,-0.0189,3,3,1,2,-2,False
871,2018,-0.0154,1993,-0.023,3,3,0,2,25,False
872,1994,-0.0263,1998,-0.0166,3,1,1,2,-4,False
873,1998,-0.0325,1994,-0.0347,3,2,1,1,4,False
874,1993,-0.0438,1998,-0.0364,4,3,1,2,-5,False
875,2003,-0.0474,1999,-0.0559,4,2,1,2,4,False
876,1994,-0.0555,1994,-0.059,4,2,0,2,0,True
877,1999,-0.0858,2003,-0.0686,3,2,1,2,-4,True
878,2001,-0.0802,1997,-0.0756,4,2,1,2,4,True
879,1995,-0.1405,1998,-0.1628,2,2,2,2,-3,True
880,1997,-0.0827,2002,-0.076,3,1,1,2,-5,True
881,2003,-0.0763,2001,-0.0722,2,2,2,2,2,True
882,2002,-0.1135,2003,-0.0892,2,2,1,2,-1,True
883,2002,-0.052,1997,-0.0608,3,2,1,2,5,True
884,1996,-0.1035,1997,-0.1072,4,3,1,2,-1,True
885,1995,-0.0789,1999,-0.0544,4,2,2,3,-4,True
886,2015,-0.0814,1992,-0.0328,3,3,2,2,23,False
887,2015,-0.1152,2011,-0.053,4,2,2,2,4,True
888,2002,-0.1228,2002,-0.0314,3,1,1,2,0,False
889,2005,-0.0125,1997,-0.0267,3,2,1,1,8,False
890,2003,-0.0873,1997,-0.1249,3,2,2,2,6,True
891,1993,-0.0873,2001,-0.1128,5,2,0,2,-8,True
892,2007,-0.015,2002,-0.1383,3,2,0,2,5,False
893,1999,-0.0493,2003,-0.0696,3,2,1,2,-4,False
894,2003,-0.1769,2002,-0.1443,3,2,1,2,1,True
895,2004,-0.1474,2006,-0.2306,2,1,1,1,-2,True
896,2000,-0.1114,2001,-0.0874,3,2,1,2,-1,True
897,2003,-0.1189,2002,-0.1547,2,2,1,2,1,True
898,1994,-0.1288,2003,-0.0759,4,3,1,2,-9,True
899,1995,-0.1547,1995,-0.1003,2,2,2,2,0,True
900,2011,-0.1185,1994,-0.0973,2,2,2,2,17,True
901,2005,-0.2088,2010,-0.1205,3,1,1,2,-5,True
902,2007,-0.1031,2011,-0.0878,3,2,1,2,-4,True
903,1995,-0.0749,2006,-0.0668,3,2,1,2,-11,True
904,1996,-0.0663,1991,-0.0945,2,2,2,2,5,True
905,1994,-0.0681,2011,-0.0374,2,2,2,2,-17,False
906,2010,-0.1407,1994,-0.0994,2,2,2,2,16,True
907,2012,-0.1159,2012,-0.0971,2,2,2,2,0,True
908,2000,-0.0714,1991,-0.0553,2,2,2,2,9,True
909,1998,-0.0173,2013,-0.0676,4,3,1,3,-15,False
910,1999,-0.0789,2014,-0.0785,2,2,1,2,-15,True
911,2008,-0.0554,2015,-0.0155,3,1,1,3,-7,False
912,2016,-0.0552,2013,-0.0413,5,1,0,1,3,False
913,2001,0.0684,2002,0.0839,4,2,1,1,-1,True
914,2012,-0.0442,2013,-0.0169,4,2,2,3,-1,False
915,2011,-0.0502,1998,-0.0761,2,2,1,3,13,True
916,2021,-0.0609,1996,0.0394,6,2,0,2,25,False
917,2003,0.0275,2013,-0.0225,5,1,1,2,-10,False
918,2012,-0.0064,2012,-0.0219,4,1,0,2,0,False
919,2009,-0.0143,1992,-0.0292,4,3,0,3,17,False
920,2009,-0.0231,2009,-0.0537,5,2,0,1,0,False
921,2003,-0.1118,2003,-0.0795,3,2,1,1,0,True
922,1998,-0.1367,1997,-0.1728,4,2,1,1,1,True
923,2000,-0.1335,1997,-0.1047,3,2,1,2,3,True
924,2000,-0.2299,2001,-0.1848,3,2,1,2,-1,True
925,1998,-0.1752,2000,-0.1574,3,2,1,2,-2,True
926,1998,-0.1396,1997,-0.2209,2,2,1,2,1,True
927,2003,-0.141,2002,-0.0854,3,2,2,3,1,True
928,2003,-0.058,2003,0.0323,3,2,1,1,0,False
929,2013,-0.0364,2013,-0.0282,2,1,0,0,0,False
930,2008,-0.0248,2002,-0.074,3,2,1,1,6,False
931,2004,-0.0852,2003,-0.1094,2,1,1,2,1,True
932,1994,-0.0946,2006,-0.0449,3,2,2,2,-12,False
933,2002,-0.1604,2002,-0.153,3,2,1,2,0,True
934,1994,-0.0699,1998,-0.0926,3,1,1,2,-4,True
935,2001,-0.0278,2002,-0.0745,3,1,0,1,-1,False
936,2006,-0.0339,2012,-0.0098,2,2,1,1,-6,False
937,2012,-0.023,2013,-0.0469,4,0,0,2,-1,False
938,1999,0.0845,1997,0.1059,2,2,1,2,2,True
939,1994,-0.0685,1995,-0.0752,3,1,1,2,-1,True
940,2001,-0.1634,1995,-0.2041,3,2,1,2,6,True
941,2002,-0.1296,1995,-0.2242,4,2,1,2,7,True
942,1993,-0.2516,1993,-0.1783,2,2,0,2,0,True
943,1996,-0.2585,1998,-0.2042,4,1,1,2,-2,True
944,2001,-0.1633,2002,-0.1757,3,2,1,2,-1,True
945,1993,-0.1161,2002,-0.0743,2,2,2,2,-9,True
946,1994,-0.0671,1997,-0.0655,5,1,1,1,-3,True
947,2013,-0.0267,1996,-0.1115,4,2,0,1,17,False
948,1995,-0.1106,1998,-0.1542,4,3,1,1,-3,True
949,1996,-0.0967,1998,-0.0763,3,2,1,1,-2,True
950,1996,-0.1634,1996,-0.2052,4,2,1,2,0,True
951,1994,-0.1353,1996,-0.1398,3,2,2,2,-2,True
952,1994,-0.0991,1994,-0.0522,3,2,1,2,0,True
953,1996,-0.1373,1996,-0.1571,4,1,1,2,0,True
954,2002,-0.102,1998,-0.1115,3,3,1,2,4,True
955,2002,-0.0875,2002,-0.0514,2,1,1,2,0,True
956,1996,-0.0329,2002,-0.0687,4,3,1,2,-6,False
957,1994,-0.0793,1997,-0.1005,4,2,2,3,-3,True
958,2014,-0.1289,2012,-0.1332,3,2,2,2,2,True
959,2004,-0.0862,2014,-0.0505,4,2,1,1,-10,True
960,2001,-0.2031,2003,-0.1389,3,3,1,2,-2,True
961,2000,-0.1898,2001,-0.1385,4,3,1,2,-1,True
962,2002,-0.2014,2002,-0.2579,3,2,1,2,0,True
963,2000,-0.2043,2000,-0.2032,3,2,1,2,0,True
964,2003,-0.1007,2001,-0.162,2,2,1,2,2,True
965,1996,-0.1738,1996,-0.192,3,2,1,1,0,True
966,1995,-0.2116,1996,-0.1736,4,2,1,1,-1,True
967,2001,-0.1829,2002,-0.1586,5,2,1,3,-1,True
968,1997,-0.1814,1998,-0.1473,4,1,1,2,-1,True
969,2014,-0.0622,1997,-0.0788,4,2,2,2,17,True
970,2006,-0.0265,2012,0.0043,3,2,1,2,-6,False
971,2004,-0.0492,1991,-0.02,3,3,1,1,13,False
972,2002,-0.0731,1996,-0.056,4,1,1,2,6,True
973,2003,-0.0564,1999,-0.031,2,2,1,3,4,False
974,2002,-0.0421,2000,-0.0445,2,1,1,2,2,False
975,1999,-0.0657,1999,-0.0571,3,1,1,1,0,True
976,1994,-0.079,1997,-0.0664,3,2,2,3,-3,True
977,2007,0.0215,1989,-0.023,4,1,1,2,18,False
978,1996,-0.0274,1996,-0.0251,3,3,0,3,0,False
979,2000,-0.0708,2000,-0.0972,1,1,1,1,0,True
980,2001,-0.0714,2001,-0.0511,1,1,1,1,0,True
981,1995,-0.0308,2015,0.0088,3,1,1,2,-20,False
982,1997,0.0592,2006,0.0204,2,2,1,3,-9,False
983,2007,0.0574,2005,0.0309,2,1,1,1,2,False
984,2010,0.0121,2014,0.0145,4,2,1,3,-4,False
985,2008,0.0024,2005,-0.0032,2,2,1,2,3,False
986,1998,-0.0646,1999,-0.0463,3,2,1,2,-1,False
987,1996,-0.077,1997,-0.0273,3,2,1,1,-1,False
988,2003,-0.0358,1997,-0.0502,4,3,1,1,6,False
989,2002,-0.0502,1998,-0.0562,4,2,1,1,4,True
990,1994,-0.044,1999,-0.0432,6,3,1,2,-5,False
991,1994,-0.0428,1993,-0.0426,3,2,0,1,1,False
992,1993,-0.063,2007,0.0059,5,1,0,2,-14,False
993,1999,-0.1328,1999,-0.0888,3,2,1,3,0,True
994,1998,-0.173,1999,-0.1864,3,2,2,2,-1,True
995,1997,-0.131,1998,-0.117,3,3,1,2,-1,True
996,2000,-0.0871,2000,-0.1399,4,2,1,2,0,True
997,1994,-0.1083,2000,-0.0735,2,2,2,2,-6,True
998,1993,-0.1256,1994,-0.0751,4,3,0,1,-1,True
999,1998,-0.1066,1997,-0.1061,4,3,1,2,1,True
1000,2000,-0.0867,2000,-0.0773,3,2,1,2,0,True
1001,1997,-0.0916,2000,-0.093,3,3,1,3,-3,True
1002,2009,-0.0795,1998,-0.094,3,2,2,3,11,True
1003,1998,-0.088,1998,-0.0854,3,1,1,2,0,True
1004,1999,-0.0648,1999,-0.0681,3,1,1,2,0,True
1005,2004,0.0169,2005,0.0038,3,1,1,1,-1,False
1006,2011,0.0276,2007,0.0019,4,2,1,2,4,False
1007,2003,-0.0774,2002,-0.1755,3,2,1,2,1,True
1008,1999,-0.0985,1994,-0.1079,4,2,1,2,5,True
1009,2003,-0.1188,2002,-0.1673,2,2,1,1,1,True
1010,2001,-0.1583,2002,-0.1063,3,2,1,2,-1,True
1011,2003,-0.1281,2005,-0.2163,3,2,1,2,-2,True
1012,1997,-0.1132,1998,-0.1489,4,1,1,2,-1,True
1013,1998,-0.1353,1995,-0.0782,2,2,1,2,3,True
1014,2004,-0.1932,2005,-0.172,3,3,1,2,-1,True
1015,2011,-0.1675,2010,-0.1772,3,2,1,2,1,True
1016,2004,-0.1732,2011,-0.1719,2,2,1,2,-7,True
1017,1995,-0.0933,1995,-0.1502,3,1,1,2,0,True
1018,2006,-0.0372,2002,-0.0228,3,2,1,2,4,False
1019,2002,-0.0164,2001,-0.0023,2,1,1,2,1,False
1020,1998,0.0068,2003,0.0021,3,1,1,3,-5,False
1021,2008,-0.0141,1989,-0.0087,5,1,1,0,19,False
1022,1998,-0.066,1998,-0.0845,3,2,1,2,0,True
1023,1997,-0.1393,1997,-0.0726,2,2,1,2,0,True
1024,1998,-0.1275,1998,-0.1004,3,2,1,1,0,True
1025,1999,-0.0657,1988,0.0129,2,1,1,0,11,False
1026,2004,-0.0418,2007,-0.0986,4,2,1,2,-3,False
1027,2004,0.0407,1996,-0.0418,4,2,0,2,8,False
1028,2016,-0.0816,1997,-0.0448,3,2,1,2,19,False
1029,2001,-0.0636,2012,-0.0188,2,1,1,2,-11,False
1030,2002,-0.0385,2007,0.0348,2,2,1,2,-5,False
1031,1991,-0.0168,2012,-0.0162,5,2,0,1,-21,False
1032,2012,-0.0157,2001,-0.0244,4,2,0,3,11,False
1033,1993,-0.0414,2000,0.0356,5,2,1,3,-7,False
1034,2012,-0.0251,2011,-0.0651,5,2,0,1,1,False
1035,2011,-0.1066,2011,-0.0921,3,1,1,2,0,True
1036,1998,-0.3056,1998,-0.326,4,2,1,2,0,True
1037,1997,-0.1333,2000,-0.109,2,1,1,2,-3,True
1038,1998,-0.2358,1998,-0.1782,2,2,1,2,0,True
1039,1998,-0.1607,1997,-0.1708,3,2,1,2,1,True
1040,2001,-0.1377,1998,-0.1833,2,2,1,2,3,True
1041,1997,-0.2897,1997,-0.202,3,2,1,2,0,True
1042,2001,-0.1367,1994,-0.1469,3,2,1,2,7,True
1043,1998,-0.1243,1996,-0.132,4,2,1,2,2,True
1044,2008,-0.0374,2008,-0.0132,3,3,1,2,0,False
1045,1990,-0.0745,1993,-0.0776,4,3,0,2,-3,True
1046,1993,-0.0773,2012,-0.1071,4,3,1,2,-19,True
1047,1993,-0.0631,1991,-0.0575,5,1,1,1,2,True
1048,1996,-0.0898,1992,-0.043,3,1,1,2,4,False
1049,1993,-0.1107,1994,-0.089,3,2,1,2,-1,True
1050,2013,-0.0217,2015,-0.0236,1,1,0,1,-2,False
1051,2001,-0.0192,2005,-0.0271,1,1,0,1,-4,False
1052,2001,-0.0516,2002,-0.0392,2,1,1,1,-1,False
1053,2010,0.0933,2018,0.1355,4,1,1,1,-8,True
1054,2000,-0.0242,2010,0.0221,3,2,0,1,-10,False
1055,1999,-0.0456,1999,-0.0312,4,2,1,3,0,False
1056,1998,-0.1132,2000,-0.1547,3,2,1,1,-2,True
1057,2001,-0.1496,1999,-0.1136,3,2,1,3,2,True
1058,1994,-0.2286,1996,-0.1944,5,3,0,2,-2,True
1059,1995,-0.2308,1997,-0.1515,3,2,1,1,-2,True
1060,2005,-0.0595,1998,-0.0664,4,2,1,2,7,True
1061,1993,-0.0183,1992,-0.0272,3,2,1,3,1,False
1062,1995,-0.0769,1995,-0.05,4,2,1,1,0,True
1063,1998,-0.1641,2001,-0.1878,2,2,1,2,-3,True
1064,1998,-0.1133,1995,-0.1096,3,2,1,2,3,True
1065,1995,-0.1615,1998,-0.1747,3,2,2,2,-3,True
1066,2003,-0.1428,1998,-0.1553,2,2,1,2,5,True
1067,1994,-0.0591,2014,0.0224,5,4,0,2,-20,False
1068,1997,-0.0614,2003,-0.0914,4,2,1,3,-6,True
1069,2003,-0.0693,2004,-0.0858,3,3,1,2,-1,True
1070,2003,-0.1002,2001,-0.0972,3,2,1,3,2,True
1071,1994,-0.1416,2001,-0.1384,3,2,2,2,-7,True
1072,1996,-0.0873,2006,-0.1105,3,2,1,2,-10,True
1073,2014,-0.1785,2003,-0.1265,4,3,1,3,11,True
1074,2003,-0.1804,2003,-0.1623,3,2,1,2,0,True
1075,2001,-0.2397,1998,-0.2323,3,2,1,2,3,True
1076,2001,-0.2622,2001,-0.2139,4,2,1,2,0,True
1077,2006,-0.186,2004,-0.1837,3,2,2,2,2,True
1078,2002,-0.2243,2003,-0.1502,2,2,1,2,-1,True
1079,1999,-0.1445,1993,-0.0797,3,2,1,3,6,True
1080,1999,-0.0819,1999,-0.1643,5,2,1,2,0,True
1081,1999,-0.1158,1999,-0.0821,2,2,1,1,0,True
1082,1995,-0.1772,1998,-0.1446,4,2,1,2,-3,True
1083,1997,-0.2719,1998,-0.2143,4,2,1,2,-1,True
1084,1992,-0.0672,2011,0.0039,5,2,0,2,-19,False
1085,2017,0.0297,1994,-0.0691,4,3,0,3,23,False
1086,2003,-0.0366,1994,-0.0347,2,1,1,2,9,False
1087,2005,-0.0327,2000,-0.0907,2,1,1,2,5,False
1088,1996,-0.0422,2012,0.0266,3,3,1,1,-16,False
1089,1996,-0.0568,1990,-0.0184,4,2,1,3,6,False
1090,2000,-0.0747,1996,-0.0968,3,2,1,1,4,True
1091,1999,-0.03,1992,-0.0558,5,1,0,3,7,False
1092,2002,0.0101,2000,-0.0148,4,2,1,2,2,False
1093,1996,-0.0397,1993,-0.0583,5,2,1,1,3,False
1094,2002,-0.0572,2002,-0.0187,2,1,1,1,0,False
1095,2002,-0.0148,2019,-0.0287,2,2,1,3,-17,False
1096,1999,0.0456,2001,-0.0304,4,2,1,2,-2,False
1097,2000,0.0547,1998,0.0407,2,1,1,2,2,False
1098,2007,0.0341,1989,-0.0184,3,1,1,3,18,False
1099,1998,-0.0527,1994,-0.0322,2,2,1,1,4,False
1100,2009,0.0168,2007,0.0092,4,3,1,1,2,False
1101,1998,-0.0712,1999,-0.0394,4,2,1,2,-1,False
1102,1996,-0.0234,1997,-0.0294,4,2,1,1,-1,False
1103,1994,-0.0352,1998,-0.0337,5,1,0,2,-4,False
1104,2003,-0.0568,2001,-0.0611,3,2,1,2,2,True
1105,1994,-0.0561,1991,-0.0335,2,2,2,1,3,False
1106,1992,-0.0383,1999,0.0016,4,2,1,2,-7,False
1107,1992,-0.0343,2005,0.0264,3,2,2,1,-13,False
1108,1994,-0.0852,1993,-0.0916,4,2,0,2,1,True
1109,1998,-0.0764,1994,-0.092,4,2,1,2,4,True
1110,2005,-0.1182,2000,-0.1257,4,3,1,3,5,True
1111,1999,-0.1139,1999,-0.127,3,3,1,2,0,True
1112,1991,-0.1299,2000,-0.1371,3,3,2,2,-9,True
1113,1997,-0.1508,1996,-0.1147,5,3,1,2,1,True
1114,1998,-0.1228,1999,-0.1069,3,2,1,2,-1,True
1115,1999,-0.0889,1998,-0.036,2,2,1,2,1,False
1116,2000,-0.0659,1998,-0.0707,3,2,1,3,2,True
1117,1995,-0.1049,2016,-0.0424,6,1,1,2,-21,False
1118,1999,-0.1046,1999,-0.0654,3,2,1,2,0,True
1119,2001,-0.0671,2000,-0.0725,2,2,1,2,1,True
1120,1997,-0.0419,1996,-0.0239,3,1,1,3,1,False
1121,2001,-0.0605,2000,-0.0508,3,1,1,2,1,True
1122,1996,-0.1088,2003,-0.121,3,1,1,2,-7,True
1123,2001,-0.1172,1995,-0.1256,3,2,1,2,6,True
1124,2015,-0.0615,1997,-0.0527,2,2,2,2,18,True
1125,1996,-0.1064,1995,-0.1454,2,2,1,2,1,True
1126,1995,-0.1111,1995,-0.1352,4,2,1,2,0,True
1127,2011,-0.0892,1995,-0.121,2,2,2,2,16,True
1128,1997,-0.1168,2004,-0.1485,3,2,1,2,-7,True
1129,1995,-0.192,2004,-0.1292,2,2,2,2,-9,True
1130,2011,-0.153,1995,-0.1777,2,2,1,2,16,True
1131,2011,-0.035,2011,-0.0529,5,2,1,2,0,False
1132,2014,-0.074,1993,-0.0526,3,2,1,2,21,True
1133,2013,-0.0849,2011,-0.0806,3,2,1,1,2,True
1134,2010,-0.0035,1989,-0.083,3,2,0,3,21,False
1135,2018,-0.0353,1998,-0.0397,4,3,1,2,20,False
1136,2004,-0.0375,1998,-0.0267,5,1,1,1,6,False
1137,1998,-0.0303,1998,-0.0798,1,1,1,2,0,False
1138,2010,-0.0639,1998,-0.0678,4,1,1,2,12,True
1139,1989,-0.0408,1989,-0.0369,4,1,0,2,0,False
1140,1999,-0.0579,1999,-0.0665,3,1,1,2,0,True
1141,2012,-0.0085,2007,-0.0189,4,3,0,2,5,False
1142,2006,0.0194,1993,-0.027,5,1,0,3,13,False
1143,2002,0.0395,2015,-0.0521,4,2,0,3,-13,False
1144,2001,-0.0686,1998,-0.0477,2,2,1,2,3,False
1145,2009,0.0434,2007,0.0455,3,2,1,3,2,False
1146,2012,0.0333,2007,0.0628,5,1,1,2,5,False
1147,1997,0.0759,2001,0.0198,2,2,1,2,-4,False
1148,1998,-0.0503,1987,-0.0466,4,2,1,2,11,False
1149,2010,-0.0884,2003,-0.0999,3,1,1,2,7,True
1150,2007,0.0687,2002,0.0478,3,3,1,1,5,False
1151,1998,-0.28,2002,-0.2389,2,2,1,2,-4,True
1152,1998,-0.2566,1998,-0.2453,3,2,1,2,0,True
1153,1998,-0.2662,1997,-0.2693,3,1,1,2,1,True
1154,1997,-0.1365,1997,-0.1214,3,1,1,2,0,True
1155,1998,-0.2549,1998,-0.1857,3,2,1,1,0,True
1156,1998,-0.1413,1997,-0.1426,2,2,1,1,1,True
1157,1997,-0.1598,1997,-0.145,4,2,1,1,0,True
1158,1995,-0.109,2002,-0.1007,3,2,1,3,-7,True
1159,1994,-0.1532,1995,-0.1598,4,2,1,2,-1,True
1160,1992,-0.1015,1998,-0.1382,5,2,0,2,-6,True
1161,2011,-0.034,2013,-0.088,3,2,1,2,-2,False
1162,2014,0.0181,1995,-0.0471,5,2,0,1,19,False
1163,2000,-0.0692,1998,-0.1236,4,2,1,2,2,True
1164,2001,-0.1611,2001,-0.2008,4,3,1,1,0,True
1165,1993,-0.0786,1995,-0.1289,3,1,1,2,-2,True
1166,2005,-0.079,2013,-0.0983,3,1,1,1,-8,True
1167,1995,-0.0948,2015,-0.0546,3,1,1,2,-20,True
1168,1992,-0.1167,2002,-0.0693,5,1,0,1,-10,True
1169,1998,-0.0154,2001,-0.0895,5,1,0,2,-3,False
1170,2000,-0.1098,2000,-0.1634,3,2,1,2,0,True
1171,2005,-0.0936,2002,-0.1128,2,2,1,2,3,True
1172,1999,-0.125,1999,-0.0964,3,1,1,1,0,True
1173,1995,-0.226,1994,-0.1385,3,3,1,1,1,True
1174,1997,-0.1663,1997,-0.1426,4,2,1,1,0,True
1175,1996,-0.0912,1997,-0.0918,4,2,1,2,-1,True
1176,1993,-0.0494,1996,-0.0708,5,3,0,2,-3,False
1177,1993,-0.1154,1995,-0.0805,5,3,1,1,-2,True
1178,1994,-0.1521,1997,-0.1475,3,2,1,2,-3,True
1179,1993,-0.0687,1992,-0.0862,3,2,0,2,1,True
1180,1998,-0.1935,1998,-0.1637,3,2,1,2,0,True
1181,1998,-0.1662,1995,-0.1865,3,2,1,2,3,True
1182,1993,-0.1606,1994,-0.1436,3,3,1,2,-1,True
1183,2003,-0.0626,1995,-0.0762,2,2,1,2,8,True
1184,1998,-0.1774,1999,-0.1318,4,2,1,2,-1,True
1185,1995,-0.1521,1995,-0.1341,3,3,2,3,0,True
1186,1995,-0.2874,2002,-0.2508,3,2,2,2,-7,True
1187,1996,-0.1509,1996,-0.098,3,3,1,2,0,True
1188,1998,-0.1615,2003,-0.1458,3,3,1,2,-5,True
1189,2007,-0.1756,2008,-0.2228,3,2,1,2,-1,True
1190,2002,-0.2885,1999,-0.2828,3,2,1,2,3,True
1191,2003,-0.2204,2002,-0.1971,4,2,2,3,1,True
1192,2001,-0.1353,2002,-0.21,4,2,1,2,-1,True
1193,2004,-0.1094,2002,-0.1032,3,2,2,2,2,True
1194,1996,-0.1865,2000,-0.2979,4,2,1,2,-4,True
1195,1995,-0.2128,2001,-0.1522,4,3,2,3,-6,True
1196,1996,-0.1274,1998,-0.0835,3,2,1,2,-2,True
1197,1996,-0.1281,1997,-0.0936,5,2,1,2,-1,True
1198,1999,-0.2409,2001,-0.2085,3,2,1,2,-2,True
1199,2004,-0.1232,1999,-0.1404,4,2,1,2,5,True
1200,1999,-0.1431,2001,-0.1061,3,2,1,2,-2,True
1201,1999,-0.1521,2012,-0.0196,4,2,1,2,-13,False
1202,1993,-0.1892,1999,-0.0688,4,1,0,2,-6,True
1203,2014,0.0106,1991,-0.0543,4,2,1,3,23,False
1204,2012,0.0038,1995,-0.1026,3,3,0,1,17,False
1205,2009,0.0124,1993,-0.0599,4,2,0,3,16,False
1206,2010,0.0127,2004,-0.0337,4,2,1,2,6,False
1207,1989,-0.0244,1997,-0.031,4,2,0,1,-8,False
1208,2008,0.0327,2008,0.0044,3,1,1,2,0,False
1209,1991,-0.0728,2004,0.0055,5,3,0,2,-13,False
1210,1995,-0.1578,1995,-0.1737,3,1,1,2,0,True
1211,2013,-0.0115,2021,-0.0174,4,2,0,0,-8,False
1212,2005,0.0418,1989,-0.0366,3,2,1,3,16,False
1213,2014,0.0262,2002,-0.0287,4,3,1,3,12,False
1214,2005,-0.0045,2007,-0.0032,4,2,1,2,-2,False
1215,2003,-0.0061,2013,0.017,4,2,0,3,-10,False
1216,1996,-0.0356,1996,-0.0256,3,1,1,2,0,False
1217,1998,-0.0479,1998,-0.0198,2,2,1,2,0,False
1218,1998,-0.0912,1998,-0.0699,3,2,1,2,0,True
1219,1995,-0.0619,2007,-0.0012,4,1,1,2,-12,False
1220,1992,-0.07,1994,-0.0444,2,2,2,1,-2,False
1221,1994,-0.0667,2003,0.0099,3,3,1,2,-9,False
1222,1995,-0.0491,1994,-0.0543,2,1,1,2,1,False
1223,1994,-0.1129,1994,-0.0825,4,2,1,1,0,True
1224,1997,-0.1129,2001,-0.059,4,2,1,2,-4,True
1225,2001,-0.0854,1999,-0.1091,2,2,1,2,2,True
1226,1999,-0.1277,1999,-0.1142,3,1,1,2,0,True
1227,1997,-0.1162,1998,-0.12,5,2,1,2,-1,True
1228,1998,-0.113,1997,-0.1419,3,2,1,1,1,True
1229,2017,-0.0464,1989,-0.048,4,2,0,4,28,False
1230,2009,0.0261,1999,-0.0209,4,2,1,1,10,False
1231,2021,-0.0164,1997,-0.049,6,0,0,2,24,False
1232,2000,-0.091,1998,-0.0285,3,2,1,2,2,False
1233,2001,-0.1691,2000,-0.1454,2,2,1,2,1,True
1234,2002,-0.0862,1989,-0.0798,2,1,1,0,13,True
1235,1998,-0.0732,1991,-0.0493,3,2,1,3,7,False
1236,2017,0.0087,1998,-0.0436,5,1,0,1,19,False
1237,2004,-0.0739,2003,-0.0782,4,2,1,2,1,True
1238,1993,-0.1341,2001,-0.0992,3,2,2,2,-8,True
1239,2005,-0.0206,1997,-0.072,3,1,1,2,8,False
1240,1997,-0.1058,1995,-0.0584,3,2,1,2,2,True
1241,1994,-0.1096,1995,-0.1507,3,2,2,2,-1,True
1242,2006,-0.1112,1997,-0.1722,3,2,1,2,9,True
1243,1997,-0.1351,2004,-0.1143,3,2,1,2,-7,True
1244,1995,-0.0742,1997,-0.0544,3,2,1,2,-2,True
1245,2010,-0.1316,1994,-0.1174,2,2,2,2,16,True
1246,2008,-0.0512,2012,-0.036,4,1,1,1,-4,False
1247,2006,-0.1993,2005,-0.2244,2,1,1,1,1,True
1248,2005,-0.3283,2011,-0.2271,3,2,1,2,-6,True
1249,2007,-0.094,1998,-0.0478,3,3,1,2,9,False
1250,1994,-0.017,2009,-0.0332,3,3,2,2,-15,False
1251,1998,-0.0154,1998,-0.0102,6,1,0,1,0,False
1252,1995,0.0103,1995,0.0072,3,1,0,1,0,False
1253,1995,-0.0246,1991,-0.0243,5,2,1,2,4,False
1254,1995,-0.0331,2012,-0.0215,4,2,1,2,-17,False
1255,1998,-0.0745,1998,-0.0183,2,2,1,2,0,False
1256,2014,-0.0151,1995,-0.0275,4,2,1,1,19,False
1257,2003,0.0321,2012,-0.0188,4,2,1,1,-9,False
1258,2013,-0.0332,2013,-0.0114,4,1,1,1,0,False
1259,2012,-0.0508,2013,-0.1133,3,2,2,2,-1,True
1260,2004,-0.0931,2011,-0.0718,2,1,1,2,-7,True
1261,1999,0.021,2003,-0.0846,5,2,0,2,-4,False
1262,2006,-0.2955,2008,-0.1762,3,1,1,1,-2,True
1263,2006,-0.0372,2010,-0.0541,6,1,1,2,-4,False
1264,2007,-0.0428,1992,0.0589,3,2,1,3,15,False
1265,1994,-0.1314,2013,-0.0285,3,2,2,1,-19,False
1266,2000,-0.2956,1996,-0.3366,3,2,1,2,4,True
1267,2000,-0.3843,1998,-0.3391,2,2,1,2,2,True
1268,1998,-0.2658,1998,-0.3241,3,2,1,2,0,True
1269,1995,-0.1616,2001,-0.1312,3,2,2,3,-6,True
1270,1995,-0.143,1998,-0.1503,4,2,1,2,-3,True
1271,1997,-0.1664,1998,-0.1818,2,2,1,2,-1,True
1272,1997,-0.1122,1997,-0.0887,4,2,1,1,0,True
1273,1997,-0.0301,1997,-0.0745,3,2,1,2,0,False
1274,1991,-0.0388,1997,-0.1079,4,3,0,2,-6,False
1275,1996,-0.1514,1998,-0.142,3,2,1,2,-2,True
1276,1999,-0.1053,2008,-0.0896,2,2,1,2,-9,True
1277,2005,-0.1644,2002,-0.0943,2,1,1,2,3,True
1278,2002,-0.1638,1998,-0.0804,2,1,1,2,4,True
1279,1995,-0.2389,1993,-0.147,4,1,1,2,2,True
1280,1995,-0.2654,2004,-0.188,3,2,2,2,-9,True
1281,2006,-0.0786,2011,-0.1045,2,2,1,2,-5,True
1282,1995,-0.1148,2001,-0.116,3,2,1,1,-6,True
1283,2000,-0.0804,1999,-0.1505,3,1,1,2,1,True
1284,1996,-0.2389,1998,-0.1765,3,1,1,2,-2,True
1285,1996,-0.1191,1996,-0.1269,3,1,1,2,0,True
1286,1999,-0.1129,2001,-0.0646,3,2,1,2,-2,True
1287,1999,-0.1611,1997,-0.2135,3,2,1,2,2,True
1288,1996,-0.21,1994,-0.1499,4,2,1,1,2,True
1289,2011,-0.0085,1993,-0.221,4,2,2,2,18,False
1290,1991,-0.0765,1997,-0.0721,4,3,1,1,-6,True
1291,1993,-0.067,1994,-0.0603,5,1,0,2,-1,True
1292,2006,0.0246,2006,0.049,3,2,1,2,0,False
1293,1995,-0.2145,1996,-0.1765,3,2,1,1,-1,True
1294,1996,-0.2283,1996,-0.1255,4,2,1,3,0,True
1295,1999,-0.2441,1998,-0.1647,3,2,1,2,1,True
1296,1994,-0.2454,1997,-0.1728,4,2,1,3,-3,True
1297,1997,-0.2769,1997,-0.2961,3,2,1,2,0,True
1298,2003,-0.1827,2000,-0.2541,3,2,1,2,3,True
1299,1999,-0.3338,2002,-0.2991,3,2,1,2,-3,True
1300,1997,-0.3492,1996,-0.4314,4,2,1,2,1,True
1301,1995,-0.286,1995,-0.1561,5,2,1,2,0,True
1302,1994,-0.18,1996,-0.1451,4,2,2,2,-2,True
1303,2002,-0.1148,1999,-0.219,3,2,1,2,3,True
1304,2000,-0.2734,2004,-0.1946,3,2,1,2,-4,True
1305,2002,-0.2128,2001,-0.1852,2,1,1,2,1,True
1306,2004,-0.2531,2000,-0.2788,3,2,1,2,4,True
1307,2002,-0.1995,1999,-0.2561,2,2,1,1,3,True
1308,1997,-0.1937,2002,-0.3034,3,2,1,2,-5,True
1309,1998,-0.0728,2005,-0.0986,3,3,1,2,-7,True
1310,1993,-0.181,1996,-0.124,4,3,1,2,-3,True
1311,1997,-0.0861,1996,-0.074,4,2,1,1,1,True
1312,1997,-0.1411,1997,-0.1836,4,3,1,2,0,True
1313,1996,-0.2904,2000,-0.1711,3,2,1,2,-4,True
1314,1998,-0.1479,2000,-0.1734,4,2,1,2,-2,True
1315,2000,-0.0685,1998,-0.0826,3,2,1,2,2,True
1316,1992,-0.1446,2001,-0.1102,4,2,0,2,-9,True
1317,1992,-0.084,1999,-0.0277,3,3,0,2,-7,False
1318,1992,-0.1323,2009,-0.032,4,1,0,2,-17,False
1319,1994,-0.1028,1991,-0.172,4,1,1,3,3,True
1320,2001,-0.0148,2002,-0.0433,3,2,0,2,-1,False
1321,1995,-0.0719,2010,0.0047,3,1,1,3,-15,False
1322,2005,-0.0078,1997,-0.027,3,2,0,2,8,False
1323,2003,0.0126,1998,-0.0224,4,1,0,2,5,False
1324,1994,-0.0428,2008,-0.0475,4,2,1,2,-14,False
1325,1993,-0.0966,1995,-0.1072,3,1,1,3,-2,True
1326,2003,-0.0966,1994,-0.0838,3,2,1,2,9,True
1327,1999,0.0324,1997,0.0499,5,2,1,2,2,False
1328,2002,0.0064,1993,-0.0232,4,2,0,2,9,False
1329,2004,0.0234,2007,0.0008,3,2,1,2,-3,False
1330,2006,0.0241,2014,0.0247,2,2,1,2,-8,False
1331,2014,0.0173,2005,0.0218,3,2,2,2,9,False
1332,1994,-0.0353,1994,-0.0219,4,2,1,2,0,False
1333,2000,0.009,2007,0.0055,5,2,0,2,-7,False
1334,2006,-0.0655,2011,-0.0437,4,3,2,2,-5,False
1335,2012,-0.0874,2012,-0.0218,2,2,2,2,0,False
1336,1994,-0.073,1994,-0.0652,4,1,1,2,0,True
1337,2001,-0.0854,2001,-0.0677,3,2,1,3,0,True
1338,1994,-0.0493,2000,0.0009,3,1,0,2,-6,False
1339,2005,0.0001,2004,-0.1057,3,2,2,2,1,False
1340,1996,-0.0544,1997,-0.0705,5,1,1,1,-1,True
1341,1998,-0.3097,1999,-0.1725,3,1,1,1,-1,True
1342,1998,-0.1494,1998,-0.097,2,1,1,1,0,True
1343,1998,-0.0458,1998,-0.0332,1,1,1,2,0,False
1344,1999,-0.0223,1995,-0.0467,3,2,0,3,4,False
1345,1997,-0.0203,1999,-0.026,4,2,0,1,-2,False
1346,2016,-0.0307,1999,-0.0381,3,3,0,1,17,False
1347,1999,-0.0745,1999,-0.0412,4,2,1,1,0,False
1348,2001,-0.1363,2000,-0.155,3,2,1,2,1,True
1349,2005,-0.1297,1999,-0.1308,3,2,1,2,6,True
1350,1998,-0.0301,2018,0.0274,4,2,0,3,-20,False
1351,2017,0.0553,2017,0.0262,3,2,1,2,0,False
1352,2016,0.0173,2004,-0.0288,6,2,0,1,12,False
1353,1993,-0.0975,1994,-0.0575,2,2,2,2,-1,True
1354,2005,-0.1088,1997,-0.1734,3,2,1,3,8,True
1355,1997,-0.1268,2002,-0.1348,5,3,1,2,-5,True
1356,1997,-0.1044,2004,-0.1153,4,2,1,2,-7,True
1357,1995,-0.1411,1996,-0.1113,4,2,1,1,-1,True
1358,1995,-0.0469,1995,-0.1068,2,2,1,2,0,False
1359,2012,-0.0346,2011,-0.0453,4,1,1,2,1,False
1360,1994,-0.0737,2006,-0.0874,2,2,2,2,-12,True
1361,2001,0.0061,2001,0.0063,3,2,1,1,0,False
1362,2003,-0.2858,2003,-0.2856,2,2,1,2,0,True
1363,2001,-0.1957,2002,-0.1243,3,2,2,2,-1,True
1364,2004,-0.1663,2007,-0.1082,3,2,1,2,-3,True
1365,2007,-0.2265,2003,-0.3789,2,2,1,1,4,True
1366,2004,0.0095,1992,0.0101,3,1,1,2,12,False
1367,2012,-0.0697,2012,-0.0506,4,1,1,2,0,True
1368,2012,-0.0224,1998,-0.0143,4,1,1,3,14,False
1369,1994,0.0063,2013,-0.0058,4,2,0,2,-19,False
1370,1997,-0.0388,2008,-0.0774,3,2,1,2,-11,False
1371,1997,-0.0123,1993,0.0188,3,1,1,2,4,False
1372,2009,-0.0033,2010,-0.0127,3,2,0,1,-1,False
1373,2010,-0.057,2011,-0.0415,3,2,1,2,-1,False
1374,2000,-0.0925,1999,-0.0544,2,2,1,2,1,True
1375,2000,-0.0325,2014,-0.0228,2,2,1,1,-14,False
1376,1996,-0.2358,1995,-0.2613,2,2,2,2,1,True
1377,2005,-0.216,2005,-0.2931,3,2,2,2,0,True
1378,2005,-0.0383,1994,-0.0606,5,3,0,1,11,False
1379,2003,0.0507,2003,0.0687,4,1,1,1,0,True
1380,2012,-0.1124,2012,-0.1428,2,1,1,2,0,True
1381,1996,-0.1934,1997,-0.2035,4,2,1,2,-1,True
1382,1996,-0.3293,1997,-0.3603,3,1,1,2,-1,True
1383,1998,-0.2603,1998,-0.2887,3,2,1,1,0,True
1384,1995,-0.1537,2004,-0.1822,3,2,1,2,-9,True
1385,1997,-0.2182,1995,-0.1891,4,1,1,2,2,True
1386,1996,-0.2138,1997,-0.2226,2,2,1,2,-1,True
1387,1998,-0.0591,1997,-0.0527,3,2,1,1,1,True
1388,1997,-0.0318,1995,-0.023,3,3,1,2,2,False
1389,1996,-0.1189,1997,-0.1289,2,2,1,2,-1,True
1390,1998,-0.175,1998,-0.1986,3,2,1,2,0,True
1391,1999,-0.1187,2001,-0.1549,2,2,1,2,-2,True
1392,1996,-0.1438,2004,-0.1512,3,2,1,2,-8,True
1393,1997,-0.1378,1999,-0.0906,3,1,1,2,-2,True
1394,2011,-0.0992,1990,-0.0694,4,2,2,1,21,True
1395,2006,-0.162,2003,-0.1504,3,2,2,2,3,True
1396,1996,-0.2031,1999,-0.1177,3,2,2,2,-3,True
1397,2003,-0.1565,2000,-0.1761,3,2,1,2,3,True
1398,2003,-0.187,2002,-0.141,3,3,1,2,1,True
1399,1996,-0.2221,1999,-0.1821,4,3,1,2,-3,True
1400,2004,-0.0469,1999,-0.1098,4,2,0,1,5,False
1401,1998,-0.0759,1999,-0.0953,3,1,1,2,-1,True
1402,1999,-0.0957,1995,-0.1458,4,2,1,2,4,True
1403,2007,-0.1333,1997,-0.1503,4,2,1,1,10,True
1404,2001,-0.0753,1998,-0.1064,4,3,1,1,3,True
1405,1998,-0.0576,1997,-0.1137,3,3,1,2,1,True
1406,2007,0.0358,2005,0.0987,5,2,0,1,2,False
1407,2008,0.0503,1994,-0.1736,3,2,0,3,14,True
1408,1996,-0.2292,1996,-0.1662,3,2,1,1,0,True
1409,1997,-0.3104,1994,-0.2035,3,2,1,2,3,True
1410,1998,-0.1431,1998,-0.1664,5,2,1,2,0,True
1411,1996,-0.2286,2001,-0.2401,3,2,1,2,-5,True
1412,1997,-0.2322,1999,-0.1699,4,2,1,2,-2,True
1413,2003,-0.29,2003,-0.2656,3,1,1,2,0,True
1414,1996,-0.1298,1995,-0.0734,4,3,1,1,1,True
1415,1994,-0.2295,1995,-0.1964,4,4,1,2,-1,True
1416,1998,-0.2352,1996,-0.2263,3,2,1,1,2,True
1417,1994,-0.1896,1998,-0.2434,4,2,1,2,-4,True
1418,1999,-0.232,1998,-0.2193,4,2,1,2,1,True
1419,2000,-0.2498,2000,-0.1775,3,1,1,2,0,True
1420,1998,-0.0335,2014,-0.0323,3,3,1,1,-16,False
1421,2005,-0.1657,1998,-0.1835,3,2,1,3,7,True
1422,2003,-0.125,2002,-0.1262,3,2,2,2,1,True
1423,1990,-0.0793,1991,-0.0961,4,3,1,2,-1,True
1424,2001,-0.1194,1999,-0.036,3,1,1,2,2,False
1425,1993,-0.0421,1992,-0.1199,4,2,0,3,1,False
1426,1997,-0.2245,1997,-0.2453,3,1,1,2,0,True
1427,1998,-0.2308,1998,-0.1609,2,2,1,2,0,True
1428,1998,-0.2254,1997,-0.2499,3,2,1,2,1,True
1429,2002,-0.2122,1998,-0.3547,2,2,1,2,4,True
1430,2003,-0.1157,1997,-0.2536,2,1,1,2,6,True
1431,2001,-0.0627,2002,-0.1451,4,2,1,2,-1,True
1432,1998,-0.1102,1993,-0.1217,3,3,2,2,5,True
1433,1998,-0.1125,2001,-0.0725,3,2,1,2,-3,True
1434,2012,-0.0559,2012,-0.0062,5,2,1,2,0,False
1435,1994,-0.1507,1992,-0.1415,2,2,0,3,2,True
1436,1994,-0.0656,2010,-0.0112,5,2,1,2,-16,False
1437,2000,-0.0157,2002,-0.0303,4,3,1,2,-2,False
1438,2008,-0.094,1992,-0.0614,2,2,1,2,16,True
1439,2017,-0.0538,2010,-0.0595,5,2,0,3,7,True
1440,1996,-0.1137,1995,-0.1198,4,3,1,2,1,True
1441,2015,-0.027,2004,-0.0314,4,4,0,2,11,False
1442,1999,-0.0278,2011,-0.0194,2,2,1,4,-12,False
1443,1999,0.0058,1992,-0.0041,5,0,0,0,7,False
1444,1993,-0.0219,1995,-0.025,3,3,2,2,-2,False
1445,1990,-0.0171,1994,-0.0179,4,2,1,2,-4,False
1446,1996,-0.0349,1995,-0.0161,3,2,1,3,1,False
1447,2006,0.0266,2007,0.0115,4,3,1,3,-1,False
1448,2006,0.0052,2007,-0.0018,4,2,0,2,-1,False
1449,2004,-0.0258,1991,-0.0282,3,2,1,2,13,False
1450,2003,-0.0247,2005,-0.009,4,1,1,2,-2,False
1451,2005,0.0176,2011,-0.0117,4,0,0,2,-6,False
1452,1992,-0.0503,1994,-0.0553,4,2,1,3,-2,True
1453,2007,-0.0679,2002,-0.0487,2,2,2,2,5,False
1454,2001,-0.1076,1993,-0.064,4,2,1,1,8,True
1455,1998,-0.245,1998,-0.1909,3,2,1,2,0,True
1456,2000,-0.2249,1999,-0.1263,2,1,1,1,1,True
1457,2000,-0.1307,2002,-0.1111,3,2,1,2,-2,True
1458,1998,-0.0998,1997,-0.0943,3,2,1,2,1,True
1459,1997,-0.0866,1997,-0.0826,4,1,1,2,0,True
1460,1998,-0.0791,1998,-0.0715,2,1,1,1,0,True
1461,1998,-0.0333,1999,-0.0413,4,2,1,2,-1,False
1462,1999,-0.1441,1998,-0.0712,4,1,1,1,1,True
1463,1999,-0.1771,2002,-0.1882,4,2,1,2,-3,True
1464,2007,-0.0572,1998,-0.037,3,3,1,1,9,False
1465,1997,-0.0576,1998,-0.0882,3,2,1,3,-1,True
1466,1998,-0.0589,1999,-0.0604,3,2,1,2,-1,True
1467,2010,-0.0233,2011,-0.0395,3,3,0,2,-1,False
1468,2002,-0.0848,2003,-0.0588,3,2,1,2,-1,True
1469,1997,-0.1841,2002,-0.1557,4,2,1,2,-5,True
1470,2002,-0.132,2003,-0.1368,4,2,1,2,-1,True
1471,2012,-0.1259,1995,-0.1447,4,2,1,2,17,True
1472,2006,-0.0736,2004,-0.0668,4,2,1,2,2,True
1473,1995,-0.0567,1994,-0.054,4,2,1,2,1,True
1474,2012,-0.0472,2013,-0.0574,4,2,2,2,-1,False
1475,2012,-0.0224,1996,-0.0293,4,2,0,3,16,False
1476,1993,-0.0127,2001,-0.0181,5,3,0,2,-8,False
1477,2014,0.0002,1998,0.0004,0,0,0,1,16,False
1478,2006,-0.0577,1998,0.0316,2,1,1,2,8,False
1479,2004,-0.3409,2011,-0.2902,2,2,1,2,-7,True
1480,2005,-0.2115,2003,-0.2216,4,2,1,2,2,True
1481,2010,-0.2183,2012,-0.1549,3,2,1,3,-2,True
1482,2011,-0.2013,2013,-0.0824,3,2,1,2,-2,True
1483,2000,-0.0368,1999,-0.0154,2,2,1,2,1,False
1484,2015,0.0049,2011,-0.0035,3,2,0,1,4,False
1485,2010,-0.0012,2012,-0.0028,5,0,0,1,-2,False
1486,2005,0.0149,1998,0.0024,3,3,1,1,7,False
1487,2004,0.0093,1997,0.0014,3,1,1,3,7,False
1488,1999,0.0365,2010,-0.0377,4,1,1,1,-11,False
1489,2006,0.0311,2005,0.0276,4,1,1,1,1,False
1490,2001,-0.0455,2002,-0.0069,4,2,1,1,-1,False
1491,1989,-0.0813,1999,0.0486,5,1,0,2,-10,False
1492,1990,0.0928,1999,0.0638,5,1,1,2,-9,True
1493,2000,-0.0928,1997,-0.1145,3,1,1,1,3,True
1494,1995,-0.0691,2000,-0.0608,4,1,1,1,-5,True
1495,2012,-0.0992,2012,-0.0535,2,2,2,2,0,True
1496,1996,-0.2683,1998,-0.1696,3,2,1,2,-2,True
1497,2001,-0.2529,1998,-0.2201,4,2,1,2,3,True
1498,2000,-0.2926,1998,-0.3351,3,2,1,2,2,True
1499,1998,-0.3019,1998,-0.2126,2,2,1,1,0,True
1500,1995,-0.2056,1995,-0.1975,2,1,1,2,0,True
1501,1997,-0.1339,1997,-0.2284,3,3,1,2,0,True
1502,1994,-0.0503,1995,-0.0928,3,1,1,1,-1,True
1503,1993,-0.0825,1993,-0.0295,4,2,1,2,0,False
1504,1997,-0.1225,1998,-0.0878,3,2,1,2,-1,True
1505,2000,-0.1485,2000,-0.1856,2,2,1,2,0,True
1506,1996,-0.1777,1998,-0.1718,3,2,1,2,-2,True
1507,1998,-0.1713,2004,-0.1387,3,3,1,2,-6,True
1508,1991,-0.1008,1996,-0.116,3,3,1,3,-5,True
1509,2003,-0.1954,1994,-0.1804,3,2,2,2,9,True
1510,1999,-0.27,2006,-0.1638,3,3,1,3,-7,True
1511,2005,-0.1389,2006,-0.1071,3,2,2,2,-1,True
1512,1998,-0.194,1999,-0.163,3,2,1,2,-1,True
1513,2003,-0.1935,2001,-0.2219,3,2,1,2,2,True
1514,2004,-0.2021,2002,-0.1332,2,2,1,2,2,True
1515,2001,-0.1131,1997,-0.0993,3,2,1,3,4,True
1516,1998,-0.1073,2005,-0.0897,3,2,2,2,-7,True
1517,1999,-0.1895,2003,-0.3156,3,2,1,2,-4,True
1518,1999,-0.1085,1998,-0.0901,4,2,1,2,1,True
1519,1997,-0.1319,1998,-0.1158,4,1,1,1,-1,True
1520,1998,-0.0778,1997,-0.1142,2,2,1,2,1,True
1521,1991,-0.1366,1994,-0.1668,4,2,0,1,-3,True
1522,2003,-0.045,2012,0.0204,5,3,1,2,-9,False
1523,1997,-0.135,1997,-0.1399,3,2,1,1,0,True
1524,1997,-0.2922,1997,-0.1856,3,2,1,3,0,True
1525,2002,-0.1085,2000,-0.0809,3,2,1,2,2,True
1526,1993,-0.1512,1995,-0.0993,4,2,0,2,-2,True
1527,2001,-0.1168,2001,-0.198,2,2,1,2,0,True
1528,1999,-0.0381,1994,-0.0474,3,2,1,1,5,False
1529,2002,0.0005,1998,-0.0045,4,1,0,1,4,False
1530,2002,-0.1746,1999,-0.2206,3,2,1,2,3,True
1531,2000,-0.2139,1998,-0.2611,3,2,1,2,2,True
1532,1999,-0.2081,1998,-0.1384,3,2,1,2,1,True
1533,1997,-0.2419,1999,-0.2045,3,2,1,2,-2,True
1534,1994,-0.14,1995,-0.09,4,2,1,2,-1,True
1535,1997,-0.0799,1995,-0.0283,2,1,1,2,2,False
1536,1998,-0.1162,1998,-0.118,4,2,1,2,0,True
1537,2004,-0.133,1999,-0.1322,3,2,1,2,5,True
1538,2001,-0.1742,2002,-0.2163,2,1,1,1,-1,True
1539,1999,-0.1256,1998,-0.1369,2,2,1,2,1,True
1540,1998,-0.0891,1999,-0.0469,2,2,1,2,-1,False
1541,1997,-0.222,1997,-0.2838,3,2,1,2,0,True
1542,1996,-0.251,1997,-0.2394,4,1,1,2,-1,True
1543,1997,-0.1914,1998,-0.1936,4,2,1,1,-1,True
1544,2003,-0.2736,2001,-0.1966,2,2,1,2,2,True
1545,2005,-0.1582,1995,-0.2148,3,1,1,2,10,True
1546,2012,-0.0762,1999,-0.1065,3,3,1,2,13,True
1547,1999,-0.237,1997,-0.0847,3,2,1,2,2,True
1548,1997,-0.2866,1997,-0.208,3,2,1,1,0,True
1549,2012,-0.0304,2002,-0.0496,4,2,1,2,10,False
1550,2016,0.0037,2010,0.0095,4,4,0,3,6,False
1551,2019,-0.0111,2013,-0.0276,5,1,0,2,6,False
1552,1997,-0.0237,1996,-0.0406,3,2,0,1,1,False
1553,1997,-0.1252,1996,-0.0877,3,2,1,1,1,True
1554,2008,-0.1674,2000,-0.1634,3,2,2,2,8,True
1555,1996,-0.1877,2005,-0.1194,3,2,2,3,-9,True
1556,2017,-0.0645,2012,-0.0413,5,2,0,2,5,False
1557,2009,-0.0991,1999,-0.0759,3,1,1,3,10,True
1558,1997,0.0108,1998,0.0225,3,1,0,2,-1,False
1559,1994,-0.048,1991,-0.0141,3,2,2,2,3,False
1560,1998,-0.0493,2001,-0.0289,2,2,1,2,-3,False
1561,1995,-0.0193,2019,0.0042,4,1,1,3,-24,False
1562,1996,-0.0398,2009,0.0077,4,2,1,3,-13,False
1563,1993,-0.0056,1995,-0.0111,4,2,0,2,-2,False
1564,1992,-0.0197,2001,-0.0213,4,3,0,2,-9,False
1565,2012,0.0056,2011,0.0058,3,2,1,2,1,False
1566,2014,0.0316,2008,0.02,4,1,1,3,6,False
1567,1999,-0.032,1999,-0.0351,3,3,1,2,0,False
1568,1998,0.0124,2005,-0.0322,4,1,1,2,-7,False
1569,2001,-0.1301,2008,-0.0932,2,2,1,2,-7,True
1570,1998,-0.2388,2001,-0.1335,4,2,1,2,-3,True
1571,2012,-0.0593,1998,-0.1232,2,2,2,2,14,True
1572,2000,-0.126,2000,-0.1156,2,1,1,2,0,True
1573,1998,-0.0762,1997,-0.1922,3,2,1,2,1,True
1574,1997,-0.0871,1998,-0.1094,3,2,1,2,-1,True
1575,2012,-0.0604,1998,-0.037,2,2,1,2,14,False
1576,1999,-0.0624,1999,-0.0538,1,1,1,1,0,True
1577,1999,-0.143,1999,-0.099,3,2,1,2,0,True
1578,2005,-0.1461,2003,-0.16,3,2,1,2,2,True
1579,1998,-0.1002,1997,-0.1064,4,2,1,3,1,True
1580,1998,-0.1718,1998,-0.2444,3,2,1,2,0,True
1581,1999,-0.0986,1997,-0.0843,3,2,1,2,2,True
1582,2010,-0.0789,2000,-0.1801,2,2,2,1,10,True
1583,1997,-0.2488,1997,-0.1451,3,2,1,2,0,True
1584,1995,-0.1631,1999,-0.1909,4,3,1,2,-4,True
1585,2003,-0.1512,2003,-0.1251,3,1,1,2,0,True
1586,2003,-0.1693,2001,-0.161,2,1,1,1,2,True
1587,2011,-0.0774,2004,-0.0627,4,3,1,2,7,True
1588,2010,-0.0647,2003,-0.1634,3,2,1,2,7,True
1589,2013,-0.1055,2009,-0.1182,3,2,1,2,4,True
1590,2017,-0.0415,2005,-0.0652,4,2,0,2,12,False
1591,2006,-0.0126,2006,-0.003,3,2,1,1,0,False
1592,2014,0.0001,1998,0.0035,0,0,0,3,16,False
1593,1993,0.0062,1999,-0.0003,3,1,1,2,-6,False
1594,2014,-0.1394,2014,-0.0839,4,1,1,2,0,True
1595,2008,-0.0757,2011,-0.0718,3,2,1,1,-3,True
1596,2007,-0.1711,2011,-0.1249,4,2,1,2,-4,True
1597,2015,-0.0672,2015,-0.0906,5,2,1,3,0,True
1598,1990,0.0097,1991,0.0031,3,2,0,2,-1,False
1599,2006,-0.0569,2001,-0.0421,4,2,1,1,5,False
1600,2006,-0.0617,2008,-0.0389,3,2,1,2,-2,False
1601,2005,0.0164,1998,0.006,3,3,1,1,7,False
1602,1997,0.002,2011,-0.0276,4,2,0,1,-14,False
1603,1999,0.0315,2015,-0.0043,3,1,1,2,-16,False
1604,1998,-0.0278,2004,-0.0396,3,1,1,2,-6,False
1605,1999,-0.0716,2001,-0.0554,3,3,1,2,-2,True
1606,2003,0.0385,1998,-0.0206,5,3,0,2,5,False
1607,2010,0.0427,1998,0.0436,4,1,1,3,12,False
1608,2015,0.0128,2008,0.0648,4,2,0,1,7,False
1609,2005,0.0414,2018,0.0047,4,2,1,3,-13,False
1610,1987,-0.1174,2015,-0.0236,5,3,0,3,-28,False
1611,2000,-0.1299,2002,-0.3464,2,2,1,2,-2,True
1612,2000,-0.2897,2001,-0.2479,2,2,1,2,-1,True
1613,1998,-0.3927,1998,-0.3203,3,2,1,2,0,True
1614,2000,-0.3161,2001,-0.2472,3,1,1,2,-1,True
1615,1995,-0.2825,2001,-0.1758,3,2,1,2,-6,True
1616,1995,-0.1842,2001,-0.1827,3,2,1,2,-6,True
1617,1997,-0.1209,1996,-0.1865,2,2,1,2,1,True
1618,2001,-0.0752,2002,-0.0558,2,2,1,1,-1,True
1619,1999,-0.0533,1996,-0.1019,3,1,1,2,3,True
1620,1999,-0.1319,1999,-0.1332,3,2,1,1,0,True
1621,1997,-0.2503,1998,-0.2053,3,2,1,2,-1,True
1622,1998,-0.1611,2002,-0.2042,2,2,1,2,-4,True
1623,2007,-0.0955,2002,-0.162,3,1,1,2,5,True
1624,1997,-0.1708,2002,-0.1925,3,2,1,2,-5,True
1625,2010,-0.2418,2001,-0.2217,2,2,2,2,9,True
1626,1994,-0.2736,1994,-0.3951,3,2,2,2,0,True
1627,2003,-0.1758,2006,-0.1441,3,2,1,3,-3,True
1628,2000,-0.0878,2013,-0.0881,4,2,1,2,-13,True
1629,1997,-0.0763,2000,-0.0797,4,2,0,2,-3,True
1630,2016,0.051,2016,0.0268,4,3,1,3,0,False
1631,1995,-0.1522,1998,-0.149,4,2,1,2,-3,True
1632,1996,-0.246,1998,-0.1437,4,1,1,2,-2,True
1633,1996,-0.2013,1998,-0.1966,5,2,1,2,-2,True
1634,2000,-0.0635,1998,-0.1362,3,2,1,1,2,True
1635,1998,-0.0733,1994,-0.09,4,2,1,2,4,True
1636,1999,-0.0463,1997,-0.1136,3,1,1,2,2,False
1637,1999,-0.1307,1998,-0.0807,3,2,1,1,1,True
1638,1997,-0.2276,2004,-0.1465,4,2,1,3,-7,True
1639,1994,-0.1564,2013,-0.2357,5,1,1,2,-19,True
1640,1998,-0.1523,1998,-0.1909,5,2,1,1,0,True
1641,2008,-0.0707,1997,-0.1266,3,2,1,2,11,True
1642,1996,-0.2091,1997,-0.1486,4,2,1,1,-1,True
1643,1993,-0.1541,1993,-0.0614,3,2,1,2,0,True
1644,1999,-0.0051,2002,-0.0022,5,2,1,2,-3,False
1645,1998,-0.1491,1998,-0.1167,3,2,1,2,0,True
1646,1998,-0.2895,1998,-0.3705,2,2,1,2,0,True
1647,1998,-0.1963,1998,-0.2491,4,2,1,2,0,True
1648,1997,-0.2895,1997,-0.3035,3,1,1,2,0,True
1649,1997,-0.2376,1995,-0.1852,3,2,1,1,2,True
1650,2002,-0.2433,1995,-0.2238,4,2,1,3,7,True
1651,1995,-0.0414,1994,-0.019,3,2,1,1,1,False
1652,1998,-0.0339,2005,-0.0075,4,2,1,2,-7,False
1653,2002,-0.1096,1998,-0.0839,2,1,1,2,4,True
1654,1988,-0.0199,2002,-0.0053,5,2,0,2,-14,False
1655,1998,-0.0959,1992,-0.1292,4,3,0,3,6,True
1656,2001,-0.1036,1997,-0.2274,3,3,1,2,4,True
1657,1999,-0.1087,1998,-0.0682,4,2,1,2,1,True
1658,1999,-0.1785,1998,-0.2029,2,2,1,2,1,True
1659,2005,-0.2254,1997,-0.2673,2,2,1,2,8,True
1660,1998,-0.1541,1998,-0.1025,3,2,1,2,0,True
1661,1999,-0.1859,1999,-0.183,5,3,1,3,0,True
1662,1993,-0.2475,1997,-0.1319,4,3,1,3,-4,True
1663,1993,-0.2105,1993,-0.1215,2,2,2,2,0,True
1664,1996,-0.049,1995,-0.0325,2,2,2,3,1,False
1665,2010,-0.0081,1995,-0.0119,5,2,0,3,15,False
1666,2002,-0.1101,2001,-0.1321,4,2,2,2,1,True
1667,2009,-0.0574,1995,-0.1603,4,3,1,2,14,True
1668,1994,-0.0888,1997,-0.0724,3,2,1,1,-3,True
1669,2004,-0.1151,1999,-0.1199,3,3,1,2,5,True
1670,2004,-0.1541,1996,-0.1792,2,2,2,2,8,True
1671,2009,-0.1851,2003,-0.1533,2,2,1,2,6,True
1672,2011,-0.0412,2002,-0.0433,4,3,1,2,9,False
1673,2011,-0.0371,2011,-0.061,4,3,0,2,0,False
1674,1998,0.0345,1997,0.0413,2,2,1,1,1,False
1675,2015,-0.0372,2014,-0.0422,2,2,2,2,1,False
1676,1994,-0.0073,1996,-0.0152,4,2,0,3,-2,False
1677,2011,0.0219,2018,0.0093,4,3,1,3,-7,False
1678,1996,-0.0217,1991,-0.0171,3,2,2,2,5,False
1679,1991,-0.0374,2012,0.0104,5,3,0,2,-21,False
1680,2007,0.0193,2010,0.0159,2,1,1,2,-3,False
1681,1998,-0.0154,1990,-0.0343,6,2,1,2,8,False
1682,2002,-0.0494,2004,-0.0356,3,2,1,3,-2,False
1683,2002,-0.0367,2007,0.0053,3,2,1,2,-5,False
1684,1993,-0.0672,1994,-0.0548,3,2,2,2,-1,True
1685,2001,-0.1386,2001,-0.0667,3,3,1,2,0,True
1686,1998,-0.1391,1998,-0.099,2,2,1,2,0,True
1687,1995,-0.0481,1996,-0.1054,4,2,1,1,-1,False
1688,1998,-0.1096,1998,-0.0578,3,2,1,2,0,True
1689,2006,-0.1014,2006,-0.0966,2,2,2,2,0,True
1690,2000,-0.1573,1999,-0.1364,2,2,1,2,1,True
1691,1999,-0.1441,1999,-0.1007,3,1,1,2,0,True
1692,2004,-0.1271,2003,-0.1825,3,2,1,2,1,True
1693,1998,-0.1167,2000,-0.1103,3,2,1,2,-2,True
1694,1998,-0.1137,1999,-0.1261,3,1,1,2,-1,True
1695,1994,-0.1136,1999,-0.1452,5,2,1,3,-5,True
1696,1998,-0.1738,1999,-0.1775,3,3,1,3,-1,True
1697,1996,-0.17,1998,-0.1414,4,2,1,2,-2,True
1698,2001,-0.1204,2000,-0.0849,3,2,2,2,1,True
1699,2000,-0.1934,2000,-0.1551,3,1,1,3,0,True
1700,2003,-0.1974,2002,-0.174,3,1,1,1,1,True
1701,2004,-0.0869,2001,-0.0547,2,2,1,2,3,True
1702,2010,-0.0707,2003,-0.1272,4,2,1,2,7,True
1703,2002,-0.0752,2003,-0.1379,4,2,1,2,-1,True
1704,2009,-0.3111,2009,-0.1054,3,1,1,1,0,True
1705,2009,-0.1098,2008,-0.0542,2,2,1,1,1,True
1706,2009,-0.0309,2004,-0.0118,4,2,1,2,5,False
1707,2014,0.0,1990,0.0012,0,0,0,5,24,False
1708,1998,0.0016,2005,-0.0101,3,3,1,3,-7,False
1709,1999,0.0016,1999,0.0065,4,4,1,1,0,False
1710,2011,-0.0488,2011,-0.0474,3,1,1,2,0,False
1711,1990,-0.0211,1999,0.0015,5,4,0,3,-9,False
1712,2000,0.0044,1999,-0.0009,4,2,0,2,1,False
1713,2012,-0.0004,2002,-0.002,4,2,0,3,10,False
1714,2013,-0.0063,2012,-0.011,3,2,2,2,1,False
1715,2013,-0.0073,2008,-0.034,4,2,0,1,5,False
1716,1999,-0.0042,2011,-0.0035,2,1,1,3,-12,False
1717,1991,0.0035,2010,0.0014,4,3,0,2,-19,False
1718,2000,0.0091,2013,-0.0254,5,2,0,2,-13,False
1719,2004,0.0138,2001,-0.0608,5,1,0,2,3,False
1720,2001,-0.027,2001,-0.0415,2,1,1,2,0,False
1721,2002,-0.0799,2011,-0.0724,3,2,1,2,-9,True
1722,2012,-0.1055,2014,-0.0757,4,2,1,1,-2,True
1723,2009,0.0675,2008,0.0279,2,2,1,2,1,False
1724,1992,-0.0095,1999,-0.0193,5,1,0,1,-7,False
1725,2000,0.0451,2004,-0.0672,3,2,1,2,-4,False
1726,2000,-0.1541,2000,-0.1732,2,1,1,2,0,True
1727,1994,-0.1329,1993,-0.2223,4,2,1,2,1,True
1728,2000,-0.3493,1998,-0.2495,2,1,1,2,2,True
1729,1998,-0.3136,2004,-0.1556,3,2,1,2,-6,True
1730,1996,-0.2753,1997,-0.2712,4,3,1,2,-1,True
1731,2000,-0.2099,1997,-0.2658,2,2,1,1,3,True
1732,2000,-0.2063,1998,-0.1222,3,2,1,2,2,True
1733,1996,-0.1929,1998,-0.1466,4,1,1,2,-2,True
1734,1996,-0.078,1996,-0.0355,4,1,1,1,0,False
1735,1996,-0.1311,2002,-0.1498,3,2,2,3,-6,True
1736,2002,-0.1378,1998,-0.0807,3,2,2,2,4,True
1737,1998,-0.0987,1998,-0.1879,4,2,1,2,0,True
1738,1996,-0.1014,1998,-0.1723,3,1,1,2,-2,True
1739,1996,-0.1787,1998,-0.241,4,2,1,2,-2,True
1740,1995,-0.2411,2001,-0.1951,3,2,2,3,-6,True
1741,2005,-0.1998,2000,-0.204,3,2,2,2,5,True
1742,2002,-0.1826,2012,-0.187,2,2,2,2,-10,True
1743,2012,-0.0495,2017,0.0161,4,3,1,2,-5,False
1744,2017,0.0541,2015,0.0315,5,2,1,2,2,False
1745,1995,-0.1376,1993,-0.1724,4,2,1,2,2,True
1746,1990,-0.1476,1995,-0.1475,4,3,0,3,-5,True
1747,1995,-0.1463,1998,-0.1497,4,3,0,2,-3,True
1748,1997,-0.1146,1997,-0.1587,4,1,1,1,0,True
1749,1995,-0.0545,1993,-0.0528,3,1,1,1,2,True
1750,2011,-0.0545,1999,-0.0439,4,2,1,2,12,False
1751,2003,-0.2822,2002,-0.2348,2,2,2,2,1,True
1752,2002,-0.1628,1998,-0.3242,4,2,1,2,4,True
1753,2001,-0.3115,2002,-0.3432,3,3,1,2,-1,True
1754,2001,-0.0995,1997,-0.226,2,2,1,1,4,True
1755,2003,-0.0673,1997,-0.1044,3,2,1,1,6,True
1756,1996,-0.1113,1998,-0.1043,4,1,1,1,-2,True
1757,1995,-0.2532,1996,-0.1782,3,2,1,1,-1,True
1758,1995,-0.1605,2015,-0.0867,3,1,1,2,-20,True
1759,2016,-0.0548,1998,-0.0667,4,3,0,2,18,True
1760,1998,-0.1353,1998,-0.247,3,2,1,2,0,True
1761,1998,-0.277,1999,-0.2841,3,2,1,2,-1,True
1762,1997,-0.4263,1998,-0.3348,2,2,1,2,-1,True
1763,1997,-0.3067,2000,-0.4068,3,2,1,1,-3,True
1764,2002,-0.3329,1999,-0.3176,3,2,1,3,3,True
1765,2001,-0.3664,2000,-0.2865,2,2,1,2,1,True
1766,1998,-0.1791,1998,-0.2458,3,2,2,2,0,True
1767,1998,-0.0858,2010,-0.025,3,2,1,2,-12,False
1768,2016,-0.0044,2006,-0.0018,4,2,0,1,10,False
1769,2012,-0.0928,2008,-0.0248,2,2,1,2,4,False
1770,2002,-0.1772,2002,-0.3691,1,1,1,1,0,True
1771,1999,-0.2092,1999,-0.1504,2,1,1,2,0,True
1772,1997,-0.1471,1997,-0.1918,3,1,1,1,0,True
1773,1995,-0.2779,1997,-0.2316,3,2,1,3,-2,True
1774,1997,-0.19,1996,-0.3448,3,3,1,3,1,True
1775,1998,-0.2862,2000,-0.1826,2,2,1,2,-2,True
1776,1990,-0.1861,1997,-0.094,6,3,0,2,-7,True
1777,1995,-0.174,1996,-0.1489,6,1,1,2,-1,True
1778,2004,-0.0544,2001,-0.0358,3,2,1,3,3,False
1779,1996,-0.0941,1996,-0.1065,4,1,1,3,0,True
1780,1998,-0.0598,1997,-0.0697,3,2,1,2,1,True
1781,2011,-0.1926,2011,-0.1417,3,2,2,2,0,True
1782,1996,-0.1736,1994,-0.195,3,2,1,2,2,True
1783,1994,-0.0476,2002,-0.0236,4,2,1,2,-8,False
1784,1989,-0.0555,2013,-0.054,4,3,0,2,-24,True
1785,1998,-0.0768,2013,-0.0388,4,2,1,3,-15,False
1786,1993,-0.0937,1996,-0.0874,5,2,1,1,-3,True
1787,2003,-0.131,2003,-0.1607,2,2,1,1,0,True
1788,1997,0.0449,1997,0.0407,4,1,1,3,0,False
1789,1994,0.0486,1997,0.0353,3,2,1,3,-3,False
1790,2010,0.0167,1997,0.016,5,2,1,2,13,False
1791,2004,0.0184,1992,-0.0336,4,2,0,2,12,False
1792,1993,-0.0248,1997,-0.0215,3,2,2,1,-4,False
1793,1995,-0.0428,2010,0.0014,6,1,1,2,-15,False
1794,1991,-0.0517,1996,-0.0325,4,2,0,2,-5,False
1795,1992,-0.0646,1992,-0.0855,3,3,1,2,0,True
1796,2013,-0.022,1998,-0.0136,4,1,1,2,15,False
1797,2004,0.0146,2009,0.006,3,3,0,2,-5,False
1798,1992,-0.037,1997,-0.0582,5,2,0,2,-5,False
1799,1995,-0.0265,1993,-0.0618,4,3,0,2,2,False
1800,1998,-0.0489,2000,-0.0494,2,2,1,2,-2,False
1801,1998,-0.0928,1994,-0.0665,4,2,1,2,4,True
1802,1998,-0.1666,1995,-0.1969,3,2,1,2,3,True
1803,1997,-0.0941,1998,-0.1459,4,2,1,2,-1,True
1804,2006,-0.1117,2002,-0.1169,2,2,1,2,4,True
1805,1998,-0.1085,1998,-0.103,3,2,1,2,0,True
1806,2001,-0.1784,2001,-0.171,2,2,1,1,0,True
1807,2005,-0.1093,2004,-0.0947,2,1,1,2,1,True
1808,2000,-0.0658,2003,-0.097,4,2,1,2,-3,True
1809,1996,0.0124,2008,-0.0896,5,2,0,2,-12,False
1810,1999,-0.1044,1999,-0.0872,2,2,1,2,0,True
1811,1998,-0.1883,1997,-0.2119,3,3,1,2,1,True
1812,1997,-0.1597,1998,-0.1548,3,3,1,2,-1,True
1813,2002,-0.1332,1998,-0.1649,3,2,1,2,4,True
1814,2008,-0.1797,2003,-0.1265,2,2,1,2,5,True
1815,2010,-0.2026,2012,-0.1263,2,2,2,2,-2,True
1816,2012,-0.1219,2012,-0.0844,3,2,2,2,0,True
1817,2008,-0.1368,2003,-0.1395,3,2,1,2,5,True
1818,2009,-0.176,2009,-0.1397,3,2,1,2,0,True
1819,2009,-0.2962,2004,-0.2688,3,2,1,2,5,True
1820,2007,-0.1455,2009,-0.2536,2,2,1,2,-2,True
1821,2011,-0.1787,2011,-0.2197,3,2,1,2,0,True
1822,2009,-0.0783,2009,-0.0382,2,2,2,2,0,False
1823,2011,-0.0306,2004,-0.0184,2,2,1,2,7,False
1824,2010,-0.1119,2009,-0.2346,2,2,1,1,1,True
1825,2006,-0.1045,2009,-0.1376,2,2,1,2,-3,True
1826,2001,0.0111,1999,0.0065,3,2,1,1,2,False
1827,2000,-0.049,2009,-0.0625,4,3,0,2,-9,False
1828,1992,0.0201,1999,0.0027,4,3,1,3,-7,False
1829,1992,0.0162,1999,0.0042,3,3,1,2,-7,False
1830,2006,-0.0093,2005,-0.0101,3,2,1,3,1,False
1831,2008,-0.022,2009,-0.0087,3,3,1,1,-1,False
1832,1999,-0.0095,2001,-0.0052,2,1,1,3,-2,False
1833,2013,-0.0437,2012,-0.0189,4,2,1,2,1,False
1834,1998,0.0123,2013,-0.0434,5,2,0,2,-15,False
1835,2007,0.0446,2013,-0.0236,3,2,1,2,-6,False
1836,1999,-0.0491,1995,-0.0889,3,1,1,2,4,False
1837,1999,-0.0967,2001,-0.1078,3,2,2,2,-2,True
1838,1991,-0.0489,2003,-0.0265,5,1,1,3,-12,False
1839,2011,0.0327,2009,0.0089,5,2,1,2,2,False
1840,2011,0.0339,2011,0.0126,4,3,1,2,0,False
1841,2004,0.0118,2000,-0.0657,2,2,1,2,4,False
1842,1993,0.0276,2002,-0.0153,3,3,0,1,-9,False
1843,1998,-0.1739,1998,-0.1371,2,2,1,2,0,True
1844,1999,-0.2602,1998,-0.2374,2,2,1,2,1,True
1845,1993,-0.154,1994,-0.1637,3,3,1,1,-1,True
1846,1994,-0.2477,1994,-0.2179,4,1,1,2,0,True
1847,1997,-0.1958,1996,-0.2245,3,1,1,2,1,True
1848,1996,-0.2727,1996,-0.2912,4,1,1,2,0,True
1849,1996,-0.1735,2001,-0.0757,4,1,1,1,-5,True
1850,2014,-0.0576,2014,-0.075,3,2,1,2,0,True
1851,2008,-0.057,1999,-0.0437,3,2,2,1,9,False
1852,1998,-0.0895,1996,-0.1393,3,2,1,1,2,True
1853,2011,-0.0974,2012,-0.1203,2,2,1,2,-1,True
1854,1996,-0.1483,2011,-0.099,2,2,1,2,-15,True
1855,1999,-0.2164,2000,-0.1884,4,2,1,2,-1,True
1856,1999,-0.165,2001,-0.1393,4,2,1,3,-2,True
1857,2005,-0.11,2012,-0.1344,2,2,1,2,-7,True
1858,1994,-0.1638,1998,-0.213,4,3,1,2,-4,True
1859,1994,-0.0991,1994,-0.1979,3,2,2,2,0,True
1860,1998,-0.182,1999,-0.2008,4,2,1,2,-1,True
1861,1996,-0.1986,1997,-0.1765,4,2,1,2,-1,True
1862,2001,-0.1813,2001,-0.213,3,2,1,2,0,True
1863,1997,-0.1188,2011,-0.1151,3,3,1,3,-14,True
1864,1997,-0.3115,1997,-0.2296,4,1,1,1,0,True
1865,2000,-0.3246,2001,-0.3804,2,2,2,2,-1,True
1866,2001,-0.338,2002,-0.3521,3,2,1,2,-1,True
1867,2003,-0.2344,2002,-0.2858,2,2,1,2,1,True
1868,2002,-0.2375,2002,-0.2683,3,2,1,2,0,True
1869,1996,-0.3065,1997,-0.2398,3,1,1,1,-1,True
1870,1996,-0.3349,1997,-0.3476,5,1,1,2,-1,True
1871,1996,-0.1371,1998,-0.1511,3,2,1,2,-2,True
1872,2003,-0.1408,2007,-0.1097,3,2,1,3,-4,True
1873,2002,-0.1749,2000,-0.2678,4,2,1,2,2,True
1874,2007,-0.2011,1998,-0.1554,3,2,2,3,9,True
1875,1998,-0.2198,2002,-0.2253,3,3,1,2,-4,True
1876,1996,-0.3065,2001,-0.2559,4,2,1,2,-5,True
1877,1997,-0.2139,1996,-0.2956,3,1,1,1,1,True
1878,1998,-0.3047,1998,-0.2055,3,2,1,2,0,True
1879,1998,-0.338,1999,-0.2569,4,2,1,2,-1,True
1880,1997,-0.2787,1998,-0.3355,3,2,1,2,-1,True
1881,1999,-0.2822,2002,-0.3078,3,3,1,1,-3,True
1882,1995,-0.1999,1998,-0.2503,3,3,1,2,-3,True
1883,2008,-0.0046,1999,-0.0068,3,1,1,1,9,False
1884,2001,-0.0824,2001,-0.1206,3,2,1,2,0,True
1885,2001,-0.192,2001,-0.1206,2,2,1,1,0,True
1886,2001,-0.0792,1998,-0.1762,2,2,1,2,3,True
1887,1998,-0.1921,1997,-0.1303,3,2,1,2,1,True
1888,1998,-0.1825,1999,-0.1418,3,2,1,2,-1,True
1889,1998,-0.2465,1999,-0.1765,2,2,1,2,-1,True
1890,1998,-0.1571,1998,-0.1102,4,1,1,2,0,True
1891,2000,-0.1821,2003,-0.0944,3,2,1,2,-3,True
1892,1996,-0.1061,1993,-0.1175,4,3,1,3,3,True
1893,1995,-0.2133,2008,0.0013,5,3,1,2,-13,False
1894,2014,-0.0302,1999,-0.0675,2,2,0,1,15,False
1895,2011,-0.0365,1996,-0.1106,2,2,2,1,15,False
1896,1996,-0.0898,2002,-0.123,2,2,1,2,-6,True
1897,2002,-0.1529,2003,-0.1855,4,2,1,2,-1,True
1898,1998,-0.0563,1999,-0.0638,3,2,1,2,-1,True
1899,1998,-0.0337,1995,-0.0165,1,1,1,3,3,False
1900,2000,-0.0639,2002,-0.078,3,3,1,3,-2,True
1901,2000,-0.1122,1999,-0.0899,3,2,1,2,1,True
1902,2003,-0.2685,2001,-0.2659,2,2,1,2,2,True
1903,2003,-0.1232,2000,-0.0567,2,2,1,2,3,True
1904,2016,-0.0533,2013,-0.051,5,2,0,2,3,True
1905,2012,-0.0206,2009,-0.0353,4,3,1,2,3,False
1906,2002,0.0247,2012,-0.0104,3,2,1,2,-10,False
1907,1994,-0.0619,2004,0.0286,4,3,1,2,-10,False
1908,2004,-0.0444,1996,-0.0324,2,2,1,2,8,False
1909,2004,-0.0934,2001,-0.0766,2,2,1,2,3,True
1910,2004,-0.1859,2001,-0.0881,2,2,1,2,3,True
1911,1995,-0.051,1994,-0.049,3,2,1,1,1,False
1912,2019,-0.0325,2007,0.0068,5,3,0,2,12,False
1913,1991,-0.0569,2009,0.0336,6,1,1,1,-18,False
1914,1997,-0.0831,1998,-0.0852,3,1,1,2,-1,True
1915,1994,-0.1045,1999,-0.0847,3,2,1,3,-5,True
1916,1993,-0.1042,1994,-0.0572,3,2,1,2,-1,True
1917,1994,-0.0439,1996,-0.0668,4,2,1,2,-2,False
1918,2001,-0.0202,2008,-0.063,2,2,1,2,-7,False
1919,2015,-0.0467,2002,-0.0754,4,2,2,2,13,False
1920,1998,-0.0599,2003,-0.1282,5,3,1,2,-5,True
1921,1997,-0.0665,2003,-0.1198,5,2,1,2,-6,True
1922,1998,-0.1384,1998,-0.1166,3,2,1,2,0,True
1923,2004,-0.1936,1998,-0.1971,3,2,1,2,6,True
1924,2010,-0.0965,1999,-0.0994,3,2,1,2,11,True
1925,1999,-0.0898,1998,-0.1119,4,1,1,2,1,True
1926,1999,-0.1402,1999,-0.2292,3,3,1,2,0,True
1927,1998,-0.0448,1998,-0.1129,4,2,1,2,0,False
1928,2002,-0.1478,2012,-0.1847,3,2,1,3,-10,True
1929,2003,-0.1908,2002,-0.2335,2,2,1,2,1,True
1930,1994,-0.198,1994,-0.1673,2,2,2,2,0,True
1931,2009,-0.1295,2010,-0.101,3,2,1,2,-1,True
1932,2007,-0.1512,2004,-0.1903,4,2,1,2,3,True
1933,2003,-0.182,2006,-0.1606,3,2,1,2,-3,True
1934,1999,-0.1546,2004,-0.1779,3,2,1,2,-5,True
1935,2011,-0.1112,2010,-0.1291,2,2,1,2,1,True
1936,2004,-0.2912,2011,-0.3728,2,2,1,2,-7,True
1937,2006,-0.2418,2010,-0.1534,2,2,1,1,-4,True
1938,2004,-0.1239,2004,-0.123,2,1,1,2,0,True
1939,2004,-0.05,2010,-0.0224,4,3,2,2,-6,False
1940,2003,-0.0233,2008,-0.0196,2,2,1,2,-5,False
1941,1998,-0.0037,2017,-0.03,5,3,0,3,-19,False
1942,2009,-0.1178,2009,-0.0998,4,2,1,3,0,True
1943,2011,-0.1527,2014,-0.164,3,1,1,2,-3,True
1944,2006,-0.0134,2002,-0.0038,7,2,0,2,4,False
1945,2011,-0.0212,2011,-0.0141,4,2,1,2,0,False
1946,1998,-0.006,2001,-0.0076,3,2,0,2,-3,False
1947,1990,-0.0133,2013,-0.0063,3,2,0,2,-23,False
1948,1999,0.0791,2014,-0.0205,4,3,1,2,-15,False
1949,1994,0.0747,1991,0.0882,4,3,1,3,3,True
1950,1994,0.0885,1994,0.0543,4,2,1,3,0,True
1951,2003,0.0355,2013,-0.0443,3,2,0,3,-10,False
1952,2013,-0.1149,2012,-0.1303,3,2,1,2,1,True
1953,1999,-0.1297,1999,-0.0603,3,2,1,1,0,True
1954,2009,0.0334,1991,-0.0361,5,2,0,1,18,False
1955,2007,0.006,2007,0.0184,4,4,0,2,0,False
1956,2010,0.0286,2011,0.0016,4,1,1,2,-1,False
1957,2014,0.012,1996,0.0156,4,2,0,1,18,False
1958,2013,-0.0538,2009,0.0304,3,1,1,3,4,False
1959,2003,-0.1316,1999,-0.2046,4,2,1,2,4,True
1960,1999,-0.2893,1999,-0.1417,2,2,1,2,0,True
1961,1997,-0.221,1996,-0.1992,3,2,1,1,1,True
1962,1994,-0.2012,2001,-0.1395,2,2,1,2,-7,True
1963,1998,-0.1038,1999,-0.0935,3,1,1,2,-1,True
1964,2017,-0.0559,2000,0.0367,4,2,0,1,17,False
1965,1995,-0.138,1995,-0.0611,4,1,1,1,0,True
1966,1997,-0.1037,1996,-0.0979,3,2,1,1,1,True
1967,1996,-0.1793,1997,-0.1647,3,3,1,2,-1,True
1968,1995,-0.1447,1997,-0.1532,3,2,1,2,-2,True
1969,1997,-0.1636,1997,-0.1418,3,2,1,2,0,True
1970,1997,-0.1428,2007,-0.1267,4,2,1,2,-10,True
1971,1999,-0.0559,1998,-0.0974,2,2,2,2,1,True
1972,1997,-0.1279,1997,-0.1194,3,2,1,2,0,True
1973,1998,-0.1851,1996,-0.2299,4,1,1,2,2,True
1974,2000,-0.2585,2000,-0.1877,2,1,1,2,0,True
1975,1999,-0.4122,1999,-0.3869,3,1,1,1,0,True
1976,1998,-0.2729,1998,-0.2228,4,2,1,2,0,True
1977,2002,-0.1383,1998,-0.1392,4,2,1,2,4,True
1978,2001,-0.1432,2001,-0.0695,2,1,1,2,0,True
1979,1998,-0.4211,1998,-0.3794,3,2,1,2,0,True
1980,1997,-0.3863,1997,-0.3824,4,2,1,2,0,True
1981,2001,-0.2208,2000,-0.1804,3,2,1,2,1,True
1982,2001,-0.153,2001,-0.287,3,2,1,1,0,True
1983,1999,-0.4113,2001,-0.4192,2,2,1,2,-2,True
1984,1997,-0.4894,2000,-0.3597,3,2,1,2,-3,True
1985,1998,-0.5187,1999,-0.5362,2,2,1,2,-1,True
1986,2000,-0.1276,1998,-0.1534,2,2,1,1,2,True
1987,1997,-0.1559,1997,-0.2754,3,2,1,2,0,True
1988,2007,-0.125,2002,-0.2317,4,2,2,2,5,True
1989,2002,-0.2444,2002,-0.3315,3,2,1,1,0,True
1990,1994,-0.4429,1996,-0.3587,2,2,2,2,-2,True
1991,1998,-0.4244,1994,-0.4279,3,2,1,2,4,True
1992,1998,-0.3572,1996,-0.3537,3,2,1,1,2,True
1993,1995,-0.2741,1997,-0.2153,4,2,1,2,-2,True
1994,2007,-0.207,1999,-0.259,3,2,2,2,8,True
1995,1998,-0.1989,2012,-0.1593,3,2,1,2,-14,True
1996,1998,-0.319,1998,-0.2476,2,2,1,3,0,True
1997,1997,-0.3913,1998,-0.4009,3,2,1,2,-1,True
1998,1998,-0.1329,1998,-0.0879,3,2,1,3,0,True
1999,1993,-0.1043,1998,-0.1083,5,2,0,1,-5,True
2000,1995,-0.068,2002,-0.0754,4,1,1,3,-7,True
2001,2003,-0.0728,1998,-0.1332,2,2,2,2,5,True
2002,1998,-0.1239,1997,-0.1423,3,2,1,1,1,True
2003,1997,-0.0758,2006,-0.0923,4,2,1,2,-9,True
2004,2003,-0.005,1995,-0.1092,4,3,0,1,8,False
2005,1997,-0.1783,2001,-0.1666,3,2,1,2,-4,True
2006,1998,-0.1556,1998,-0.0433,3,2,1,1,0,False
2007,1991,-0.0366,1993,-0.0329,4,3,1,3,-2,False
2008,2013,0.0079,1996,-0.0646,3,2,1,3,17,False
2009,2010,-0.0147,2008,-0.0617,3,2,1,2,2,False
2010,1992,-0.1302,2002,-0.1373,5,1,0,2,-10,True
2011,1997,-0.0687,1994,-0.1198,4,1,1,2,3,True
2012,2000,-0.1477,2002,-0.1169,4,2,1,2,-2,True
2013,1994,-0.0746,2000,-0.0771,4,3,1,2,-6,True
2014,2006,-0.0507,2005,-0.0462,2,2,1,2,1,False
2015,2006,-0.0776,1994,-0.0731,3,2,2,2,12,True
2016,1999,-0.1577,2001,-0.14,3,2,1,2,-2,True
2017,1998,-0.2363,1996,-0.3026,3,2,1,3,2,True
2018,1998,-0.2166,1998,-0.1801,3,3,1,2,0,True
2019,1991,-0.0507,2003,0.0258,4,3,0,2,-12,False
2020,2006,0.0179,1992,-0.0347,4,2,0,2,14,False
2021,2011,-0.1162,2011,-0.0964,3,2,1,2,0,True
2022,2009,-0.0797,2007,-0.0677,3,2,1,1,2,True
2023,2010,-0.0272,2008,-0.0391,2,1,1,2,2,False
2024,2012,-0.0534,1995,-0.0927,3,2,2,2,17,True
2025,1995,-0.0612,2008,-0.0571,4,2,0,2,-13,True
2026,1995,-0.0652,1995,-0.1247,3,1,1,2,0,True
2027,1994,-0.0664,1995,-0.0744,4,2,1,2,-1,True
2028,1999,-0.0882,2002,-0.0382,2,2,2,2,-3,False
2029,1995,-0.092,1999,-0.0842,2,2,1,2,-4,True
2030,1998,-0.1633,1998,-0.1479,4,2,1,2,0,True
2031,2001,-0.1078,2002,-0.12,4,3,1,1,-1,True
2032,2001,-0.072,2002,-0.1003,3,2,1,2,-1,True
2033,2001,-0.0625,2000,-0.0417,3,2,1,2,1,False
2034,2002,-0.0445,2000,-0.0312,2,2,1,2,2,False
2035,2005,-0.0478,2005,-0.0526,6,2,1,3,0,False
2036,2005,-0.1376,2002,-0.2222,4,2,1,2,3,True
2037,2004,-0.1602,2015,-0.1133,3,3,1,3,-11,True
2038,2000,-0.279,2002,-0.3021,3,3,1,2,-2,True
2039,2005,-0.2284,2003,-0.219,2,2,1,1,2,True
2040,1998,-0.1352,1998,-0.1126,3,2,2,2,0,True
2041,2013,-0.1727,2011,-0.1501,3,2,1,2,2,True
2042,2012,-0.1398,2011,-0.1088,3,2,1,1,1,True
2043,2000,-0.1967,2007,-0.2233,3,2,1,2,-7,True
2044,1996,-0.2578,1996,-0.2353,2,2,2,2,0,True
2045,1994,-0.2012,1994,-0.1112,3,1,1,1,0,True
2046,2004,-0.1324,2011,-0.1287,3,2,2,2,-7,True
2047,2004,-0.1484,1995,-0.1486,3,3,1,2,9,True
2048,2004,-0.0939,1999,-0.0554,3,2,1,3,5,True
2049,2004,-0.082,2003,-0.0768,3,2,1,2,1,True
2050,2012,-0.0184,2011,-0.0602,5,2,0,2,1,False
2051,2009,-0.1455,2003,-0.1634,4,1,1,2,6,True
2052,2005,-0.1971,2007,-0.1548,4,3,1,3,-2,True
2053,2004,-0.1904,2010,-0.2273,3,2,1,1,-6,True
2054,2003,-0.0415,1992,-0.0413,2,1,1,2,11,False
2055,2012,-0.0554,2011,-0.171,3,2,1,1,1,True
2056,1998,0.0202,1996,0.0034,4,2,1,2,2,False
2057,2010,-0.0148,1996,-0.013,2,2,2,2,14,False
2058,2014,-0.1114,2014,-0.0438,2,2,1,3,0,False
2059,2000,-0.0148,2000,-0.0079,5,2,0,2,0,False
2060,2004,-0.0084,1995,0.0037,5,2,1,2,9,False
2061,2013,-0.041,1997,-0.0225,3,1,1,2,16,False
2062,2000,-0.0524,1999,-0.0397,4,2,1,2,1,False
2063,1997,0.034,2004,0.0195,3,2,1,2,-7,False
2064,1999,0.1737,2002,0.1329,4,1,1,2,-3,True
2065,1999,0.1551,1999,0.1476,2,2,1,2,0,True
2066,1990,0.0502,2000,0.0562,5,4,0,2,-10,True
2067,2012,-0.0789,2011,-0.09,4,1,1,1,1,True
2068,2015,-0.0998,2014,-0.0811,4,2,1,1,1,True
2069,1994,-0.0189,1996,-0.0364,4,3,0,1,-2,False
2070,2006,0.004,1996,-0.046,4,2,0,3,10,False
2071,2009,0.0052,2000,-0.082,5,2,0,2,9,False
2072,1997,-0.0963,1995,-0.0814,4,1,1,2,2,True
2073,2004,-0.147,1995,-0.0406,3,1,1,2,9,False
2074,2000,-0.1933,1999,-0.2873,2,1,1,1,1,True
2075,1999,-0.198,1994,-0.2129,3,2,1,1,5,True
2076,1997,-0.2536,1997,-0.2122,2,2,1,2,0,True
2077,1994,-0.0305,1997,-0.0689,5,2,0,2,-3,False
2078,2004,0.0021,1997,-0.0211,4,3,1,2,7,False
2079,2021,-0.0372,1999,-0.0022,6,0,0,2,22,False
2080,1996,-0.2241,1997,-0.1938,3,1,1,1,-1,True
2081,1996,-0.1933,1995,-0.1082,4,3,1,1,1,True
2082,2002,-0.1179,2003,-0.064,3,3,1,2,-1,True
2083,1998,-0.1933,2006,-0.1921,3,3,1,2,-8,True
2084,1998,-0.3067,1997,-0.2276,2,2,2,2,1,True
2085,1999,-0.1165,1996,-0.1087,2,2,1,2,3,True
2086,1998,-0.0735,2011,-0.1081,4,1,1,2,-13,True
2087,1998,-0.0433,2008,-0.0632,2,2,1,2,-10,False
2088,1998,-0.0734,1998,-0.0736,4,2,1,2,0,True
2089,1999,-0.3567,1999,-0.3921,3,1,1,1,0,True
2090,1999,-0.3769,1999,-0.1817,2,2,1,2,0,True
2091,2001,-0.1639,1994,-0.1519,2,2,1,1,7,True
2092,2001,-0.2118,2001,-0.155,2,1,1,1,0,True
2093,1999,-0.1643,2000,-0.293,3,2,1,2,-1,True
2094,1998,-0.1943,1999,-0.1825,3,1,1,2,-1,True
2095,2003,-0.0968,2000,-0.1176,3,2,1,2,3,True
2096,1999,-0.19,1999,-0.2157,3,2,1,2,0,True
2097,2002,-0.0434,1995,0.0171,2,1,1,3,7,False
2098,2002,-0.2424,1998,-0.1121,2,1,1,2,4,True
2099,2001,-0.3655,1998,-0.333,2,2,1,2,3,True
2100,2001,-0.4129,1998,-0.3437,2,2,1,1,3,True
2101,1997,-0.4185,2001,-0.3763,3,2,1,2,-4,True
2102,2000,-0.3076,2000,-0.4191,3,2,1,2,0,True
2103,1998,-0.2083,1997,-0.2426,2,2,1,1,1,True
2104,1994,-0.2531,1993,-0.2769,5,2,0,2,1,True
2105,1997,-0.2354,1997,-0.2846,3,2,1,1,0,True
2106,1997,-0.3524,1997,-0.3132,3,3,1,1,0,True
2107,1996,-0.3436,1996,-0.2802,3,2,1,2,0,True
2108,2005,-0.186,2003,-0.2536,3,2,2,2,2,True
2109,1999,-0.0834,1998,-0.1737,2,1,1,2,1,True
2110,1998,-0.1448,1998,-0.157,2,2,2,2,0,True
2111,1998,-0.2958,1998,-0.3322,3,1,1,2,0,True
2112,2002,-0.2479,2003,-0.3016,3,1,1,2,-1,True
2113,1998,-0.2465,2002,-0.2573,3,2,1,2,-4,True
2114,1997,-0.1199,2002,-0.1226,3,2,1,2,-5,True
2115,1997,-0.0492,1999,-0.0491,3,1,1,1,-2,False
2116,1997,-0.0991,1997,-0.1206,5,2,1,1,0,True
2117,2004,-0.0771,1997,-0.2409,4,2,2,2,7,True
2118,1996,-0.3415,1999,-0.5184,4,2,1,1,-3,True
2119,1996,-0.2962,1996,-0.1806,3,2,1,1,0,True
2120,1997,-0.2631,1995,-0.1813,3,2,1,2,2,True
2121,1994,-0.1183,1994,-0.0403,3,2,1,2,0,False
2122,2005,-0.0871,2002,-0.1231,3,2,2,2,3,True
2123,2005,-0.066,2000,-0.0786,3,3,1,2,5,True
2124,2005,-0.0905,2002,-0.1078,3,1,1,2,3,True
2125,2006,-0.0882,1995,-0.1691,3,3,1,2,11,True
2126,2002,-0.1286,1997,-0.1758,2,2,1,2,5,True
2127,2001,-0.117,2001,-0.1752,2,2,1,2,0,True
2128,2000,-0.0548,2002,-0.016,2,2,1,1,-2,False
2129,2008,-0.014,2012,-0.0111,3,3,0,2,-4,False
2130,2006,0.0155,1994,-0.0503,4,2,1,3,12,False
2131,1996,-0.0893,2009,-0.1043,3,1,1,2,-13,True
2132,2003,-0.1807,1997,-0.2411,3,3,1,2,6,True
2133,2011,-0.1139,2000,-0.1502,2,2,1,3,11,True
2134,1991,-0.1035,2002,0.0178,3,3,1,2,-11,False
2135,2012,-0.1475,2012,-0.1725,3,3,1,2,0,True
2136,1994,-0.1254,2007,-0.1219,3,2,2,2,-13,True
2137,2011,-0.0508,2012,-0.0315,4,2,0,1,-1,False
2138,1992,-0.0784,2019,-0.038,4,2,1,2,-27,False
2139,2019,-0.0431,1997,0.0249,3,3,0,2,22,False
2140,1990,0.021,1995,-0.0248,4,2,0,2,-5,False
2141,1996,-0.1121,2003,-0.0717,3,2,1,2,-7,True
2142,1996,-0.1992,1997,-0.1542,3,2,1,1,-1,True
2143,1995,-0.1048,1993,-0.1141,4,1,1,2,2,True
2144,2010,-0.0948,1993,-0.0795,3,2,2,1,17,True
2145,1999,-0.1385,2001,-0.1429,3,2,1,3,-2,True
2146,2000,-0.1029,2000,-0.1084,3,2,1,2,0,True
2147,2017,-0.0345,2016,-0.0666,2,2,2,2,1,False
2148,1997,-0.0562,1996,-0.0707,4,2,1,2,1,True
2149,1997,-0.0506,1997,-0.057,3,3,1,2,0,True
2150,1992,-0.0843,1997,-0.0607,3,2,2,2,-5,True
2151,2002,-0.0463,2010,-0.0454,3,2,1,2,-8,False
2152,2016,-0.0212,2015,-0.0392,4,1,1,2,1,False
2153,2001,-0.0856,2004,-0.0875,4,3,1,3,-3,True
2154,2004,-0.0828,1999,-0.159,4,2,1,2,5,True
2155,2005,-0.1605,2000,-0.0749,3,2,1,2,5,True
2156,2013,-0.1619,2012,-0.1575,2,2,2,2,1,True
2157,2012,-0.1992,2011,-0.2664,2,2,1,2,1,True
2158,1998,-0.2995,1998,-0.2077,3,3,1,2,0,True
2159,1999,-0.2344,1998,-0.2632,4,2,1,2,1,True
2160,1993,-0.1663,1994,-0.1895,2,2,2,2,-1,True
2161,1994,-0.1759,1993,-0.1538,2,2,2,2,1,True
2162,1998,-0.0728,1993,-0.0517,4,2,1,2,5,True
2163,1998,-0.0668,2011,0.0216,4,2,1,2,-13,False
2164,2007,-0.0412,1989,-0.0538,2,2,1,3,18,False
2165,2008,-0.0481,2008,-0.0407,2,1,1,2,0,False
2166,2009,-0.1185,2008,-0.0649,2,2,1,2,1,True
2167,2008,-0.1603,2008,-0.0953,4,3,1,4,0,True
2168,2004,-0.2124,2007,-0.2785,4,2,1,1,-3,True
2169,2012,-0.1628,2012,-0.1346,3,2,2,3,0,True
2170,2012,-0.2783,2012,-0.3753,3,2,1,2,0,True
2171,2012,-0.1429,2011,-0.0579,3,2,1,2,1,True
2172,2011,-0.0956,2011,-0.0794,5,2,1,2,0,True
2173,2018,-0.1252,2018,-0.0491,6,1,0,2,0,False
2174,2015,-0.0692,1998,-0.0058,6,1,0,2,17,False
2175,1989,-0.0085,2011,-0.009,6,2,0,3,-22,False
2176,2001,-0.0386,1999,-0.0307,3,2,1,2,2,False
2177,2019,-0.0275,1992,-0.02,5,1,0,1,27,False
2178,1990,0.0259,2011,-0.0226,5,2,0,3,-21,False
2179,2001,0.0671,2013,-0.0294,2,2,1,2,-12,False
2180,2012,-0.0299,2013,-0.0611,3,2,0,1,-1,False
2181,2014,-0.046,1990,0.0388,5,2,2,3,24,False
2182,2013,-0.0207,2013,-0.0172,2,2,1,3,0,False
2183,2003,-0.0391,2002,-0.0314,3,2,1,3,1,False
2184,1999,-0.023,1999,-0.0114,4,3,0,3,0,False
2185,1997,-0.049,2003,-0.0996,5,1,1,2,-6,False
2186,1997,-0.1647,1997,-0.2118,3,2,1,2,0,True
2187,1999,-0.0947,1994,-0.1073,3,1,1,2,5,True
2188,1999,-0.1956,2000,-0.3073,3,1,1,1,-1,True
2189,1998,-0.1433,1992,-0.1397,2,2,1,3,6,True
2190,1997,-0.189,1996,-0.2483,2,2,1,1,1,True
2191,1996,-0.1346,1998,-0.0515,3,2,1,2,-2,True
2192,1997,-0.1409,1997,-0.096,3,2,1,2,0,True
2193,2018,0.006,2003,0.0223,5,0,0,2,15,False
2194,1997,-0.1314,1997,-0.073,2,1,1,1,0,True
2195,1996,-0.0687,1996,-0.0542,3,3,1,2,0,True
2196,1997,-0.1071,1997,-0.1113,3,2,1,2,0,True
2197,1998,-0.1184,1996,-0.1079,3,3,1,2,2,True
2198,1998,-0.1703,1997,-0.1154,2,2,1,2,1,True
2199,2006,-0.1405,1997,-0.0969,3,3,1,2,9,True
2200,1998,-0.2205,2013,-0.2669,2,2,1,2,-15,True
2201,2011,-0.2906,1998,-0.3742,2,2,2,2,13,True
2202,1998,-0.196,1999,-0.2183,2,2,1,2,-1,True
2203,2011,-0.1812,2012,-0.1869,2,2,2,2,-1,True
2204,1999,-0.1713,1999,-0.2489,2,2,1,1,0,True
2205,2000,-0.4028,1999,-0.3819,2,2,1,1,1,True
2206,2001,-0.291,2000,-0.2562,3,3,1,2,1,True
2207,1999,-0.2366,1999,-0.179,4,1,1,2,0,True
2208,2001,-0.1824,2001,-0.2181,3,1,1,2,0,True
2209,2003,-0.2293,2004,-0.2051,3,1,1,2,-1,True
2210,1999,-0.2105,2001,-0.1804,2,2,1,1,-2,True
2211,1999,-0.2488,1999,-0.1568,3,3,1,3,0,True
2212,1994,-0.1526,1999,-0.0982,4,2,1,2,-5,True
2213,2002,-0.1284,2003,-0.1065,3,2,1,2,-1,True
2214,2002,-0.2981,2001,-0.4368,2,1,1,1,1,True
2215,2000,-0.1673,1995,-0.2578,2,2,1,2,5,True
2216,2000,-0.3113,2001,-0.2859,3,1,1,2,-1,True
2217,2002,-0.2328,2002,-0.2292,3,2,1,2,0,True
2218,1998,-0.1953,1998,-0.1714,4,2,1,2,0,True
2219,2002,-0.2243,1998,-0.1541,2,2,1,1,4,True
2220,1994,-0.261,1997,-0.2176,4,2,2,1,-3,True
2221,1998,-0.2943,1998,-0.284,3,2,1,2,0,True
2222,1996,-0.4308,1996,-0.4282,4,2,1,2,0,True
2223,2000,-0.3005,2002,-0.2907,3,2,1,2,-2,True
2224,2001,-0.1836,2003,-0.306,3,2,1,2,-2,True
2225,2002,-0.1735,2000,-0.2284,3,2,1,2,2,True
2226,2008,-0.2341,2000,-0.3429,3,2,1,2,8,True
2227,2002,-0.2299,1998,-0.2736,3,2,1,2,4,True
2228,1998,-0.2323,1998,-0.1376,3,2,1,3,0,True
2229,1997,-0.2431,2003,-0.2242,4,2,1,2,-6,True
2230,1998,-0.1403,2001,-0.0611,3,2,1,2,-3,True
2231,2001,-0.1073,1998,-0.1248,3,3,1,2,3,True
2232,1996,-0.245,1997,-0.2795,4,2,1,2,-1,True
2233,1997,-0.3814,1997,-0.2337,2,2,1,2,0,True
2234,1998,-0.3271,1998,-0.2773,3,2,1,2,0,True
2235,1998,-0.2684,1997,-0.2814,2,2,1,2,1,True
2236,1994,-0.2701,1993,-0.2676,2,2,2,2,1,True
2237,1993,-0.1295,2011,-0.0908,3,2,2,2,-18,True
2238,2005,-0.15,2008,-0.0601,2,2,1,2,-3,True
2239,2009,-0.0621,2007,-0.1025,3,2,1,2,2,True
2240,2014,-0.033,2014,-0.0072,4,1,1,3,0,False
2241,1991,-0.0944,2001,-0.1506,5,1,1,2,-10,True
2242,1996,-0.1487,1997,-0.1649,3,2,1,2,-1,True
2243,2002,-0.0638,1996,-0.079,3,2,1,2,6,True
2244,2004,0.0336,2013,-0.0309,2,2,1,1,-9,False
2245,1999,-0.1416,1996,-0.0818,3,2,1,1,3,True
2246,2000,-0.1553,2000,-0.1185,3,1,1,2,0,True
2247,2008,-0.1468,2005,-0.107,2,2,1,1,3,True
2248,2008,-0.2194,2004,-0.2558,2,2,1,2,4,True
2249,2000,-0.2391,2000,-0.1939,3,2,1,2,0,True
2250,2013,-0.1384,2011,-0.1031,3,2,1,2,2,True
2251,2013,-0.1272,2005,-0.145,3,2,2,2,8,True
2252,2010,-0.0775,1994,-0.0898,3,2,1,2,16,True
2253,2009,-0.1318,2001,-0.1313,2,2,1,2,8,True
2254,2009,-0.1328,2011,-0.0789,4,2,1,2,-2,True
2255,2014,-0.0479,2005,-0.0191,3,2,2,1,9,False
2256,1993,-0.0334,1995,-0.0859,5,3,0,2,-2,False
2257,1993,-0.1134,1996,-0.1116,4,2,1,1,-3,True
2258,1996,-0.1412,1996,-0.1035,5,1,1,2,0,True
2259,2002,-0.1113,2001,-0.1296,3,1,1,2,1,True
2260,2001,-0.12,1998,-0.214,3,2,1,3,3,True
2261,2003,-0.1668,2004,-0.1382,3,3,1,2,-1,True
2262,2012,-0.0798,1994,-0.0711,4,3,1,2,18,True
2263,1995,-0.153,1996,-0.1457,4,2,2,2,-1,True
2264,1996,-0.1543,1996,-0.081,3,2,1,2,0,True
2265,2002,-0.0947,1998,-0.0748,3,2,1,2,4,True
2266,2011,-0.0317,1998,-0.0411,3,3,1,2,13,False
2267,1999,-0.0294,1998,-0.0478,2,2,1,2,1,False
2268,1997,-0.0317,1998,-0.0528,4,2,1,3,-1,False
2269,2016,-0.0726,1998,-0.1395,3,3,1,2,18,True
2270,2000,-0.0719,1999,-0.0892,4,3,1,2,1,True
2271,1999,-0.0698,1998,-0.0767,4,2,1,2,1,True
2272,1999,-0.2725,2012,-0.2012,3,3,1,2,-13,True
2273,1995,-0.3173,1999,-0.1812,3,2,1,2,-4,True
2274,1993,-0.0786,1996,-0.1587,4,1,1,2,-3,True
2275,1994,-0.1475,2004,-0.229,3,1,1,2,-10,True
2276,1994,-0.1761,2008,-0.2496,2,2,2,2,-14,True
2277,1994,-0.1312,2000,-0.0647,4,2,1,2,-6,True
2278,2015,0.0263,2015,0.0313,3,3,0,1,0,False
2279,2000,-0.0476,2001,-0.0539,4,2,1,2,-1,False
2280,2005,-0.0409,2005,-0.0524,4,3,1,1,0,False
2281,2004,-0.2141,2005,-0.2071,3,2,1,2,-1,True
2282,2004,-0.1409,2003,-0.0782,3,2,1,2,1,True
2283,2004,-0.2997,2000,-0.2156,2,2,1,2,4,True
2284,2010,-0.2136,2008,-0.2468,3,2,2,2,2,True
2285,2010,-0.1708,2010,-0.1547,4,2,1,2,0,True
2286,2013,-0.2521,2013,-0.2228,2,2,2,2,0,True
2287,2013,-0.1509,2013,-0.064,5,1,1,1,0,True
2288,2016,-0.1116,2011,-0.0584,3,3,0,1,5,True
2289,1992,-0.0003,2015,-0.0202,3,3,1,1,-23,False
2290,2013,-0.0297,2012,-0.0115,4,1,0,2,1,False
2291,2007,-0.0415,2012,-0.0472,3,2,1,2,-5,False
2292,2007,-0.0746,2000,-0.0663,3,3,1,2,7,True
2293,2013,-0.062,2010,-0.076,5,2,0,1,3,True
2294,1989,0.0324,2013,-0.0583,5,2,0,1,-24,False
2295,2014,-0.0177,1999,0.0544,5,3,0,3,15,False
2296,2019,-0.0716,1990,0.0419,5,3,0,3,29,False
2297,2012,-0.0924,1990,0.1258,4,2,1,3,22,True
2298,2004,0.0337,2020,-0.0285,3,3,1,3,-16,False
2299,1990,0.021,2014,-0.0587,6,2,0,2,-24,False
2300,2000,-0.0461,2001,-0.0411,4,1,1,2,-1,False
2301,2002,-0.156,1997,-0.084,2,2,1,1,5,True
2302,1997,-0.1607,1997,-0.0986,4,2,1,3,0,True
2303,1999,-0.0758,1999,-0.2222,3,3,1,1,0,True
2304,1995,-0.0981,1997,-0.1053,3,3,1,2,-2,True
2305,1997,-0.0886,1997,-0.0663,3,2,1,2,0,True
2306,2000,-0.0391,1992,0.0052,4,3,1,1,8,False
2307,2012,0.0154,1997,-0.0816,5,2,0,2,15,False
2308,1995,-0.0256,2014,0.0128,4,2,1,3,-19,False
2309,1998,-0.0409,1993,-0.0091,2,2,1,3,5,False
2310,2001,0.0172,1994,0.0266,2,2,1,1,7,False
2311,1991,-0.0487,1997,-0.0342,3,2,1,1,-6,False
2312,1996,-0.1086,1996,-0.1059,3,3,1,3,0,True
2313,2014,-0.1219,1998,-0.1475,3,2,2,2,16,True
2314,1995,-0.1565,2002,-0.1156,3,2,2,2,-7,True
2315,2006,-0.135,1997,-0.0946,3,2,2,2,9,True
2316,1999,-0.182,2011,-0.241,2,2,1,2,-12,True
2317,1998,-0.3407,1998,-0.3111,2,2,2,2,0,True
2318,1998,-0.3324,1997,-0.34,3,2,1,2,1,True
2319,1997,-0.2707,1998,-0.2503,3,1,1,2,-1,True
2320,2000,-0.2861,2000,-0.2101,2,1,1,1,0,True
2321,2007,-0.3481,2002,-0.2929,3,2,1,2,5,True
2322,1998,-0.2179,1998,-0.217,2,2,2,2,0,True
2323,1997,-0.1808,1998,-0.2003,2,2,1,2,-1,True
2324,1999,-0.2145,1999,-0.1133,3,2,1,2,0,True
2325,2003,-0.1757,2004,-0.2169,3,2,1,2,-1,True
2326,1996,-0.2387,1997,-0.1996,2,2,1,2,-1,True
2327,1997,-0.1473,2009,-0.1706,2,2,1,2,-12,True
2328,1998,-0.2039,1999,-0.1914,4,2,1,2,-1,True
2329,1997,-0.2178,1997,-0.172,4,2,1,2,0,True
2330,1996,-0.1987,1996,-0.1494,2,2,1,2,0,True
2331,2003,-0.1457,1999,-0.1439,3,2,1,2,4,True
2332,2004,-0.1831,1995,-0.2096,3,2,1,2,9,True
2333,2003,-0.1613,2003,-0.1195,3,1,1,1,0,True
2334,2002,-0.315,2002,-0.2404,2,1,1,2,0,True
2335,1996,-0.4194,1995,-0.3446,4,1,1,2,1,True
2336,1995,-0.2936,1996,-0.2982,4,3,1,2,-1,True
2337,1990,-0.1681,2001,-0.0574,6,1,0,3,-11,True
2338,1993,-0.1789,1993,-0.1721,4,2,1,2,0,True
2339,1998,-0.3431,1999,-0.3004,3,2,1,2,-1,True
2340,1998,-0.0553,2004,-0.0187,3,2,1,2,-6,False
2341,2004,-0.2817,1999,-0.2609,3,2,1,2,5,True
2342,1998,-0.2664,1998,-0.1451,3,2,1,2,0,True
2343,1998,-0.2871,1997,-0.2238,2,2,1,2,1,True
2344,1998,-0.2223,1998,-0.2509,3,2,1,2,0,True
2345,1998,-0.1311,1999,-0.1109,3,2,1,2,-1,True
2346,1997,-0.1171,1997,-0.0793,3,3,1,2,0,True
2347,1995,-0.0997,1999,-0.2138,4,1,1,2,-4,True
2348,2004,-0.0013,2010,-0.0153,3,2,1,1,-6,False
2349,1995,-0.1287,1997,-0.1111,2,2,1,2,-2,True
2350,1994,-0.1088,2001,-0.1109,2,2,2,2,-7,True
2351,1998,-0.2165,1998,-0.2427,3,2,1,2,0,True
2352,1999,-0.2025,1999,-0.265,3,2,1,1,0,True
2353,2001,0.0123,1994,-0.0268,4,2,0,2,7,False
2354,2003,0.0542,2001,0.0284,2,2,1,3,2,False
2355,1991,-0.1152,1993,-0.0418,4,3,1,2,-2,False
2356,1994,-0.1281,2006,-0.0811,3,2,2,2,-12,True
2357,1996,-0.1284,2000,-0.1775,3,2,1,2,-4,True
2358,2002,-0.1824,2002,-0.248,2,2,1,1,0,True
2359,1999,-0.1239,2002,-0.1564,2,1,1,2,-3,True
2360,1997,-0.1223,1992,-0.0214,4,1,1,1,5,False
2361,1996,-0.0454,1993,-0.055,3,2,1,3,3,False
2362,1994,-0.2234,1996,-0.1839,4,2,1,3,-2,True
2363,2003,-0.388,1996,-0.4445,3,2,1,2,7,True
2364,1992,-0.2569,2007,-0.2333,3,2,2,2,-15,True
2365,2010,-0.1256,2000,-0.1323,3,3,1,3,10,True
2366,2001,-0.2011,2003,-0.1458,3,2,1,2,-2,True
2367,2004,-0.0563,1994,-0.084,4,3,1,2,10,True
2368,1997,-0.0883,1994,-0.1047,3,2,1,2,3,True
2369,2009,-0.1423,2003,-0.117,3,2,2,2,6,True
2370,2014,-0.0574,2011,-0.0317,3,2,1,1,3,False
2371,2007,0.0297,1993,-0.0431,2,2,2,1,14,False
2372,1996,-0.1647,1996,-0.1066,3,3,1,3,0,True
2373,1997,-0.1272,1996,-0.1427,3,2,2,2,1,True
2374,2001,-0.1789,2001,-0.152,3,1,1,2,0,True
2375,2001,-0.1153,1997,-0.1503,3,2,1,1,4,True
2376,1998,-0.1848,1998,-0.1327,3,2,1,2,0,True
2377,1999,-0.221,2004,-0.185,4,2,1,2,-5,True
2378,1996,-0.2398,1997,-0.2254,2,2,1,2,-1,True
2379,1997,-0.2256,1997,-0.2447,2,2,2,2,0,True
2380,2012,-0.0271,1999,-0.0321,3,2,1,3,13,False
2381,1996,-0.0417,2015,-0.0328,3,2,2,2,-19,False
2382,1996,-0.0213,1999,-0.0024,4,1,1,3,-3,False
2383,2012,-0.0943,1992,-0.0532,3,3,1,2,20,True
2384,1999,-0.0862,2003,-0.0663,3,2,2,2,-4,True
2385,2012,-0.1116,2011,-0.1596,3,2,1,2,1,True
2386,2011,-0.1204,2008,-0.0637,2,2,2,2,3,True
2387,1999,-0.2004,1999,-0.128,2,2,1,3,0,True
2388,1999,-0.178,2000,-0.1807,3,2,2,3,-1,True
2389,1995,-0.1241,2004,-0.218,2,2,1,2,-9,True
2390,1994,-0.1752,1997,-0.1895,4,2,1,2,-3,True
2391,1994,-0.1678,1993,-0.1501,3,2,1,1,1,True
2392,2004,-0.1225,2004,-0.0936,2,2,2,2,0,True
2393,2001,-0.0653,1992,-0.0312,4,2,1,2,9,False
2394,2003,-0.2073,2004,-0.1672,2,1,1,2,-1,True
2395,2004,-0.3797,2004,-0.2113,2,1,1,2,0,True
2396,2011,-0.3805,2017,-0.356,3,3,1,2,-6,True
2397,2003,-0.4482,2003,-0.5217,2,2,1,2,0,True
2398,2005,-0.4901,2003,-0.4733,2,2,1,2,2,True
2399,2003,-0.1724,2004,-0.2795,3,2,1,2,-1,True
2400,2003,-0.2396,2003,-0.0639,1,1,1,2,0,True
2401,2014,-0.0834,2013,-0.0922,0,0,0,3,1,True
2402,2014,0.0,2011,-0.0006,0,0,0,2,3,False
2403,2014,-0.0181,2014,-0.0026,4,2,0,2,0,False
2404,2017,-0.0114,1996,-0.0032,3,2,1,2,21,False
2405,1989,-0.0203,1993,-0.0037,4,3,0,2,-4,False
2406,1996,-0.0222,1996,-0.0049,4,2,1,2,0,False
2407,2017,0.0005,1999,-0.0121,5,2,0,2,18,False
2408,1994,0.0015,2000,-0.0062,3,2,0,2,-6,False
2409,2004,0.0108,2012,-0.0509,3,2,0,2,-8,False
2410,1996,-0.0929,2012,-0.1495,2,2,2,2,-16,True
2411,2010,-0.0407,2012,-0.0453,3,2,2,2,-2,False
2412,1990,0.081,1990,0.0781,4,3,0,3,0,True
2413,2002,0.1031,2000,0.0504,2,2,1,3,2,True
2414,1991,-0.083,1995,-0.1434,4,3,0,3,-4,True
2415,1996,-0.1008,1993,-0.0499,3,3,1,1,3,False
2416,1996,-0.0698,2009,-0.0151,4,2,1,2,-13,False
2417,2000,-0.1043,2001,-0.1657,4,3,1,2,-1,True
2418,1991,-0.1774,1998,-0.1577,4,3,0,1,-7,True
2419,1997,-0.212,1996,-0.1348,3,2,1,1,1,True
2420,2004,0.0244,2003,0.0125,2,2,1,2,1,False
2421,2000,0.0163,2000,0.0127,2,1,1,2,0,False
2422,2011,0.0119,2007,-0.0041,2,2,1,0,4,False
2423,2004,0.0253,2000,0.0211,2,2,1,1,4,False
2424,1998,-0.0303,1996,-0.0364,2,2,1,2,2,False
2425,1992,-0.0186,2004,0.0114,5,1,1,2,-12,False
2426,1992,-0.0664,1996,-0.0578,4,2,1,3,-4,True
2427,1998,-0.1612,2000,-0.0946,2,2,1,2,-2,True
2428,1999,-0.2175,1998,-0.2009,3,2,1,1,1,True
2429,1999,-0.1829,1997,-0.2386,2,2,1,3,2,True
2430,2001,-0.1857,2001,-0.1305,3,1,1,2,0,True
2431,2000,-0.0616,2005,-0.026,3,2,1,1,-5,False
2432,1998,-0.1754,1998,-0.1805,3,3,1,2,0,True
2433,1998,-0.2156,1998,-0.1944,3,2,1,1,0,True
2434,1997,-0.3398,1996,-0.3255,4,1,1,1,1,True
2435,1999,-0.1813,1999,-0.207,2,2,1,2,0,True
2436,2000,-0.2129,2001,-0.1938,2,1,1,1,-1,True
2437,1990,-0.0777,1999,-0.0615,4,3,1,1,-9,True
2438,1997,-0.1754,1999,-0.1239,3,3,1,2,-2,True
2439,1998,-0.2069,2003,-0.2028,3,2,2,2,-5,True
2440,2001,-0.2326,2001,-0.3483,3,1,1,2,0,True
2441,1998,-0.3575,2001,-0.3077,3,2,1,2,-3,True
2442,1997,-0.2836,1997,-0.2242,3,3,1,2,0,True
2443,2012,-0.1875,2013,-0.1572,2,2,1,2,-1,True
2444,1997,-0.1866,1997,-0.2411,2,2,1,2,0,True
2445,1996,-0.2281,2003,-0.1499,3,2,1,2,-7,True
2446,2002,-0.2663,1999,-0.2674,2,2,1,2,3,True
2447,2003,-0.1767,2002,-0.2009,2,2,1,2,1,True
2448,2003,-0.2639,2000,-0.2012,2,1,1,2,3,True
2449,1996,-0.211,2001,-0.1923,3,2,1,2,-5,True
2450,1994,-0.1862,1997,-0.1608,4,3,1,1,-3,True
2451,1994,-0.1529,1992,-0.1895,4,2,1,2,2,True
2452,1995,-0.0917,2002,-0.0459,4,2,1,2,-7,False
2453,2004,-0.0008,2019,-0.004,3,3,0,3,-15,False
2454,2006,-0.0034,2007,-0.0041,3,2,1,2,-1,False
2455,2001,0.011,1994,0.0075,2,2,1,3,7,False
2456,1998,-0.086,1998,-0.0705,3,3,1,2,0,True
2457,2005,-0.1596,1998,-0.2544,3,3,1,3,7,True
2458,1998,-0.2585,1998,-0.2289,3,3,1,2,0,True
2459,1998,-0.3292,1997,-0.2345,3,2,1,2,1,True
2460,2005,-0.1382,1997,-0.0872,3,2,1,2,8,True
2461,1998,-0.2911,1998,-0.2938,3,2,1,2,0,True
2462,1997,-0.1736,1997,-0.141,4,3,1,2,0,True
2463,1994,-0.0914,1994,-0.0313,3,2,1,2,0,False
2464,2014,-0.0072,2013,-0.0065,0,0,0,1,1,False
2465,2016,-0.019,2004,-0.0057,4,3,0,2,12,False
2466,1999,-0.1995,1997,-0.2497,2,1,1,3,2,True
2467,2002,-0.1833,2002,-0.1729,2,2,1,2,0,True
2468,2002,-0.0401,2016,-0.0176,3,2,2,2,-14,False
2469,2006,0.062,2015,-0.0163,2,2,1,0,-9,False
2470,1999,-0.0661,1998,-0.0577,4,2,1,2,1,True
2471,2005,-0.1314,2003,-0.1541,3,2,1,2,2,True
2472,2004,-0.1478,2002,-0.1195,3,2,1,2,2,True
2473,1997,-0.112,1995,-0.17,4,2,1,2,2,True
2474,2001,-0.0414,2002,-0.0521,3,2,1,2,-1,False
2475,1996,-0.1277,1997,-0.1441,4,1,1,2,-1,True
2476,1994,-0.1707,1995,-0.0817,4,2,1,3,-1,True
2477,1998,-0.3471,1996,-0.2081,4,2,1,2,2,True
2478,1998,-0.3373,2001,-0.3289,2,2,1,3,-3,True
2479,1994,-0.2807,1999,-0.2639,3,3,2,2,-5,True
2480,1995,-0.2206,1997,-0.1845,3,2,2,2,-2,True
2481,1995,-0.1263,1995,-0.1358,3,2,2,2,0,True
2482,1993,-0.1988,1995,-0.18,3,2,2,2,-2,True
2483,1992,-0.0902,2001,-0.1049,3,2,1,3,-9,True
2484,1999,-0.0453,2002,-0.0966,3,2,1,1,-3,False
2485,2007,-0.0744,2005,-0.0473,3,2,1,2,2,False
2486,1993,-0.0363,1992,-0.0396,4,1,1,2,1,False
2487,1997,-0.0607,1997,-0.1001,3,2,1,2,0,True
2488,1996,-0.2357,1997,-0.2426,2,2,1,2,-1,True
2489,1996,-0.2089,1997,-0.344,2,2,2,2,-1,True
2490,1997,-0.2065,1997,-0.139,4,2,1,2,0,True
2491,1996,-0.2811,1997,-0.4066,3,2,1,2,-1,True
2492,1999,-0.1181,1998,-0.1518,3,3,1,2,1,True
2493,1997,-0.3891,1997,-0.4116,2,2,1,1,0,True
2494,1996,-0.3156,1996,-0.304,2,2,2,2,0,True
2495,1996,-0.083,1996,-0.0695,3,2,1,2,0,True
2496,1995,-0.053,1995,-0.0538,2,2,2,2,0,True
2497,1996,-0.1138,2002,-0.0691,2,2,1,2,-6,True
2498,2011,-0.0063,1994,-0.0032,2,1,1,1,17,False
2499,2011,-0.0101,1995,0.0065,2,2,1,0,16,False
2500,2011,-0.0915,2009,-0.0492,2,2,2,2,2,False
2501,2009,-0.0723,2000,-0.0487,3,2,1,2,9,False
2502,2005,-0.2061,1999,-0.1925,3,3,1,2,6,True
2503,2003,-0.2665,2001,-0.1816,3,2,1,2,2,True
2504,1997,-0.338,1999,-0.3367,3,2,1,2,-2,True
2505,1995,-0.1365,2002,-0.1497,4,3,1,1,-7,True
2506,1995,-0.1883,2006,-0.1245,2,2,1,2,-11,True
2507,1994,-0.0733,1996,-0.0679,4,1,1,1,-2,True
2508,1998,-0.0384,1992,-0.0321,4,2,1,1,6,False
2509,2006,-0.1102,2002,-0.0745,2,2,1,3,4,True
2510,2004,-0.2583,2003,-0.2342,2,1,1,1,1,True
2511,2011,-0.2772,2011,-0.2311,4,1,1,1,0,True
2512,2011,-0.5652,2010,-0.5864,3,3,1,1,1,True
2513,2008,-0.537,2009,-0.4463,2,2,1,1,-1,True
2514,2005,-0.4412,2004,-0.4719,2,2,1,1,1,True
2515,2003,-0.3674,2004,-0.3819,2,2,1,2,-1,True
2516,2007,-0.0926,2010,-0.0969,2,1,1,2,-3,True
2517,1995,-0.0386,1995,-0.0162,3,2,1,2,0,False
2518,2014,0.0002,1996,0.0015,0,0,0,3,18,False
2519,2006,-0.0837,2007,-0.0304,3,1,1,2,-1,False
2520,1991,-0.0073,2015,-0.0046,5,3,1,2,-24,False
2521,1996,-0.0118,1995,0.0106,3,2,1,2,1,False
2522,1996,-0.0156,2011,-0.0012,3,2,1,2,-15,False
2523,2010,-0.0095,1994,-0.005,2,2,1,2,16,False
2524,2000,-0.0761,1999,-0.1024,2,2,1,2,1,True
2525,2000,-0.007,2010,-0.0559,6,0,0,2,-10,False
2526,1996,-0.0449,1996,-0.0664,4,3,1,1,0,False
2527,2002,0.0526,2002,0.07,5,2,1,1,0,True
2528,1991,-0.0892,2015,-0.041,3,3,0,3,-24,False
2529,1992,-0.1991,1996,-0.203,4,2,1,3,-4,True
2530,1997,-0.1841,1997,-0.3048,3,2,1,2,0,True
2531,2012,-0.0486,2011,-0.063,3,2,1,2,1,False
2532,1991,-0.1957,2003,-0.1793,3,3,2,2,-12,True
2533,1998,-0.1761,1998,-0.2477,2,2,1,2,0,True
2534,1997,-0.1323,1998,-0.1387,5,1,1,2,-1,True
2535,1995,-0.1131,1995,-0.0984,4,2,1,2,0,True
2536,2004,-0.3137,2004,-0.2522,2,2,1,1,0,True
2537,2004,-0.137,2002,-0.1045,2,2,1,2,2,True
2538,1996,-0.0686,2002,-0.0815,3,2,1,2,-6,True
2539,2004,0.0132,2004,0.0167,4,2,1,2,0,False
2540,1999,0.0192,2004,0.0102,3,3,1,1,-5,False
2541,2021,-0.0512,1995,-0.0185,6,2,0,3,26,False
2542,1996,-0.0952,1996,-0.0401,3,1,1,1,0,False
2543,1998,-0.1178,2013,-0.0789,3,2,1,2,-15,True
2544,2013,-0.0794,1998,-0.1345,3,2,2,2,15,True
2545,2000,-0.1518,1998,-0.1797,3,2,1,2,2,True
2546,1999,-0.1388,1999,-0.2126,3,3,1,2,0,True
2547,1999,-0.1425,1998,-0.204,3,2,1,2,1,True
2548,1998,-0.1656,1998,-0.2047,3,3,1,2,0,True
2549,1996,-0.1528,1998,-0.13,3,2,1,1,-2,True
2550,1998,-0.1357,2011,-0.1089,3,2,1,2,-13,True
2551,2001,-0.093,2000,-0.1054,2,2,2,2,1,True
2552,2003,-0.0549,2004,-0.0871,2,1,1,2,-1,True
2553,2001,-0.1224,2002,-0.2377,3,2,1,2,-1,True
2554,2012,-0.1067,2012,-0.0338,3,2,2,3,0,False
2555,1999,-0.1997,2011,-0.2338,3,2,2,2,-12,True
2556,2001,-0.288,2002,-0.2635,3,2,1,2,-1,True
2557,2001,-0.3325,2000,-0.3602,3,2,1,2,1,True
2558,2012,-0.1756,2007,-0.1225,3,2,1,2,5,True
2559,2007,-0.1442,2002,-0.1757,3,2,1,2,5,True
2560,2005,-0.2134,2001,-0.3014,3,3,1,2,4,True
2561,2004,-0.154,2002,-0.2434,2,2,1,2,2,True
2562,2001,-0.2328,2001,-0.2104,3,2,1,2,0,True
2563,2003,-0.2723,2003,-0.2229,2,2,1,2,0,True
2564,2003,-0.2587,2004,-0.3215,2,2,2,2,-1,True
2565,1997,-0.2485,2001,-0.2108,3,2,1,3,-4,True
2566,2001,-0.3273,2001,-0.3122,2,2,1,2,0,True
2567,2002,-0.1626,2001,-0.2635,2,2,1,1,1,True
2568,2004,-0.0195,2005,-0.0034,3,2,1,1,-1,False
2569,2015,-0.0032,1988,0.0019,4,3,1,4,27,False
2570,2001,-0.0575,1998,-0.0395,3,2,1,2,3,False
2571,1993,0.0074,1997,-0.0189,5,1,0,1,-4,False
2572,2000,-0.2224,1998,-0.22,3,1,1,2,2,True
2573,1999,-0.2758,2008,-0.3876,3,2,1,2,-9,True
2574,1997,-0.3494,1998,-0.3401,3,2,1,2,-1,True
2575,1998,-0.2637,1998,-0.37,2,2,1,2,0,True
2576,1997,-0.1682,2003,-0.1847,4,3,1,2,-6,True
2577,1998,-0.2943,1999,-0.3137,2,2,1,2,-1,True
2578,2000,-0.1545,2002,-0.1657,3,1,1,2,-2,True
2579,2012,-0.0208,2011,-0.0138,1,1,1,1,1,False
2580,1997,-0.0952,1998,-0.0077,2,2,1,2,-1,False
2581,2005,-0.1401,2013,-0.0568,2,2,1,2,-8,True
2582,2012,-0.196,2013,-0.1262,2,2,2,2,-1,True
2583,2014,0.0,2014,0.0,0,0,0,0,0,False
2584,1991,-0.1671,1991,-0.0873,4,3,1,3,0,True
2585,1995,-0.1785,1992,-0.1216,4,1,1,1,3,True
2586,2002,-0.0738,2002,-0.0786,2,1,1,2,0,True
2587,1995,-0.0506,1996,-0.1136,2,2,2,1,-1,True
2588,2009,0.0011,1997,-0.0397,3,3,2,3,12,False
2589,1996,-0.1595,1996,-0.1578,3,1,1,2,0,True
2590,1996,-0.0747,1995,-0.0282,4,3,1,2,1,False
2591,1994,-0.1345,1996,-0.0888,5,1,1,2,-2,True
2592,2005,-0.1424,1996,-0.1243,3,2,2,2,9,True
2593,2001,-0.2672,1994,-0.3365,3,2,1,2,7,True
2594,1997,-0.2375,1998,-0.4219,3,3,1,2,-1,True
2595,2002,-0.1257,2005,-0.147,3,2,1,2,-3,True
2596,2009,-0.1851,1995,-0.2274,3,2,2,2,14,True
2597,1993,-0.1439,1993,-0.1622,2,2,1,2,0,True
2598,1993,-0.2382,2004,-0.1476,3,2,2,2,-11,True
2599,2003,-0.0805,1994,-0.1517,4,3,1,2,9,True
2600,2012,-0.0875,2011,-0.0786,2,2,2,2,1,True
2601,1998,-0.0865,1995,-0.0682,2,2,1,1,3,True
2602,1998,-0.0833,1995,-0.0803,4,2,1,1,3,True
2603,1991,-0.0559,1998,-0.1028,5,2,0,2,-7,True
2604,1993,-0.1274,1997,-0.1447,4,2,2,2,-4,True
2605,1996,-0.2013,1996,-0.3453,3,1,1,2,0,True
2606,1997,-0.2345,1997,-0.156,2,2,1,2,0,True
2607,1996,-0.4383,1997,-0.3298,2,2,1,1,-1,True
2608,1996,-0.592,1996,-0.5841,2,2,1,2,0,True
2609,1997,-0.3408,1996,-0.3114,3,2,1,2,1,True
2610,2012,-0.155,1996,-0.134,2,2,2,2,16,True
2611,2000,-0.1684,2004,-0.1439,2,2,2,2,-4,True
2612,1997,-0.047,1996,-0.0913,4,2,1,2,1,False
2613,2001,0.0042,2002,0.0021,3,2,0,2,-1,False
2614,2004,0.0013,2000,0.0034,4,2,0,1,4,False
2615,2005,-0.0227,2005,-0.0025,2,2,1,2,0,False
2616,2014,0.0,1997,-0.0006,0,0,0,2,17,False
2617,2010,-0.073,2009,-0.0165,3,2,1,2,1,False
2618,2005,-0.0079,2020,-0.0019,2,2,1,0,-15,False
2619,1995,-0.3117,1996,-0.3158,4,2,1,2,-1,True
2620,2001,-0.3206,2002,-0.3918,2,1,1,1,-1,True
2621,2001,-0.1569,2002,-0.1267,2,1,1,2,-1,True
2622,1998,-0.0696,1998,-0.0664,5,2,1,2,0,True
2623,2001,-0.0595,2002,-0.0536,5,2,1,1,-1,True
2624,2006,-0.0618,2004,-0.0525,3,1,1,2,2,True
2625,2009,-0.336,2008,-0.1977,3,2,1,2,1,True
2626,2009,-0.3195,2003,-0.3729,3,2,1,2,6,True
2627,2008,-0.3508,2007,-0.2287,2,1,1,1,1,True
2628,2008,-0.3118,2008,-0.2425,2,1,1,1,0,True
2629,2009,-0.4557,2009,-0.4544,2,2,1,2,0,True
2630,2001,-0.0473,1995,0.0429,3,3,2,2,6,False
2631,2009,-0.0797,2009,-0.0378,3,1,1,1,0,False
2632,1995,-0.0374,1995,-0.0045,2,2,1,2,0,False
2633,2006,-0.1668,2006,-0.29,2,1,1,1,0,True
2634,2006,-0.3286,2006,-0.2438,2,1,1,2,0,True
2635,2011,-0.0891,2011,-0.0991,3,2,1,1,0,True
2636,1999,0.0006,2004,-0.0014,1,1,1,2,-5,False
2637,2010,-0.0157,2010,-0.006,1,1,1,2,0,False
2638,1992,-0.0335,1997,-0.0404,5,2,0,2,-5,False
2639,1998,0.022,2003,0.0099,4,2,0,2,-5,False
2640,2006,0.0219,1994,-0.072,5,2,0,1,12,False
2641,2017,0.0183,2006,0.0466,4,3,0,1,11,False
2642,2002,0.0428,2002,0.0187,5,3,1,2,0,False
2643,2005,0.0119,2003,0.0364,3,2,0,2,2,False
2644,1992,-0.1409,1992,-0.0771,2,2,2,2,0,True
2645,1996,-0.2421,1995,-0.193,4,3,1,1,1,True
2646,1996,-0.0243,2010,-0.025,3,1,1,2,-14,False
2647,1997,-0.0987,1996,-0.0495,3,1,1,1,1,False
2648,1998,-0.1405,2007,-0.1416,5,2,1,2,-9,True
2649,2007,-0.0835,2003,-0.2418,4,3,1,2,4,True
2650,1997,-0.1132,1997,-0.1734,3,2,1,2,0,True
2651,1998,-0.3063,1998,-0.2911,2,2,1,2,0,True
2652,2003,-0.4387,2004,-0.428,2,1,1,1,-1,True
2653,1998,-0.3727,1998,-0.3571,2,2,1,2,0,True
2654,1991,-0.0793,1991,-0.0432,4,2,0,4,0,False
2655,1996,-0.1191,1996,-0.1766,3,1,1,2,0,True
2656,1989,0.085,1992,0.0366,7,2,0,1,-3,False
2657,2006,-0.0112,1994,0.0804,4,2,0,2,12,False
2658,1996,-0.1312,2013,-0.0568,3,2,1,2,-17,True
2659,1998,-0.2121,1994,-0.2897,3,2,1,2,4,True
2660,1998,-0.1256,1997,-0.2055,2,2,1,2,1,True
2661,1999,-0.1172,2002,-0.0669,3,2,1,2,-3,True
2662,1999,-0.3092,2001,-0.2982,2,2,1,2,-2,True
2663,1998,-0.3138,2005,-0.2495,3,2,1,3,-7,True
2664,1994,-0.1772,1995,-0.2092,3,2,2,3,-1,True
2665,2004,-0.2337,2004,-0.1938,3,2,1,3,0,True
2666,2002,-0.1655,2002,-0.2396,2,1,1,1,0,True
2667,2002,-0.0791,2001,-0.1112,2,2,2,2,1,True
2668,1998,-0.066,1998,-0.0602,4,2,1,2,0,True
2669,1998,-0.1516,1998,-0.1955,4,3,1,2,0,True
2670,1999,-0.0305,1999,-0.0237,3,1,1,1,0,False
2671,2004,-0.166,2004,-0.1205,3,2,1,1,0,True
2672,2000,-0.2676,2000,-0.2588,3,2,1,2,0,True
2673,2011,-0.0351,2008,-0.0321,4,3,1,2,3,False
2674,1999,-0.1608,2004,-0.1927,3,3,1,2,-5,True
2675,2000,-0.2758,1999,-0.3462,3,2,2,2,1,True
2676,2000,-0.3296,2000,-0.3111,3,3,1,2,0,True
2677,2003,-0.2671,2001,-0.283,2,2,1,2,2,True
2678,2000,-0.3355,1998,-0.328,3,2,1,2,2,True
2679,2002,-0.2968,1995,-0.4952,3,2,1,2,7,True
2680,2001,-0.2988,2001,-0.2955,4,2,1,2,0,True
2681,2001,-0.1582,2000,-0.152,3,2,1,3,1,True
2682,1999,-0.1935,2001,-0.1922,3,2,1,2,-2,True
2683,2013,-0.1047,2002,-0.1487,3,2,2,2,11,True
2684,2003,-0.1604,2005,-0.1417,3,2,1,1,-2,True
2685,2002,-0.1856,2002,-0.2728,2,2,1,2,0,True
2686,1993,-0.1683,1993,-0.0711,4,3,1,2,0,True
2687,1997,-0.1809,1997,-0.1655,4,2,1,3,0,True
2688,2003,-0.2368,2004,-0.2255,2,2,1,2,-1,True
2689,2003,-0.3758,2003,-0.2915,1,1,1,1,0,True
2690,2003,-0.3109,2004,-0.2245,2,2,1,2,-1,True
2691,1997,-0.2632,1997,-0.1718,4,2,1,2,0,True
2692,2000,-0.2245,1998,-0.1152,2,2,1,1,2,True
2693,2001,-0.164,1997,-0.1563,4,3,1,2,4,True
2694,1997,-0.2601,1997,-0.1674,3,1,1,3,0,True
2695,1997,-0.1691,1996,-0.1559,3,2,1,2,1,True
2696,2014,-0.0826,2014,-0.063,2,2,2,2,0,True
2697,1993,-0.1817,1995,-0.1208,4,3,1,2,-2,True
2698,1999,-0.0976,2003,-0.0856,2,2,1,2,-4,True
2699,1992,-0.0551,2010,-0.0588,3,2,1,2,-18,True
2700,1998,-0.1996,2002,-0.1936,3,3,1,2,-4,True
2701,2006,-0.0144,2006,-0.009,2,2,1,2,0,False
2702,2013,-0.0304,1992,-0.1151,2,2,2,2,21,False
2703,2011,-0.1809,1995,-0.1087,3,3,1,2,16,True
2704,2002,-0.1334,2002,-0.0907,3,3,2,2,0,True
2705,1996,-0.0753,1997,-0.0794,5,1,1,1,-1,True
2706,1996,-0.1459,1996,-0.2048,4,1,1,2,0,True
2707,1991,-0.0822,2001,-0.0425,4,2,2,2,-10,False
2708,2006,-0.0599,2001,-0.0206,3,2,2,2,5,False
2709,2005,-0.1409,1999,-0.1978,3,2,1,2,6,True
2710,2001,-0.1372,1999,-0.2456,2,2,1,2,2,True
2711,1999,-0.1772,2001,-0.1593,4,2,1,2,-2,True
2712,1999,-0.2145,1997,-0.1897,4,2,1,2,2,True
2713,2004,-0.2141,2002,-0.2177,3,2,1,2,2,True
2714,2002,-0.1663,2003,-0.1868,3,2,1,2,-1,True
2715,1998,-0.0491,1993,-0.0537,4,2,1,1,5,False
2716,1998,-0.0489,1993,-0.056,4,2,1,1,5,False
2717,2004,0.0388,2002,-0.0205,3,2,1,2,2,False
2718,1999,-0.0831,1999,-0.1434,4,2,1,3,0,True
2719,2001,-0.0826,2002,-0.0993,4,2,1,2,-1,True
2720,1998,-0.1262,1998,-0.1174,3,1,1,2,0,True
2721,2012,-0.0911,1998,-0.0796,3,2,2,2,14,True
2722,1996,-0.3488,1996,-0.3414,2,2,2,2,0,True
2723,1996,-0.3473,1997,-0.364,2,1,1,1,-1,True
2724,1996,-0.1717,1996,-0.1349,2,2,1,1,0,True
2725,1996,-0.0671,1995,-0.0981,2,2,1,2,1,True
2726,1996,-0.1204,1995,-0.0924,2,2,2,2,1,True
2727,1994,-0.0443,1994,-0.0384,4,3,0,2,0,False
2728,2012,-0.0567,2012,-0.0694,5,3,1,3,0,True
2729,2012,-0.0497,1998,-0.0482,3,2,1,2,14,False
2730,1995,-0.0196,1995,-0.0078,3,2,1,3,0,False
2731,1992,-0.0138,2002,-0.0345,4,1,0,2,-10,False
2732,1994,-0.0017,1992,-0.0151,7,1,0,3,2,False
2733,2011,-0.0132,2015,0.0003,4,1,1,2,-4,False
2734,2003,-0.0771,2005,-0.0803,3,2,1,2,-2,True
2735,2003,-0.1886,2002,-0.1547,3,2,1,2,1,True
2736,2001,-0.1443,2002,-0.1689,3,2,1,2,-1,True
2737,1995,-0.1336,1995,-0.151,4,2,1,2,0,True
2738,1996,-0.0874,1999,-0.0709,5,1,1,1,-3,True
2739,2002,-0.0264,2011,0.0258,3,2,2,1,-9,False
2740,2003,-0.165,2008,-0.0995,3,3,1,2,-5,True
2741,2003,-0.273,2001,-0.3586,3,2,1,2,2,True
2742,2003,-0.2948,2003,-0.3122,3,1,1,1,0,True
2743,2004,-0.487,2003,-0.4542,2,1,1,1,1,True
2744,2004,-0.2749,2003,-0.1824,3,1,1,2,1,True
2745,2004,-0.2807,2004,-0.3495,3,2,1,3,0,True
2746,2003,-0.0765,2003,-0.0492,4,1,1,2,0,False
2747,2013,-0.1288,2002,-0.1507,4,2,1,3,11,True
2748,2006,-0.2215,2006,-0.1041,1,1,1,1,0,True
2749,2006,-0.1347,2006,-0.0231,1,1,1,1,0,False
2750,2006,-0.1465,2006,-0.0872,2,1,1,1,0,True
2751,1998,-0.0201,2000,-0.0025,2,2,1,1,-2,False
2752,2010,-0.0147,2010,-0.0054,3,2,1,2,0,False
2753,1996,-0.0637,1998,-0.0231,3,1,1,2,-2,False
2754,1990,-0.0649,2001,0.0681,4,2,0,1,-11,True
2755,2004,-0.1101,1995,-0.1239,3,2,1,3,9,True
2756,1994,-0.123,1992,-0.0422,3,2,1,3,2,False
2757,1992,-0.0415,2002,0.0458,4,4,0,3,-10,False
2758,2002,0.0981,2001,0.0414,2,1,1,1,1,False
2759,2004,0.0216,1990,-0.0349,5,2,0,2,14,False
2760,1995,-0.2169,1992,-0.1549,4,3,1,3,3,True
2761,1999,-0.0127,1993,-0.0416,2,2,1,2,6,False
2762,2003,-0.0778,1992,-0.0686,3,2,1,3,11,True
2763,2011,-0.0207,1994,-0.026,5,2,0,2,17,False
2764,2002,-0.1223,2003,-0.1401,3,3,1,2,-1,True
2765,2007,-0.1411,2007,-0.1672,3,2,1,2,0,True
2766,1997,-0.0824,1997,-0.1041,4,2,1,1,0,True
2767,1998,-0.3356,1998,-0.3344,3,2,1,2,0,True
2768,1998,-0.3208,2001,-0.1907,3,2,1,2,-3,True
2769,1998,-0.2704,1997,-0.2671,4,2,1,2,1,True
2770,1997,-0.1188,2001,-0.087,3,2,1,2,-4,True
2771,2011,0.0337,2004,0.0706,3,2,1,2,7,False
2772,2001,-0.111,1999,-0.1027,3,2,1,2,2,True
2773,2004,-0.1023,1996,-0.0659,4,2,1,1,8,True
2774,1998,-0.2573,2002,-0.1912,3,3,1,2,-4,True
2775,1997,-0.1647,2000,-0.1402,2,2,2,2,-3,True
2776,1996,-0.1538,1997,-0.2528,3,2,1,1,-1,True
2777,1998,-0.1909,2000,-0.2259,2,2,2,2,-2,True
2778,1996,-0.2587,1998,-0.2289,2,2,1,2,-2,True
2779,2003,-0.1695,2002,-0.2182,3,3,1,3,1,True
2780,2004,-0.2647,2003,-0.2538,2,1,1,1,1,True
2781,2012,-0.0594,2011,-0.0716,2,2,2,2,1,True
2782,1997,-0.2339,1997,-0.2146,4,2,1,2,0,True
2783,1997,-0.2377,1993,-0.3969,3,2,1,2,4,True
2784,1997,-0.2256,2002,-0.1464,4,3,2,2,-5,True
2785,2012,-0.1349,1997,-0.0979,3,3,2,2,15,True
2786,2005,-0.1805,2004,-0.2896,3,2,1,1,1,True
2787,2007,-0.2282,2003,-0.1499,3,3,1,2,4,True
2788,2012,-0.0796,1994,-0.1059,4,2,1,2,18,True
2789,2000,-0.133,2003,-0.1709,2,2,1,2,-3,True
2790,1995,-0.2347,1999,-0.1732,4,2,1,3,-4,True
2791,1995,-0.2489,1999,-0.2402,3,3,1,2,-4,True
2792,1995,-0.2224,1996,-0.2524,2,2,2,2,-1,True
2793,2004,-0.2518,2004,-0.1299,2,1,1,1,0,True
2794,1999,-0.1639,2003,-0.1436,3,2,1,2,-4,True
2795,1995,-0.3214,2003,-0.2666,3,2,1,2,-8,True
2796,1995,-0.1439,2005,-0.1278,2,2,1,2,-10,True
2797,2003,-0.0567,2002,-0.0774,3,2,1,2,1,True
2798,2002,-0.2319,2002,-0.1659,3,2,1,2,0,True
2799,2003,-0.1735,2011,-0.1313,3,2,1,3,-8,True
2800,1998,-0.1841,2003,-0.1868,3,2,1,2,-5,True
2801,1996,-0.1888,2001,-0.1585,5,2,1,3,-5,True
2802,2010,-0.0,2007,0.0213,3,2,0,2,3,False
2803,2003,-0.1879,2003,-0.14,1,1,1,1,0,True
2804,2002,-0.172,1997,-0.1196,2,2,2,2,5,True
2805,1997,-0.4433,1997,-0.4391,3,2,1,1,0,True
2806,1997,-0.2472,1996,-0.1331,3,2,1,1,1,True
2807,1999,-0.1449,1999,-0.1182,4,1,1,2,0,True
2808,1998,-0.1854,1995,-0.1489,3,2,1,2,3,True
2809,1996,-0.1855,1996,-0.1961,3,2,1,2,0,True
2810,1998,-0.177,2001,-0.1365,3,3,1,3,-3,True
2811,1994,-0.2117,1995,-0.2197,3,2,2,2,-1,True
2812,2007,-0.1018,1999,-0.1308,3,2,1,2,8,True
2813,1998,-0.0586,1997,-0.1616,3,1,1,3,1,True
2814,2007,-0.128,2005,-0.0661,2,2,2,2,2,True
2815,2007,-0.0894,2003,-0.1155,2,2,2,2,4,True
2816,2009,-0.0134,2009,-0.0023,4,1,1,2,0,False
2817,2012,-0.1023,2007,-0.0491,3,3,1,3,5,False
2818,1998,-0.1284,1997,-0.0707,3,2,1,2,1,True
2819,2002,-0.2674,2002,-0.2749,3,2,1,2,0,True
2820,1996,-0.1933,2008,-0.1321,3,2,1,2,-12,True
2821,2003,-0.0534,2003,-0.0771,3,2,1,3,0,True
2822,2000,-0.1653,1997,-0.1614,3,2,1,2,3,True
2823,2007,-0.0107,2002,0.0276,4,2,0,1,5,False
2824,2006,-0.1246,2005,-0.1548,3,2,1,2,1,True
2825,2004,-0.1502,2004,-0.13,3,1,1,1,0,True
2826,2001,-0.3023,2001,-0.2121,2,1,1,2,0,True
2827,2010,-0.107,2004,-0.1867,3,2,2,2,6,True
2828,2003,-0.2239,1995,-0.2004,3,2,1,2,8,True
2829,2000,-0.2343,2002,-0.2696,2,2,1,1,-2,True
2830,2005,-0.0525,2012,-0.0414,4,1,1,3,-7,False
2831,1999,-0.0296,1996,-0.0548,5,1,1,2,3,False
2832,2016,0.034,2004,0.0552,4,3,0,1,12,False
2833,2007,-0.0531,1994,-0.0525,3,2,1,2,13,True
2834,2005,-0.0932,2004,-0.0761,2,2,1,2,1,True
2835,1995,-0.0756,1997,-0.0637,2,2,1,3,-2,True
2836,1995,-0.087,1995,-0.0669,3,2,1,2,0,True
2837,1996,-0.1325,2004,-0.0874,3,2,1,2,-8,True
2838,1996,-0.1637,1996,-0.1487,2,2,1,2,0,True
2839,1996,-0.0308,1992,-0.0204,3,2,1,2,4,False
2840,1998,-0.0448,2003,-0.0491,3,2,1,2,-5,False
2841,1995,-0.0792,1995,-0.075,3,1,1,1,0,True
2842,1995,-0.0467,1995,-0.035,3,2,1,2,0,False
2843,1993,-0.0601,2011,-0.0656,5,2,2,3,-18,True
2844,2004,-0.0284,2000,-0.037,3,2,1,2,4,False
2845,1992,-0.0143,1996,-0.0235,5,3,0,1,-4,False
2846,1997,-0.0509,1998,-0.0258,3,1,1,3,-1,False
2847,2011,-0.0224,2011,-0.0367,2,1,1,2,0,False
2848,2013,-0.011,1997,-0.012,2,2,2,2,16,False
2849,2008,-0.0434,2001,-0.0781,2,2,1,2,7,False
2850,2003,-0.2262,2003,-0.1712,2,2,1,2,0,True
2851,1997,-0.314,1996,-0.3415,3,2,1,2,1,True
2852,1998,-0.201,2001,-0.2452,3,2,1,2,-3,True
2853,2013,0.0652,1997,-0.0378,4,1,1,2,16,False
2854,2014,0.0357,2009,0.0385,3,2,1,2,5,False
2855,2003,-0.1964,2008,-0.1557,3,1,1,3,-5,True
2856,2002,-0.1883,2002,-0.2535,3,2,1,2,0,True
2857,2004,-0.2993,2003,-0.3138,3,2,1,2,1,True
2858,2003,-0.3081,1999,-0.2762,3,3,1,2,4,True
2859,2007,-0.3707,2011,-0.3976,3,2,1,2,-4,True
2860,2002,-0.2383,2004,-0.0861,3,2,1,2,-2,True
2861,2014,-0.2722,2011,-0.2647,3,2,1,2,3,True
2862,2009,-0.2721,2009,-0.1686,2,1,1,2,0,True
2863,2006,-0.1309,2005,-0.1533,2,1,1,1,1,True
2864,1995,-0.0188,1990,-0.0241,6,1,0,1,5,False
2865,1996,-0.0132,1996,-0.0136,2,2,1,2,0,False
2866,1999,-0.0046,1995,-0.0078,6,2,1,2,4,False
2867,1997,-0.0583,1998,-0.0613,3,1,1,2,-1,True
2868,1991,-0.0729,1993,-0.0366,4,2,0,2,-2,False
2869,1990,-0.0195,2006,-0.0534,5,3,0,2,-16,False
2870,2002,0.1127,2002,0.0658,3,2,1,1,0,True
2871,2002,0.0464,2013,-0.0683,5,3,0,2,-11,False
2872,2005,0.0575,2003,0.0593,4,2,1,1,2,True
2873,2003,0.1002,2002,0.1017,3,1,1,1,1,True
2874,2011,-0.0577,2003,0.0761,3,2,1,3,8,True
2875,2002,-0.1253,1996,-0.1402,2,2,1,2,6,True
2876,2001,-0.0261,2001,-0.0862,3,2,1,2,0,False
2877,1999,-0.0526,1999,-0.0579,4,1,1,2,0,True
2878,2004,-0.146,2003,-0.195,1,1,1,1,1,True
2879,2003,-0.2911,2002,-0.2135,2,2,1,2,1,True
2880,2003,-0.1207,1994,-0.0727,3,2,2,1,9,True
2881,1996,-0.0198,2008,-0.0058,5,2,1,2,-12,False
2882,1998,-0.1601,1998,-0.0712,2,2,1,3,0,True
2883,2002,-0.0752,1997,-0.1464,2,1,1,3,5,True
2884,2000,-0.2508,1998,-0.2583,3,2,1,2,2,True
2885,2003,-0.1425,2003,-0.2028,2,2,1,2,0,True
2886,1998,-0.1242,2002,-0.1402,4,3,1,2,-4,True
2887,2002,-0.0996,2004,-0.1276,3,2,1,2,-2,True
2888,1994,-0.0816,1996,-0.0504,3,2,1,1,-2,True
2889,2000,-0.0677,1999,-0.1977,2,2,1,2,1,True
2890,1997,-0.3324,1997,-0.2626,2,1,1,1,0,True
2891,1999,-0.1464,2007,-0.0581,2,2,1,2,-8,True
2892,2003,-0.1585,2003,-0.1657,2,2,1,1,0,True
2893,2001,-0.3823,2000,-0.3192,2,2,1,2,1,True
2894,2000,-0.208,1997,-0.3166,3,2,1,2,3,True
2895,1998,-0.4886,1998,-0.1567,3,2,1,2,0,True
2896,2000,-0.4082,1999,-0.2448,2,1,1,1,1,True
2897,1998,-0.3647,2000,-0.3132,3,2,1,2,-2,True
2898,1999,-0.3522,1999,-0.2784,3,2,1,2,0,True
2899,1999,-0.1635,2012,-0.1607,3,2,1,2,-13,True
2900,2005,-0.0768,2005,-0.1096,2,2,1,2,0,True
2901,2007,-0.0537,2004,-0.0262,3,2,1,2,3,False
2902,2012,-0.264,2012,-0.1346,3,2,1,2,0,True
2903,2002,-0.1583,2003,-0.234,3,2,1,2,-1,True
2904,2006,-0.1187,2012,-0.0896,3,2,1,2,-6,True
2905,2004,-0.1228,2008,-0.0581,3,3,1,2,-4,True
2906,1996,-0.2501,1996,-0.2607,3,2,1,2,0,True
2907,1998,-0.17,1993,-0.2137,3,2,1,2,5,True
2908,2002,-0.0895,2006,-0.0702,4,2,1,2,-4,True
2909,2008,-0.087,2014,-0.0979,2,2,1,2,-6,True
2910,2007,-0.1295,2010,-0.1412,2,1,1,2,-3,True
2911,2003,-0.1717,2005,-0.1814,2,2,1,2,-2,True
2912,2000,-0.2115,2001,-0.2125,3,2,1,2,-1,True
2913,2000,-0.2364,2002,-0.2009,2,2,1,2,-2,True
2914,1998,-0.2683,2003,-0.2327,3,3,1,2,-5,True
2915,1998,-0.2556,2001,-0.2401,4,3,1,2,-3,True
2916,1999,-0.0897,1995,-0.222,3,2,1,2,4,True
2917,2003,-0.1917,2003,-0.1434,2,1,1,2,0,True
2918,1997,-0.1744,1997,-0.1258,4,1,1,2,0,True
2919,1997,-0.2087,1999,-0.2907,4,2,1,2,-2,True
2920,1997,-0.298,1997,-0.3979,3,2,1,2,0,True
2921,1996,-0.1431,2002,-0.0507,5,1,1,2,-6,True
2922,1994,-0.2232,1995,-0.2511,3,2,0,2,-1,True
2923,1996,-0.2456,1999,-0.2366,4,2,1,2,-3,True
2924,2010,-0.1311,2002,-0.1687,3,2,2,3,8,True
2925,1997,-0.1377,1997,-0.1352,3,3,1,3,0,True
2926,1998,-0.163,2006,-0.1104,4,2,1,2,-8,True
2927,2000,-0.1035,1997,-0.1014,3,2,2,2,3,True
2928,2008,-0.0658,2008,-0.0194,3,2,1,2,0,False
2929,2002,-0.0811,2005,-0.1756,2,2,2,2,-3,True
2930,2002,-0.0633,1994,-0.1301,4,2,1,2,8,True
2931,1993,-0.0553,1996,-0.0383,5,1,1,2,-3,False
2932,2011,-0.0864,2014,-0.1208,3,3,1,2,-3,True
2933,2010,-0.0994,2002,-0.0789,3,2,1,2,8,True
2934,2001,-0.2621,2007,-0.4403,3,2,1,2,-6,True
2935,2002,-0.2047,2003,-0.2171,2,2,1,2,-1,True
2936,1998,-0.167,1997,-0.1677,3,1,1,2,1,True
2937,1997,-0.177,1998,-0.1869,4,2,1,2,-1,True
2938,1995,-0.078,1998,-0.1571,4,3,1,2,-3,True
2939,2001,-0.0657,2006,-0.0577,3,3,1,2,-5,True
2940,2003,-0.186,2002,-0.0874,3,2,1,2,1,True
2941,1998,-0.1295,2003,-0.1687,3,2,1,2,-5,True
2942,2003,-0.2032,1992,-0.0923,3,2,1,1,11,True
2943,2005,-0.1569,2000,-0.0679,3,2,1,2,5,True
2944,2011,-0.104,1995,-0.0796,2,2,1,2,16,True
2945,2013,-0.013,2019,-0.0479,5,3,0,1,-6,False
2946,2009,-0.0291,2011,-0.029,2,2,1,3,-2,False
2947,2001,-0.0678,1999,-0.1233,3,2,1,2,2,True
2948,1995,-0.1064,1995,-0.0841,3,2,1,2,0,True
2949,2003,-0.0706,2001,-0.0794,3,3,1,2,2,True
2950,2008,-0.0297,1995,-0.0361,4,3,1,2,13,False
2951,2006,-0.0632,1996,-0.0525,2,1,1,3,10,True
2952,2001,-0.0713,1998,-0.0722,3,3,1,2,3,True
2953,2001,-0.0897,2000,-0.0693,3,2,1,2,1,True
2954,1998,-0.0523,2012,-0.0396,3,2,1,2,-14,False
2955,2001,-0.0943,2001,-0.0786,2,1,1,2,0,True
2956,1996,-0.0354,1996,-0.0568,3,2,1,2,0,False
2957,2000,-0.026,1997,-0.0091,3,2,1,2,3,False
2958,1989,-0.0046,2000,-0.0102,5,1,0,2,-11,False
2959,2004,-0.0024,2001,-0.0081,4,2,1,2,3,False
2960,1997,-0.0591,1999,-0.0207,3,1,1,2,-2,False
2961,2011,-0.035,2012,-0.0323,3,3,1,2,-1,False
2962,2011,-0.0459,2011,-0.0878,2,2,2,2,0,False
2963,1997,-0.1502,2003,-0.0729,3,2,1,2,-6,True
2964,2002,-0.1077,1999,-0.0926,3,2,1,2,3,True
2965,1994,-0.2794,1999,-0.1011,2,2,2,2,-5,True
2966,1998,-0.3496,2001,-0.1587,3,2,1,2,-3,True
2967,2005,-0.1614,1998,-0.2072,4,2,1,2,7,True
2968,1998,-0.0648,2001,-0.0483,4,2,1,2,-3,False
2969,2000,-0.0301,2000,-0.0371,3,1,1,2,0,False
2970,1996,-0.0163,2007,-0.0251,3,3,1,2,-11,False
2971,2003,-0.0822,2008,-0.1031,2,2,1,1,-5,True
2972,2003,-0.1879,2007,-0.3304,3,2,1,2,-4,True
2973,2001,-0.189,2006,-0.1773,2,2,1,1,-5,True
2974,2003,-0.3396,2003,-0.3623,3,1,1,2,0,True
2975,2011,-0.5164,2011,-0.5672,2,2,1,3,0,True
2976,2011,-0.3888,2011,-0.2862,4,2,1,3,0,True
2977,2009,-0.3593,2009,-0.3199,2,2,1,3,0,True
2978,2012,-0.0929,2012,-0.13,3,2,2,2,0,True
2979,2001,-0.1046,2008,-0.1817,4,2,1,1,-7,True
2980,1996,-0.0166,1998,-0.016,3,2,1,1,-2,False
2981,2007,0.0135,2005,0.0007,2,2,1,2,2,False
2982,1990,-0.0352,2005,-0.0127,4,2,0,2,-15,False
2983,1993,-0.0241,2002,0.0075,1,1,1,2,-9,False
2984,2002,0.06,2002,0.0694,3,3,1,2,0,True
2985,2003,0.1068,2002,0.0977,2,2,1,2,1,True
2986,2003,0.1079,2003,0.0924,3,1,1,1,0,True
2987,1989,-0.0326,2005,0.0821,4,3,0,1,-16,False
2988,1992,-0.0551,2015,-0.0753,4,2,1,3,-23,True
2989,2011,-0.0548,2013,-0.0292,4,3,1,3,-2,False
2990,1997,-0.1261,1992,-0.1367,3,2,1,3,5,True
2991,2004,-0.1348,2005,-0.0904,2,2,1,2,-1,True
2992,1997,-0.1251,1998,-0.0679,2,1,1,2,-1,True
2993,2002,-0.1974,1997,-0.212,2,2,1,2,5,True
2994,2002,-0.1738,1997,-0.3792,3,2,2,2,5,True
2995,2003,-0.2101,2002,-0.1802,2,1,1,2,1,True
2996,1998,-0.0926,1998,-0.0637,4,2,1,2,0,True
2997,2002,-0.0393,2001,-0.0615,2,1,1,2,1,False
2998,1993,-0.1185,1998,-0.0931,2,2,2,2,-5,True
2999,2003,-0.1231,2003,-0.2214,2,2,1,1,0,True
3000,2003,-0.1086,1994,-0.2739,2,2,1,2,9,True
3001,2003,-0.1259,2002,-0.132,2,2,1,2,1,True
3002,2000,-0.2078,2003,-0.169,2,2,1,2,-3,True
3003,2003,-0.1278,2013,-0.1654,3,2,1,2,-10,True
3004,2003,-0.0777,2004,-0.081,1,1,1,1,-1,True
3005,2007,-0.1481,2005,-0.187,2,2,1,1,2,True
3006,2007,-0.1575,1998,-0.1798,3,2,2,2,9,True
3007,2002,-0.0874,1994,-0.0516,3,2,1,2,8,True
3008,1997,-0.4273,1997,-0.395,3,2,1,2,0,True
3009,2001,-0.5622,1997,-0.6453,2,2,1,2,4,True
3010,2002,-0.3268,1999,-0.2081,2,1,1,2,3,True
3011,1997,-0.3473,1998,-0.3183,4,2,1,2,-1,True
3012,1998,-0.3338,1999,-0.3318,3,3,1,2,-1,True
3013,1997,-0.2703,1997,-0.2819,4,2,1,2,0,True
3014,2011,-0.1314,2011,-0.1843,4,2,2,2,0,True
3015,2003,-0.1872,2002,-0.2784,3,3,1,2,1,True
3016,2003,-0.0978,2004,-0.1054,3,3,1,2,-1,True
3017,2000,-0.1116,2002,-0.2163,3,2,1,2,-2,True
3018,2002,-0.1195,2002,-0.1639,3,2,1,2,0,True
3019,2006,-0.1131,2007,-0.1308,3,2,1,2,-1,True
3020,1996,-0.2214,1998,-0.1688,4,2,1,2,-2,True
3021,2011,-0.0515,2011,-0.0862,3,2,1,3,0,True
3022,2002,-0.1348,2002,-0.1997,3,2,2,2,0,True
3023,1994,-0.1717,1994,-0.073,2,2,1,2,0,True
3024,1998,-0.1358,1998,-0.103,3,2,1,2,0,True
3025,2003,-0.16,1997,-0.1307,2,2,1,2,6,True
3026,1994,-0.1437,1997,-0.2001,3,2,1,2,-3,True
3027,2001,-0.2173,1999,-0.1528,2,2,1,2,2,True
3028,2005,-0.0929,1999,-0.1579,2,2,1,3,6,True
3029,2002,-0.1501,2003,-0.1094,3,3,1,3,-1,True
3030,2003,-0.2062,2001,-0.2021,3,2,1,2,2,True
3031,2002,-0.2974,2002,-0.2669,3,1,1,2,0,True
3032,2003,-0.2217,2003,-0.1958,3,2,1,2,0,True
3033,1996,-0.2899,1997,-0.2062,3,3,1,1,-1,True
3034,1997,-0.2958,1997,-0.2472,2,2,1,1,0,True
3035,1998,-0.1508,1998,-0.2175,4,2,1,2,0,True
3036,1994,-0.1233,1997,-0.149,3,2,1,1,-3,True
3037,1999,-0.1895,1997,-0.1634,3,2,1,3,2,True
3038,2004,-0.1618,2003,-0.1339,4,2,1,2,1,True
3039,1994,-0.1546,1996,-0.1078,4,2,1,1,-2,True
3040,1995,-0.0534,2012,-0.0109,2,2,1,2,-17,False
3041,1997,-0.1705,2000,-0.2604,2,2,1,3,-3,True
3042,1993,-0.1472,2001,-0.1232,5,1,1,3,-8,True
3043,1993,-0.0693,1992,-0.0292,6,1,1,2,1,False
3044,2004,-0.046,2007,-0.0543,3,3,1,1,-3,False
3045,1998,-0.0858,1998,-0.094,3,2,1,2,0,True
3046,1996,-0.1367,1996,-0.1781,3,2,1,3,0,True
3047,2014,-0.1113,2013,-0.0883,3,2,1,2,1,True
3048,2014,-0.021,2015,-0.0222,4,3,1,2,-1,False
3049,1994,-0.1025,1998,-0.12,4,1,1,2,-4,True
3050,2002,-0.2521,1999,-0.2759,4,2,1,2,3,True
3051,2002,-0.1711,1999,-0.1852,2,2,1,2,3,True
3052,1998,-0.1622,1998,-0.2132,3,2,1,2,0,True
3053,2000,-0.0678,1997,-0.1032,2,2,1,2,3,True
3054,1998,-0.1094,1999,-0.0543,3,2,1,1,-1,True
3055,1999,-0.2033,1998,-0.341,3,3,1,2,1,True
3056,2003,-0.1154,2000,-0.1317,3,3,1,3,3,True
3057,2003,-0.1157,2011,-0.0734,4,2,1,2,-8,True
3058,1999,-0.0825,2000,-0.0524,4,2,1,2,-1,True
3059,1996,-0.0832,2002,-0.1228,4,1,1,2,-6,True
3060,1999,-0.2,2000,-0.0986,3,1,1,2,-1,True
3061,2010,-0.1064,2001,-0.1071,2,2,1,2,9,True
3062,2018,-0.111,1999,-0.0758,4,3,0,2,19,True
3063,1994,-0.1375,1995,-0.0869,3,2,1,2,-1,True
3064,1993,-0.0934,2002,-0.0593,3,2,1,2,-9,True
3065,2001,-0.1089,2004,-0.0952,3,3,1,3,-3,True
3066,1998,-0.0763,1992,-0.064,3,2,2,2,6,True
3067,1990,-0.0097,2002,-0.0258,4,3,0,2,-12,False
3068,2000,-0.1411,2000,-0.1528,3,2,1,2,0,True
3069,1998,-0.0828,1998,-0.0823,4,3,1,3,0,True
3070,2001,-0.2824,2001,-0.2779,1,1,1,1,0,True
3071,2001,-0.0873,2001,-0.0651,3,2,1,1,0,True
3072,2013,-0.0277,2000,-0.027,3,2,2,2,13,False
3073,2011,-0.0061,2003,-0.0132,3,2,1,1,8,False
3074,2014,0.0,1994,-0.0063,0,0,0,3,20,False
3075,2013,0.0003,2000,-0.0023,5,2,0,2,13,False
3076,2011,-0.0719,2012,-0.0628,2,2,2,2,-1,True
3077,2011,-0.1133,2012,-0.1097,2,2,2,2,-1,True
3078,2002,-0.1441,1998,-0.2158,3,2,1,2,4,True
3079,2004,-0.0609,2008,-0.0594,2,2,1,2,-4,True
3080,1998,-0.1237,2006,-0.0641,2,2,1,2,-8,True
3081,1997,-0.2529,1998,-0.128,3,3,1,2,-1,True
3082,2001,-0.165,2002,-0.1542,4,2,1,2,-1,True
3083,2016,-0.0188,1998,-0.0529,5,1,0,2,18,False
3084,1995,-0.0306,1998,-0.0281,4,2,0,2,-3,False
3085,2003,-0.1049,2005,-0.0552,2,2,1,2,-2,True
3086,2001,-0.0604,2003,-0.0274,3,1,1,1,-2,False
3087,2000,-0.2294,2003,-0.3071,3,2,1,2,-3,True
3088,2000,-0.3455,2000,-0.2703,2,2,1,2,0,True
3089,2003,-0.3988,2003,-0.3326,2,1,1,1,0,True
3090,2007,-0.4248,2004,-0.4262,3,2,1,2,3,True
3091,2011,-0.4003,2011,-0.3712,4,1,1,2,0,True
3092,2006,-0.2851,2004,-0.1835,2,1,1,1,2,True
3093,2011,-0.0606,2011,-0.0578,3,2,1,2,0,True
3094,1992,-0.0272,1992,-0.0323,2,2,2,2,0,False
3095,2021,-0.2392,2004,-0.0288,0,0,0,3,17,False
3096,2006,0.0028,2002,0.0014,3,2,1,2,4,False
3097,1999,-0.0161,2007,-0.0027,4,2,1,1,-8,False
3098,2007,-0.0495,1991,-0.0441,4,1,1,2,16,False
3099,2002,0.0055,2002,0.0331,2,2,0,3,0,False
3100,1995,-0.0217,2012,-0.0089,4,1,1,1,-17,False
3101,2003,0.0476,2004,0.0753,4,3,1,2,-1,False
3102,2007,0.0644,2006,0.0902,4,3,1,2,1,True
3103,2007,-0.106,2000,0.0503,4,2,1,2,7,True
3104,2009,-0.1194,2014,-0.0379,4,3,1,3,-5,False
3105,2005,0.0483,1999,0.0749,3,2,1,2,6,False
3106,1999,-0.0338,1994,-0.0063,2,2,1,1,5,False
3107,2001,-0.0076,1995,-0.0844,5,2,1,1,6,False
3108,2000,-0.0584,2002,-0.174,3,2,2,2,-2,True
3109,1999,-0.2284,2002,-0.2435,4,3,1,2,-3,True
3110,1998,-0.2049,2003,-0.0946,3,2,1,1,-5,True
3111,2000,-0.2397,1997,-0.2622,2,1,1,2,3,True
3112,2002,-0.3305,2000,-0.1787,3,2,1,2,2,True
3113,2003,-0.2703,2002,-0.2694,1,1,1,2,1,True
3114,1997,-0.0955,1997,-0.1673,4,1,1,2,0,True
3115,2007,-0.2084,1994,-0.2946,3,2,2,2,13,True
3116,2002,-0.0844,2003,-0.142,2,2,1,2,-1,True
3117,1994,-0.185,1997,-0.1097,2,2,2,2,-3,True
3118,2003,-0.2606,2003,-0.152,1,1,1,1,0,True
3119,2003,-0.257,2003,-0.1889,1,1,1,1,0,True
3120,2002,-0.0673,1998,-0.0605,4,2,1,2,4,True
3121,1998,-0.2313,1997,-0.2388,3,2,1,2,1,True
3122,1997,-0.2625,1998,-0.2415,3,2,1,2,-1,True
3123,1997,-0.2806,1997,-0.3162,3,3,1,2,0,True
3124,2001,-0.3138,2001,-0.3927,2,1,1,1,0,True
3125,1998,-0.2033,1998,-0.2285,3,1,1,2,0,True
3126,2002,-0.3127,2002,-0.3187,2,1,1,2,0,True
3127,2002,-0.3767,2002,-0.3329,2,2,1,2,0,True
3128,2001,-0.2075,2002,-0.2705,3,2,1,2,-1,True
3129,2004,-0.2096,2001,-0.1837,3,2,2,2,3,True
3130,2004,-0.2532,2005,-0.1694,3,2,1,1,-1,True
3131,2002,-0.3726,2002,-0.3902,3,2,1,2,0,True
3132,2002,-0.2251,2002,-0.3748,2,2,1,1,0,True
3133,1999,-0.2094,1999,-0.2137,3,2,1,2,0,True
3134,2007,-0.0956,2007,-0.0474,2,2,1,2,0,False
3135,1996,-0.0592,1995,-0.0639,2,2,1,1,1,True
3136,2012,-0.0394,2004,-0.0125,4,2,1,2,8,False
3137,2012,-0.0986,2012,-0.0944,2,2,2,2,0,True
3138,2002,-0.1838,1998,-0.1783,2,2,1,2,4,True
3139,2004,-0.3398,1999,-0.1523,2,2,1,2,5,True
3140,2005,-0.1789,2008,-0.3772,2,2,1,2,-3,True
3141,1996,-0.1848,2008,-0.0664,3,2,2,1,-12,True
3142,1995,-0.1524,1995,-0.1695,5,1,1,2,0,True
3143,1994,-0.0717,1996,-0.0968,3,2,2,2,-2,True
3144,1996,-0.2597,1997,-0.2789,2,2,1,2,-1,True
3145,1998,-0.2107,1997,-0.2648,2,2,1,2,1,True
3146,1997,-0.0952,1998,-0.1389,3,2,1,2,-1,True
3147,2002,-0.1982,2002,-0.134,2,2,1,2,0,True
3148,1997,-0.3737,1998,-0.3282,3,3,1,3,-1,True
3149,1997,-0.2087,1999,-0.2774,3,3,1,2,-2,True
3150,2004,-0.0999,1996,-0.1155,3,2,1,2,8,True
3151,1995,-0.1252,1997,-0.2177,3,2,1,2,-2,True
3152,2002,-0.1314,2001,-0.1787,4,2,1,2,1,True
3153,2005,-0.1045,1999,-0.1157,3,2,1,2,6,True
3154,1994,-0.1289,2004,-0.1234,4,2,1,2,-10,True
3155,1998,-0.0592,1991,-0.0481,3,1,1,1,7,False
3156,1998,-0.0284,2012,-0.0064,2,2,1,1,-14,False
3157,2006,0.005,2005,0.0024,3,2,2,2,1,False
3158,2012,0.0301,1995,-0.01,4,2,0,2,17,False
3159,1995,0.0196,1994,-0.0358,4,3,1,2,1,False
3160,1995,-0.011,2004,-0.0781,3,2,2,1,-9,False
3161,1996,-0.0683,2016,-0.0399,2,2,1,2,-20,False
3162,2007,-0.0785,2007,-0.0606,2,2,1,2,0,True
3163,2012,-0.0601,2012,-0.0098,3,3,1,2,0,False
3164,1993,-0.0895,1996,-0.0663,5,2,0,2,-3,True
3165,2005,-0.1171,1996,-0.1662,4,3,1,2,9,True
3166,2002,-0.2739,2002,-0.2795,2,1,1,2,0,True
3167,1992,-0.0102,2001,-0.011,4,2,0,2,-9,False
3168,2007,-0.0334,2015,0.0046,4,2,1,3,-8,False
3169,1997,-0.1137,1997,-0.0306,2,2,1,2,0,False
3170,1996,-0.1769,1996,-0.2716,3,2,2,2,0,True
3171,1997,-0.1892,2000,-0.1625,2,2,2,2,-3,True
3172,2002,-0.1502,2008,-0.1425,3,3,1,2,-6,True
3173,2011,-0.0539,1998,-0.0668,4,2,1,2,13,True
3174,2003,-0.0618,2012,-0.0533,1,1,1,2,-9,True
3175,2007,-0.0322,2005,-0.0471,4,2,0,2,2,False
3176,2007,-0.1506,2008,-0.0961,3,2,1,3,-1,True
3177,1998,-0.0748,2012,-0.0501,3,2,2,3,-14,True
3178,1994,-0.108,1998,-0.1257,3,2,1,2,-4,True
3179,2011,-0.1314,1993,-0.146,3,2,2,3,18,True
3180,2012,-0.0932,1999,-0.1501,2,2,2,2,13,True
3181,2007,-0.0792,2004,-0.0962,4,3,1,2,3,True
3182,1995,-0.0523,2004,-0.049,2,2,1,2,-9,False
3183,1996,-0.0934,1999,-0.1147,3,3,0,3,-3,True
3184,2001,-0.2562,2001,-0.1176,3,1,1,2,0,True
3185,2001,-0.208,2001,-0.1408,1,1,1,2,0,True
3186,2001,-0.0271,2001,-0.0269,1,1,1,2,0,False
3187,2008,-0.0153,2005,-0.0368,3,2,1,2,3,False
3188,2005,-0.0042,2004,-0.005,2,1,1,2,1,False
3189,2005,-0.0058,2012,-0.0218,2,2,1,3,-7,False
3190,2014,-0.0113,2013,-0.008,3,1,1,3,1,False
3191,2010,-0.0307,2011,-0.0661,3,2,1,2,-1,False
3192,2006,-0.0486,2012,-0.0433,2,2,1,2,-6,False
3193,2005,-0.1074,2000,-0.0548,3,2,1,2,5,True
3194,2011,-0.0984,2000,-0.1876,3,2,1,2,11,True
3195,2000,-0.1655,2000,-0.202,3,2,1,2,0,True
3196,2003,-0.1484,2002,-0.203,3,2,1,2,1,True
3197,2001,-0.1726,2002,-0.1704,3,2,1,2,-1,True
3198,1991,-0.0441,1990,-0.0515,4,3,0,3,1,False
3199,2005,-0.0888,2008,-0.0777,3,2,1,3,-3,True
3200,2003,-0.1565,2003,-0.1351,2,2,1,2,0,True
3201,2002,-0.0438,1997,-0.0622,3,2,1,2,5,False
3202,1998,-0.1657,2003,-0.2053,3,2,1,2,-5,True
3203,2007,-0.264,2004,-0.3552,3,2,1,1,3,True
3204,2007,-0.3925,2007,-0.4087,2,2,1,2,0,True
3205,2008,-0.3596,2007,-0.2257,3,1,1,3,1,True
3206,2005,-0.1271,2011,-0.2054,4,2,1,2,-6,True
3207,2006,-0.2724,2007,-0.1522,3,2,1,2,-1,True
3208,2008,-0.1194,2008,-0.1297,2,2,1,2,0,True
3209,2012,-0.0801,2014,-0.1117,3,1,1,3,-2,True
3210,2021,-0.1186,2001,-0.0058,0,0,0,3,20,False
3211,2010,-0.0039,2007,-0.0004,2,2,1,2,3,False
3212,2003,0.0439,1993,0.0056,2,2,1,2,10,False
3213,1989,-0.0089,1999,-0.032,5,0,0,2,-10,False
3214,2012,-0.0281,1993,-0.0169,2,2,1,2,19,False
3215,2007,-0.0239,2010,-0.012,3,2,1,1,-3,False
3216,2008,0.0021,2006,0.0028,3,3,1,3,2,False
3217,2006,0.0318,2004,0.0324,5,3,0,3,2,False
3218,1998,0.0609,2015,-0.1137,3,3,1,4,-17,True
3219,2005,0.0163,2014,-0.063,4,2,0,2,-9,False
3220,2005,-0.0764,2019,-0.0686,4,2,1,3,-14,True
3221,1999,0.0271,1999,0.0219,3,2,1,2,0,False
3222,1999,-0.0117,1996,-0.0805,3,2,1,1,3,False
3223,1997,-0.1444,1997,-0.0735,3,3,1,1,0,True
3224,2001,-0.2216,2001,-0.1795,2,1,1,2,0,True
3225,2001,-0.2023,2000,-0.1221,2,2,1,2,1,True
3226,2002,-0.2195,2003,-0.2083,2,1,1,1,-1,True
3227,2003,-0.3468,2002,-0.3245,1,1,1,1,1,True
3228,2002,-0.1209,2004,-0.2876,2,1,1,2,-2,True
3229,1997,-0.2899,2002,-0.2544,4,2,1,2,-5,True
3230,2002,-0.3633,2001,-0.3781,2,2,1,1,1,True
3231,2003,-0.3291,2001,-0.3328,3,2,1,2,2,True
3232,1994,-0.104,2002,-0.0687,2,2,2,1,-8,True
3233,2005,-0.2801,2004,-0.3077,3,2,1,2,1,True
3234,2002,-0.1366,2003,-0.1449,2,2,1,1,-1,True
3235,1999,-0.1796,1995,-0.2829,2,2,1,2,4,True
3236,1999,-0.1777,2000,-0.2688,2,1,1,2,-1,True
3237,2003,-0.0963,1997,-0.1258,3,2,1,3,6,True
3238,1997,-0.1149,1999,-0.145,2,2,1,2,-2,True
3239,1998,-0.2051,1997,-0.1789,3,2,1,2,1,True
3240,1996,-0.2423,2001,-0.2508,3,2,1,2,-5,True
3241,2002,-0.3753,2002,-0.4176,2,2,1,1,0,True
3242,2007,-0.2959,2003,-0.3467,2,2,1,1,4,True
3243,2002,-0.2604,2002,-0.1949,3,2,1,2,0,True
3244,2002,-0.2037,2003,-0.2135,3,3,1,2,-1,True
3245,2002,-0.2351,2006,-0.2608,4,2,1,2,-4,True
3246,2003,-0.5164,1997,-0.5122,3,2,1,2,6,True
3247,2001,-0.5489,2001,-0.5152,3,2,1,2,0,True
3248,2001,-0.298,2001,-0.2741,2,2,1,1,0,True
3249,1992,-0.0411,1995,-0.0441,4,2,2,2,-3,False
3250,1996,-0.368,1996,-0.2666,3,2,1,3,0,True
3251,1996,-0.3098,1994,-0.5013,3,2,1,2,2,True
3252,2002,-0.3954,1995,-0.273,2,2,1,2,7,True
3253,2002,-0.4685,1999,-0.2736,2,1,1,2,3,True
3254,2003,-0.4482,1999,-0.5401,2,2,1,2,4,True
3255,2006,-0.2507,2005,-0.1368,3,3,1,3,1,True
3256,1999,-0.2152,2001,-0.1933,2,2,1,2,-2,True
3257,1999,-0.1497,2003,-0.3368,2,1,1,1,-4,True
3258,1998,-0.202,1998,-0.1958,2,2,1,2,0,True
3259,2002,-0.1807,2003,-0.2689,2,2,1,1,-1,True
3260,1997,-0.3012,1996,-0.4402,4,2,1,2,1,True
3261,1999,-0.1802,2001,-0.1765,3,1,1,2,-2,True
3262,2001,-0.2388,2002,-0.1769,2,2,1,1,-1,True
3263,2002,-0.2651,1997,-0.2583,4,2,1,2,5,True
3264,1997,-0.284,1997,-0.2416,3,3,1,2,0,True
3265,2003,-0.107,2002,-0.1075,3,2,1,2,1,True
3266,2012,-0.0737,1997,-0.2341,3,2,2,2,15,True
3267,2000,-0.078,2002,-0.12,3,2,1,2,-2,True
3268,1996,-0.129,1997,-0.1167,5,1,1,1,-1,True
3269,1997,-0.1542,1997,-0.1293,4,1,1,2,0,True
3270,1996,-0.087,1994,-0.0705,3,2,2,2,2,True
3271,2003,0.0068,2003,0.0058,3,1,1,1,0,False
3272,2000,0.0024,2012,-0.0011,3,3,1,1,-12,False
3273,2014,0.0,2010,-0.0002,0,0,0,2,4,False
3274,1995,0.0835,1994,0.0128,4,2,1,3,1,False
3275,1997,0.075,2004,0.0336,4,3,1,2,-7,False
3276,2001,-0.016,2001,-0.0025,1,1,1,3,0,False
3277,1991,-0.031,2000,-0.1195,4,2,1,2,-9,False
3278,2002,-0.0327,2008,-0.012,2,1,1,1,-6,False
3279,2004,-0.009,1994,0.006,3,3,1,3,10,False
3280,2013,-0.0272,1991,0.0105,3,1,1,3,22,False
3281,2003,-0.1564,2003,-0.0672,2,1,1,1,0,True
3282,2001,-0.1543,2002,-0.0967,2,2,1,2,-1,True
3283,2015,0.0268,1995,0.0462,4,2,1,2,20,False
3284,1995,0.0346,2002,-0.0226,2,1,1,2,-7,False
3285,1994,-0.0619,1998,-0.0396,5,1,1,1,-4,False
3286,1996,-0.1526,1997,-0.1679,4,1,1,3,-1,True
3287,2009,-0.0588,2007,-0.053,5,2,1,2,2,True
3288,1991,-0.0714,1998,-0.1136,6,1,0,2,-7,True
3289,1999,-0.0342,1999,-0.0895,3,2,0,1,0,False
3290,1994,0.0205,1998,-0.0026,3,2,1,1,-4,False
3291,2002,0.0286,2009,-0.0414,3,2,1,2,-7,False
3292,1999,-0.0785,1998,-0.0855,4,2,1,2,1,True
3293,1996,-0.1305,1998,-0.0738,3,3,1,3,-2,True
3294,2013,-0.1196,2012,-0.0458,3,2,1,2,1,False
3295,2001,-0.1442,2012,-0.1181,3,2,2,2,-11,True
3296,2000,-0.1006,1998,-0.1469,3,3,1,3,2,True
3297,2011,-0.0253,1999,-0.0494,3,2,1,2,12,False
3298,2011,-0.0545,2011,-0.0638,3,3,1,2,0,True
3299,1999,-0.1251,2000,-0.1408,3,2,1,2,-1,True
3300,1998,-0.1844,2002,-0.1507,3,2,2,2,-4,True
3301,2009,-0.0561,2002,-0.0332,3,2,1,2,7,False
3302,2005,-0.0206,2000,-0.0314,3,2,1,2,5,False
3303,2000,-0.0213,2012,-0.0119,3,3,1,3,-12,False
3304,2002,-0.0375,2012,-0.0257,2,2,1,2,-10,False
3305,2001,-0.0314,2012,-0.0576,3,2,2,2,-11,False
3306,2003,-0.049,2001,-0.0563,3,2,1,2,2,False
3307,2011,-0.0385,1997,-0.0082,3,2,1,3,14,False
3308,2010,-0.1674,2009,-0.1228,3,2,1,2,1,True
3309,2002,-0.189,2002,-0.1819,3,2,1,2,0,True
3310,2009,-0.1891,2003,-0.0681,2,2,1,2,6,True
3311,2004,-0.2764,2003,-0.2458,3,2,1,2,1,True
3312,2002,-0.1469,2001,-0.1589,3,2,1,2,1,True
3313,1998,-0.0879,1990,-0.0787,4,2,1,3,8,True
3314,2012,-0.122,2001,-0.0561,2,2,2,2,11,True
3315,2006,-0.0754,2001,-0.2067,3,2,1,1,5,True
3316,2001,-0.1244,2003,-0.1409,3,3,1,2,-2,True
3317,2001,-0.2058,2000,-0.1969,4,2,1,2,1,True
3318,2004,-0.2437,2004,-0.2938,3,2,1,2,0,True
3319,2004,-0.3926,2003,-0.2786,2,2,1,2,1,True
3320,2007,-0.3516,2009,-0.3632,2,2,1,2,-2,True
3321,2010,-0.3898,2010,-0.4221,3,2,1,2,0,True
3322,2011,-0.1858,2011,-0.118,4,2,1,2,0,True
3323,2009,-0.0785,2011,-0.0983,2,2,1,1,-2,True
3324,2012,-0.1927,2011,-0.1507,3,2,2,2,1,True
3325,2013,-0.1305,2011,-0.0704,4,2,1,2,2,True
3326,1989,-0.0234,2007,-0.0463,6,3,0,2,-18,False
3327,1995,0.0435,2003,0.0509,3,2,2,2,-8,False
3328,1989,-0.0271,2007,-0.0187,4,3,0,1,-18,False
3329,2000,-0.0026,1998,-0.0123,5,2,0,2,2,False
3330,2010,-0.1266,2010,-0.0886,3,2,1,1,0,True
3331,2010,-0.101,2011,-0.165,2,2,1,2,-1,True
3332,2001,0.0246,2004,0.0092,5,3,0,2,-3,False
3333,1999,0.0889,1999,0.1026,4,2,1,1,0,True
3334,2009,0.0296,1998,0.011,2,2,1,2,11,False
3335,2002,-0.0713,2019,-0.051,2,2,1,2,-17,True
3336,1994,0.0688,1995,0.0549,3,2,1,2,-1,True
3337,2001,-0.1089,2000,-0.1239,2,2,1,2,1,True
3338,1994,-0.0472,2001,-0.0268,3,3,1,2,-7,False
3339,1997,-0.1247,1997,-0.3065,4,3,1,2,0,True
3340,2003,-0.2119,2002,-0.3462,2,1,1,2,1,True
3341,1997,-0.2154,2002,-0.2873,3,2,1,2,-5,True
3342,2004,-0.1087,2003,-0.0465,1,1,1,2,1,False
3343,2003,-0.0767,2003,-0.1376,1,1,1,1,0,True
3344,2003,-0.1895,2003,-0.1923,2,1,1,1,0,True
3345,2002,-0.229,2002,-0.2902,2,2,1,1,0,True
3346,2002,-0.2119,2002,-0.2118,2,2,1,1,0,True
3347,2003,-0.1458,1997,-0.1763,3,2,1,2,6,True
3348,1994,-0.0886,1997,-0.1264,3,2,1,2,-3,True
3349,2003,-0.2618,2003,-0.37,2,1,1,1,0,True
3350,1999,-0.1323,2003,-0.1678,2,2,1,1,-4,True
3351,1999,-0.1267,1998,-0.1485,2,1,1,2,1,True
3352,1997,-0.0298,2000,-0.0521,4,2,0,2,-3,False
3353,1997,-0.213,1997,-0.2518,3,2,1,2,0,True
3354,2001,-0.2773,1997,-0.4193,2,2,1,2,4,True
3355,1999,-0.3833,1999,-0.4985,2,2,1,2,0,True
3356,1999,-0.2173,1999,-0.2311,2,1,1,1,0,True
3357,2005,-0.1475,2004,-0.1731,2,2,1,2,1,True
3358,2009,-0.2347,2004,-0.1995,2,2,1,2,5,True
3359,2002,-0.3758,1999,-0.4534,3,2,1,2,3,True
3360,2001,-0.3931,2001,-0.5884,2,2,1,1,0,True
3361,2001,-0.4481,2002,-0.3778,3,3,1,2,-1,True
3362,1999,-0.5782,2002,-0.5327,2,2,1,1,-3,True
3363,1997,-0.3727,1993,-0.4915,3,2,1,2,4,True
3364,1998,-0.1389,2011,-0.0348,2,2,1,3,-13,False
3365,1998,-0.5049,1998,-0.5824,3,2,1,1,0,True
3366,1993,-0.5409,1997,-0.5235,3,2,1,2,-4,True
3367,2002,-0.293,2002,-0.3229,1,1,1,2,0,True
3368,2003,-0.5698,2002,-0.4482,1,1,1,1,1,True
3369,2004,-0.3345,2004,-0.4707,2,1,1,2,0,True
3370,2014,-0.162,2010,-0.456,3,2,2,2,4,True
3371,1998,-0.0764,1998,-0.2159,2,2,1,2,0,True
3372,1998,-0.2868,1999,-0.1918,3,1,1,1,-1,True
3373,1996,-0.3787,2001,-0.3639,3,2,1,2,-5,True
3374,2002,-0.3349,2000,-0.2903,3,2,1,2,2,True
3375,2002,-0.4026,2002,-0.3396,2,2,1,2,0,True
3376,1998,-0.2237,1994,-0.2118,3,2,1,2,4,True
3377,2002,-0.263,1999,-0.2617,3,2,1,2,3,True
3378,1997,-0.4266,1998,-0.3678,3,2,1,3,-1,True
3379,1995,-0.2952,1995,-0.3086,4,4,1,3,0,True
3380,2003,-0.0889,1997,-0.2295,5,2,1,1,6,True
3381,1998,-0.2373,1994,-0.3332,3,2,1,2,4,True
3382,1997,-0.197,2001,-0.2216,3,1,1,2,-4,True
3383,1997,-0.1616,1996,-0.138,4,2,1,1,1,True
3384,2018,-0.1053,2010,-0.0944,4,3,1,3,8,True
3385,1993,-0.1544,2004,-0.0995,4,3,1,2,-11,True
3386,2003,0.0081,2001,0.044,2,2,2,2,2,False
3387,2014,0.0007,1989,0.0032,0,0,0,1,25,False
3388,2014,0.0,2012,-0.0029,0,0,0,2,2,False
3389,2014,0.0,2014,0.0,0,0,0,0,0,False
3390,1998,-0.05,1999,-0.0903,2,1,1,2,-1,True
3391,1998,-0.1069,1998,-0.1959,3,2,1,2,0,True
3392,2014,-0.0015,2014,-0.0,0,0,0,0,0,False
3393,1999,0.0114,2004,0.0075,4,2,1,2,-5,False
3394,2003,-0.0416,2003,-0.0466,1,1,1,1,0,False
3395,2012,-0.0277,2006,-0.0079,4,1,1,2,6,False
3396,2003,-0.1127,2003,-0.1508,2,1,1,3,0,True
3397,1999,-0.1928,1997,-0.2324,4,2,1,2,2,True
3398,1994,-0.1102,1997,-0.0604,3,3,1,3,-3,True
3399,2001,-0.0984,2001,-0.094,1,1,1,2,0,True
3400,2012,0.0244,2002,-0.0261,6,2,0,2,10,False
3401,2002,-0.0763,2005,-0.1197,3,2,1,2,-3,True
3402,2007,-0.1269,2006,-0.142,3,2,1,2,1,True
3403,1999,-0.1055,2014,-0.0591,4,2,1,2,-15,True
3404,1992,-0.0622,1992,-0.018,5,2,1,0,0,False
3405,2014,-0.0424,2010,-0.0928,4,2,0,2,4,False
3406,2005,-0.0518,2001,-0.0716,3,3,1,3,4,True
3407,2003,-0.0647,2001,-0.0431,1,1,1,2,2,False
3408,2002,-0.1274,2002,-0.1287,3,2,1,2,0,True
3409,2013,-0.1161,2002,-0.1606,3,2,1,3,11,True
3410,1998,-0.1702,2002,-0.1048,4,2,1,2,-4,True
3411,2000,-0.1957,2000,-0.2065,3,2,1,1,0,True
3412,1993,-0.0902,2003,-0.0832,3,2,2,2,-10,True
3413,1996,-0.1035,2005,-0.0523,3,2,2,2,-9,True
3414,1997,-0.112,2006,-0.0712,3,2,1,3,-9,True
3415,2015,-0.1251,2011,-0.1096,3,2,1,2,4,True
3416,2002,-0.0457,2012,-0.0381,2,1,1,2,-10,False
3417,2013,-0.0067,2013,-0.0021,3,3,1,3,0,False
3418,2005,-0.0241,2012,-0.0163,2,2,1,2,-7,False
3419,1997,-0.0565,2012,-0.0726,2,2,2,2,-15,True
3420,1997,-0.0439,2012,-0.0321,3,2,1,2,-15,False
3421,2003,-0.1494,2012,-0.1233,2,2,2,2,-9,True
3422,2000,-0.0661,2012,-0.0571,2,2,2,2,-12,True
3423,2012,-0.097,2012,-0.0894,2,2,2,2,0,True
3424,2012,-0.0937,2013,-0.1004,3,2,2,2,-1,True
3425,2011,-0.1434,2012,-0.1273,3,3,1,2,-1,True
3426,2011,-0.239,2004,-0.1717,2,2,2,2,7,True
3427,2003,-0.0945,2002,-0.0963,3,3,1,2,1,True
3428,2002,-0.0436,2002,-0.1585,3,2,1,1,0,False
3429,2006,-0.0965,2006,-0.086,2,1,1,2,0,True
3430,2001,-0.0803,2004,-0.0776,3,2,1,1,-3,True
3431,2002,-0.0083,2004,-0.0177,3,3,2,1,-2,False
3432,2000,-0.2317,1999,-0.2253,3,2,1,1,1,True
3433,2003,-0.2899,1998,-0.3183,2,2,2,2,5,True
3434,2002,-0.3002,2006,-0.3765,2,2,1,2,-4,True
3435,2007,-0.2944,2007,-0.191,3,1,1,3,0,True
3436,2008,-0.3338,2008,-0.3746,4,2,1,1,0,True
3437,2013,-0.1484,2004,-0.191,3,3,1,2,9,True
3438,2003,0.0211,1991,0.0179,4,2,1,3,12,False
3439,2003,-0.1762,2007,-0.2339,2,1,1,2,-4,True
3440,2002,-0.1826,2009,-0.1378,4,3,1,3,-7,True
3441,2017,-0.1128,1989,-0.1093,4,3,0,2,28,True
3442,2018,-0.0757,2019,-0.0589,6,3,0,2,-1,True
3443,2011,-0.0643,2011,-0.1779,3,2,1,1,0,True
3444,2016,-0.0665,2005,-0.1015,4,2,0,2,11,True
3445,2000,-0.1289,2000,-0.1716,3,2,2,2,0,True
3446,2010,-0.1335,2010,-0.0957,2,2,1,1,0,True
3447,1998,0.006,2007,-0.0557,4,0,0,2,-9,False
3448,1998,0.0509,2000,0.0123,4,3,1,2,-2,False
3449,1997,0.0161,1996,0.0266,6,1,0,3,1,False
3450,2004,-0.0971,2002,-0.1544,4,2,1,1,2,True
3451,2002,-0.0856,1997,-0.1187,1,1,1,1,5,True
3452,2002,-0.1889,2002,-0.1517,3,2,1,2,0,True
3453,1999,-0.1566,1997,-0.1419,3,2,1,1,2,True
3454,1997,-0.2203,1999,-0.2474,3,2,1,2,-2,True
3455,1997,-0.3981,2002,-0.364,3,2,1,1,-5,True
3456,1997,-0.356,1998,-0.3362,2,2,1,2,-1,True
3457,1995,-0.0913,1997,-0.1017,5,1,1,2,-2,True
3458,2003,-0.2545,2003,-0.311,2,2,1,1,0,True
3459,2004,-0.1429,2003,-0.2281,2,2,2,2,1,True
3460,2003,-0.1954,1998,-0.3359,2,1,1,2,5,True
3461,2004,-0.2884,2001,-0.1923,2,1,1,2,3,True
3462,2006,-0.4081,2004,-0.4901,3,1,1,1,2,True
3463,2003,-0.3319,2003,-0.1852,3,2,1,2,0,True
3464,2002,-0.1794,2002,-0.2968,2,2,1,2,0,True
3465,1999,-0.2738,1998,-0.2148,2,1,1,2,1,True
3466,1997,-0.1205,1997,-0.1728,3,2,1,1,0,True
3467,1998,-0.0704,1997,-0.058,4,2,1,1,1,True
3468,2002,-0.0999,1998,-0.1938,4,2,1,2,4,True
3469,2001,-0.193,2000,-0.2418,2,2,1,2,1,True
3470,2001,-0.2588,2000,-0.2487,2,1,1,2,1,True
3471,2004,-0.1656,2002,-0.2106,3,2,1,1,2,True
3472,2003,-0.3383,2000,-0.3301,3,2,1,2,3,True
3473,1994,-0.3957,2000,-0.3912,3,3,2,2,-6,True
3474,2001,-0.4442,2000,-0.3624,2,2,1,2,1,True
3475,2002,-0.5782,2002,-0.612,2,1,1,1,0,True
3476,2003,-0.4171,2004,-0.3665,2,2,1,1,-1,True
3477,1997,-0.4595,2002,-0.4718,2,2,1,2,-5,True
3478,2003,-0.5214,2003,-0.5312,2,2,1,2,0,True
3479,2003,-0.459,2004,-0.2936,2,2,1,2,-1,True
3480,1998,-0.237,1998,-0.2994,2,1,1,1,0,True
3481,1997,-0.1665,1995,-0.1656,4,3,1,2,2,True
3482,2002,-0.37,2002,-0.2532,3,3,1,3,0,True
3483,2002,-0.5571,2002,-0.4178,2,1,1,2,0,True
3484,2011,-0.37,2006,-0.4619,3,2,1,2,5,True
3485,1996,-0.1792,2003,-0.2778,2,2,2,2,-7,True
3486,2010,-0.378,2002,-0.4981,3,2,1,2,8,True
3487,2001,-0.21,2001,-0.2607,2,2,1,2,0,True
3488,1998,-0.2686,2000,-0.4067,2,1,1,2,-2,True
3489,2002,-0.3323,2001,-0.4073,2,1,1,1,1,True
3490,2002,-0.2983,2002,-0.4248,3,2,1,1,0,True
3491,1998,-0.1933,1997,-0.333,4,2,1,2,1,True
3492,1994,-0.1677,1994,-0.2444,2,2,2,2,0,True
3493,1997,-0.4833,1996,-0.4319,3,2,1,1,1,True
3494,1995,-0.4306,1997,-0.4334,2,2,1,3,-2,True
3495,1995,-0.3211,1998,-0.1825,2,2,1,2,-3,True
3496,1998,-0.244,2003,-0.2673,3,2,1,2,-5,True
3497,2002,-0.2963,2001,-0.2975,2,2,2,2,1,True
3498,2002,-0.4349,2001,-0.3696,2,1,1,2,1,True
3499,2001,-0.184,1998,-0.1707,3,1,1,2,3,True
3500,2008,-0.1159,1998,-0.0946,3,2,1,3,10,True
3501,2002,-0.043,1993,-0.0551,4,2,1,1,9,False
3502,2006,-0.1042,2006,-0.0414,2,1,1,2,0,False
3503,1996,-0.0287,1997,-0.0046,4,1,1,2,-1,False
3504,2002,-0.0343,2001,-0.0574,4,2,1,1,1,False
3505,2003,-0.0055,2002,-0.0035,2,1,1,3,1,False
3506,1997,-0.085,1997,-0.0798,3,2,1,2,0,True
3507,1997,-0.047,2004,-0.0319,2,2,1,2,-7,False
3508,2004,0.0221,2007,0.0038,3,1,1,1,-3,False
3509,1997,-0.0267,1998,-0.0907,4,2,1,3,-1,False
3510,2012,-0.0635,2012,-0.0322,3,2,1,2,0,False
3511,2011,-0.0535,1998,-0.1396,2,2,1,2,13,True
3512,2003,-0.1644,2003,-0.1498,2,1,1,1,0,True
3513,2001,-0.187,2003,-0.0862,2,1,1,2,-2,True
3514,1998,-0.1632,1997,-0.2673,3,2,1,2,1,True
3515,1998,-0.1545,1999,-0.1815,3,2,1,2,-1,True
3516,2001,-0.1825,2001,-0.1324,3,2,1,2,0,True
3517,2006,-0.1762,2003,-0.2014,2,2,1,2,3,True
3518,2003,-0.0658,2003,-0.0617,3,2,1,2,0,True
3519,1989,-0.0585,1998,-0.0484,6,2,0,2,-9,False
3520,2007,-0.1678,2011,-0.1417,2,2,1,2,-4,True
3521,2007,-0.1107,2009,-0.0546,2,1,1,2,-2,True
3522,2007,-0.0746,2001,-0.0727,3,2,1,3,6,True
3523,1995,-0.0896,1998,-0.0798,3,1,1,3,-3,True
3524,2000,-0.1805,1995,-0.0939,3,2,1,3,5,True
3525,2001,-0.154,2000,-0.1718,3,2,1,2,1,True
3526,1995,-0.096,2000,-0.1313,3,2,1,3,-5,True
3527,1999,-0.1015,2008,-0.0611,3,3,1,2,-9,True
3528,1997,-0.1092,2008,-0.069,3,2,2,2,-11,True
3529,2006,-0.087,2005,-0.0875,4,2,1,2,1,True
3530,2008,-0.1329,2008,-0.1274,3,2,1,1,0,True
3531,2014,-0.0982,2015,-0.029,4,3,1,3,-1,False
3532,2011,-0.0613,2011,-0.0806,3,2,1,2,0,True
3533,1997,-0.0374,1996,-0.0296,3,1,1,2,1,False
3534,1998,-0.1025,1998,-0.1002,3,2,1,2,0,True
3535,2013,-0.1521,2012,-0.1533,2,2,2,2,1,True
3536,2013,-0.2138,2013,-0.234,2,2,1,2,0,True
3537,2012,-0.2604,2013,-0.2497,3,2,2,2,-1,True
3538,2004,-0.0563,2012,-0.0351,3,2,1,2,-8,False
3539,2007,-0.034,2017,-0.023,4,3,1,2,-10,False
3540,2003,-0.0561,1999,-0.0321,3,3,1,2,4,False
3541,2000,-0.1704,2012,-0.1441,2,2,2,2,-12,True
3542,2007,-0.0892,2005,-0.1371,3,3,1,2,2,True
3543,2009,-0.0509,2002,-0.0344,3,2,1,2,7,False
3544,2005,-0.025,2003,-0.0811,4,2,0,2,2,False
3545,1997,-0.0572,1999,-0.0785,4,2,1,2,-2,True
3546,2000,-0.1018,2000,-0.0363,2,2,1,3,0,False
3547,2003,-0.0933,2003,-0.099,3,2,1,2,0,True
3548,1998,-0.1741,1995,-0.1838,3,1,1,2,3,True
3549,2003,-0.3551,2010,-0.3703,3,2,1,2,-7,True
3550,2008,-0.4881,2005,-0.4212,3,2,1,2,3,True
3551,1999,-0.2296,2001,-0.1532,4,2,1,2,-2,True
3552,2010,-0.1731,2010,-0.1718,3,2,1,2,0,True
3553,2009,-0.1348,2003,-0.2207,2,2,1,1,6,True
3554,2003,-0.1125,1997,-0.083,4,2,1,3,6,True
3555,2014,-0.1148,2014,-0.0647,5,2,1,1,0,True
3556,2011,-0.0614,2011,-0.1243,4,3,1,2,0,True
3557,2011,-0.1228,2011,-0.1071,3,2,1,2,0,True
3558,1996,-0.1788,2012,-0.2727,4,3,1,2,-16,True
3559,2010,-0.1789,2010,-0.2076,3,2,1,1,0,True
3560,2004,-0.1297,2002,-0.1147,3,2,1,2,2,True
3561,2009,-0.0612,1999,-0.0707,3,2,1,2,10,True
3562,2008,-0.081,2013,-0.0912,3,2,1,2,-5,True
3563,2016,-0.0499,2019,-0.0545,4,2,1,2,-3,False
3564,2003,-0.054,2003,-0.0969,5,2,0,2,0,True
3565,1996,0.0276,1997,0.1438,5,2,0,1,-1,False
3566,2002,-0.0937,1996,-0.1893,2,2,1,2,6,True
3567,2001,-0.1619,2001,-0.1229,3,2,1,2,0,True
3568,1997,-0.2422,1997,-0.2271,3,2,1,2,0,True
3569,2002,-0.2383,2001,-0.3236,2,1,1,1,1,True
3570,1998,-0.2925,1997,-0.2593,3,2,1,2,1,True
3571,1999,-0.1579,2002,-0.096,2,1,1,1,-3,True
3572,1999,-0.1945,2003,-0.2425,3,2,1,2,-4,True
3573,2006,-0.1712,2004,-0.0412,3,2,1,1,2,False
3574,2003,-0.1503,2002,-0.1446,3,2,1,1,1,True
3575,2004,-0.0424,2004,-0.1111,3,2,1,1,0,False
3576,2007,-0.2748,2005,-0.2929,3,2,1,2,2,True
3577,2002,-0.2707,2004,-0.1267,2,2,1,2,-2,True
3578,2002,-0.324,2002,-0.2418,2,1,1,1,0,True
3579,2002,-0.2844,2002,-0.3281,2,1,1,2,0,True
3580,1998,-0.2388,1996,-0.2647,4,1,1,2,2,True
3581,2012,-0.1126,2012,-0.1229,2,2,1,1,0,True
3582,1999,-0.1694,1996,-0.2576,2,2,1,2,3,True
3583,1997,-0.2255,1997,-0.1318,3,3,1,1,0,True
3584,1999,-0.3323,2002,-0.3856,3,2,1,1,-3,True
3585,2002,-0.2172,2002,-0.1364,2,2,1,2,0,True
3586,2002,-0.2643,2001,-0.276,2,1,1,2,1,True
3587,1998,-0.2712,1998,-0.2957,4,2,1,2,0,True
3588,2001,-0.4183,1997,-0.4346,3,2,1,2,4,True
3589,2001,-0.2756,2000,-0.3907,2,2,2,2,1,True
3590,2001,-0.5014,2002,-0.4635,2,1,1,2,-1,True
3591,2003,-0.428,2003,-0.5051,1,1,1,1,0,True
3592,2004,-0.2817,2002,-0.1313,2,1,1,1,2,True
3593,1996,-0.0936,2007,-0.0309,2,2,2,2,-11,False
3594,2004,-0.21,2003,-0.2568,2,2,1,2,1,True
3595,2010,0.0027,2004,0.0103,3,3,1,2,6,False
3596,2002,-0.2459,2006,-0.1973,3,2,1,3,-4,True
3597,2002,-0.4207,2002,-0.5389,3,3,1,2,0,True
3598,2002,-0.3598,2002,-0.5763,3,2,1,1,0,True
3599,1999,-0.3626,2002,-0.2057,3,2,1,1,-3,True
3600,1998,-0.3979,2012,-0.2739,3,2,2,2,-14,True
3601,1995,-0.4351,1996,-0.4176,3,2,1,2,-1,True
3602,1998,-0.3702,2001,-0.5079,2,2,1,2,-3,True
3603,2001,-0.2537,2001,-0.2853,2,1,1,1,0,True
3604,2002,-0.3838,2002,-0.4541,3,1,1,1,0,True
3605,2003,-0.3786,2002,-0.4604,2,2,1,1,1,True
3606,2001,-0.3261,2002,-0.2726,2,2,1,2,-1,True
3607,2002,-0.2576,2001,-0.2507,2,2,1,1,1,True
3608,1998,-0.2257,1998,-0.2707,2,2,1,2,0,True
3609,1998,-0.3685,1995,-0.3076,2,2,1,2,3,True
3610,1999,-0.2183,1998,-0.1628,3,2,1,2,1,True
3611,1995,-0.0769,2002,-0.1106,4,2,1,1,-7,True
3612,2001,-0.2815,2002,-0.2946,2,1,1,1,-1,True
3613,2002,-0.2909,2001,-0.2847,2,1,1,2,1,True
3614,2002,-0.2011,1999,-0.193,3,2,1,1,3,True
3615,2003,-0.2354,2004,-0.242,2,1,1,1,-1,True
3616,2003,-0.1507,1995,-0.1322,4,2,1,2,8,True
3617,2002,-0.2877,2002,-0.2061,2,2,1,2,0,True
3618,1999,-0.1863,1999,-0.2247,2,2,1,2,0,True
3619,2005,-0.035,2012,-0.0394,5,2,1,3,-7,False
3620,2004,-0.0183,2004,-0.0079,2,2,1,1,0,False
3621,1997,0.0315,2016,0.0442,1,1,1,3,-19,False
3622,1999,0.0283,1996,0.0168,2,2,2,2,3,False
3623,2018,-0.0728,1998,0.0155,4,3,1,2,20,False
3624,1989,-0.0493,2000,-0.0653,4,3,0,2,-11,False
3625,1997,-0.0283,2012,-0.0602,3,2,1,2,-15,False
3626,2003,-0.0601,2002,-0.0397,3,2,2,1,1,False
3627,2002,-0.2761,2003,-0.3693,2,1,1,1,-1,True
3628,1996,-0.1046,2002,-0.0816,3,2,1,2,-6,True
3629,1997,-0.2185,1997,-0.1904,4,2,1,2,0,True
3630,1995,-0.1204,1999,-0.1782,5,1,1,1,-4,True
3631,1999,-0.1928,1999,-0.2045,3,2,1,2,0,True
3632,2003,-0.1616,2002,-0.1424,3,1,1,2,1,True
3633,2007,-0.0514,1989,-0.036,3,2,1,2,18,False
3634,2009,-0.0719,2005,-0.0686,3,3,1,1,4,True
3635,1999,-0.0669,2002,-0.0633,4,1,1,2,-3,True
3636,2007,-0.1238,2007,-0.0898,2,1,1,2,0,True
3637,2011,-0.0935,2017,-0.0675,4,1,1,3,-6,True
3638,2000,-0.1152,2004,-0.1276,3,3,1,3,-4,True
3639,2000,-0.0927,2006,-0.1293,3,2,1,2,-6,True
3640,2005,-0.0967,2000,-0.1175,2,2,1,3,5,True
3641,2001,-0.13,2003,-0.1298,3,2,1,2,-2,True
3642,2005,-0.0712,2004,-0.0593,3,2,1,2,1,True
3643,1996,-0.0079,2009,-0.0283,3,1,0,2,-13,False
3644,1995,-0.0794,1993,-0.1056,3,2,1,2,2,True
3645,2008,-0.0828,2008,-0.1055,3,2,1,1,0,True
3646,2011,-0.0275,2010,-0.0396,4,1,1,2,1,False
3647,2011,-0.2432,2008,-0.1749,4,2,1,3,3,True
3648,2013,-0.0926,2013,-0.0591,3,2,1,2,0,True
3649,2008,-0.141,2014,-0.1373,3,2,1,2,-6,True
3650,2012,-0.1679,2012,-0.1471,3,2,1,2,0,True
3651,2013,-0.1809,2013,-0.1334,4,2,1,2,0,True
3652,2017,-0.1778,2013,-0.1559,3,3,1,2,4,True
3653,2012,-0.1948,2002,-0.1117,3,2,1,3,10,True
3654,2012,-0.1633,2012,-0.1879,2,2,1,2,0,True
3655,2002,-0.0248,2002,-0.0216,2,2,1,2,0,False
3656,2007,-0.0578,2010,-0.0718,3,2,1,2,-3,True
3657,2010,-0.0907,2011,-0.1649,3,2,2,2,-1,True
3658,2004,-0.1208,1999,-0.1131,3,3,1,3,5,True
3659,2004,-0.0845,2006,-0.0548,2,2,1,2,-2,True
3660,1998,-0.1222,2002,-0.1135,3,2,1,2,-4,True
3661,2003,-0.0633,2001,-0.0449,3,2,1,2,2,False
3662,1995,-0.1764,1997,-0.1646,4,2,1,3,-2,True
3663,2003,-0.2933,1999,-0.2616,4,2,1,2,4,True
3664,2006,-0.3718,2008,-0.3327,2,2,1,2,-2,True
3665,2001,-0.4264,2005,-0.3191,2,2,1,2,-4,True
3666,2001,-0.3408,2010,-0.3987,2,2,1,2,-9,True
3667,2011,-0.2555,2010,-0.1865,4,2,1,2,1,True
3668,2014,-0.0721,2013,-0.0482,6,2,0,2,1,False
3669,1992,-0.0574,1993,-0.043,5,1,1,1,-1,False
3670,2012,-0.0198,1997,-0.0462,1,1,1,2,15,False
3671,2003,-0.1037,2004,-0.1014,3,2,1,2,-1,True
3672,2010,-0.0796,2012,-0.129,3,3,1,2,-2,True
3673,1996,-0.0499,2014,-0.0367,4,2,1,2,-18,False
3674,2011,-0.2459,2012,-0.2383,3,2,1,3,-1,True
3675,2007,-0.2166,2003,-0.3435,4,2,1,2,4,True
3676,2004,-0.1512,2013,-0.1669,3,2,1,2,-9,True
3677,2004,-0.0834,1999,-0.039,3,2,1,4,5,False
3678,2008,-0.066,2015,-0.0416,2,2,1,2,-7,False
3679,2007,-0.0491,2006,-0.0286,4,2,1,2,1,False
3680,2020,-0.06,2011,-0.0824,5,3,0,2,9,True
3681,1996,-0.1243,1997,-0.2501,3,2,1,1,-1,True
3682,2002,-0.1901,1998,-0.3348,2,1,1,2,4,True
3683,2002,-0.2644,1999,-0.334,2,1,1,1,3,True
3684,2002,-0.2722,1996,-0.4268,2,2,1,2,6,True
3685,1997,-0.3107,1999,-0.3332,3,2,1,2,-2,True
3686,1993,-0.2358,1993,-0.2379,5,1,1,2,0,True
3687,1993,-0.0847,2004,-0.2038,5,2,1,2,-11,True
3688,2003,-0.197,2003,-0.0681,2,1,1,2,0,True
3689,2004,-0.1039,2004,-0.1334,2,2,2,2,0,True
3690,1999,-0.1122,1997,-0.1488,3,2,1,1,2,True
3691,1998,-0.2249,2004,-0.1715,3,2,1,2,-6,True
3692,1996,0.0098,1996,0.0103,3,3,1,2,0,False
3693,2002,-0.2305,2002,-0.1941,1,1,1,1,0,True
3694,2002,-0.1614,2002,-0.2284,2,1,1,1,0,True
3695,2002,-0.0333,2003,-0.0714,3,2,1,1,-1,False
3696,2003,-0.0633,1998,-0.0718,3,3,1,2,5,True
3697,1998,-0.1843,1997,-0.2331,3,2,1,2,1,True
3698,1998,-0.2679,1997,-0.1261,2,2,1,1,1,True
3699,1997,-0.3782,1998,-0.2776,3,2,1,2,-1,True
3700,1998,-0.251,2000,-0.2165,3,2,1,2,-2,True
3701,2002,-0.195,1999,-0.3108,3,2,1,2,3,True
3702,1997,-0.1901,1999,-0.2738,3,1,1,2,-2,True
3703,1998,-0.242,1999,-0.3105,5,1,1,2,-1,True
3704,2003,-0.4075,2001,-0.4045,2,2,1,2,2,True
3705,2003,-0.2695,2002,-0.3048,2,1,1,1,1,True
3706,1994,-0.1889,1997,-0.2295,4,2,1,3,-3,True
3707,2002,-0.2439,2002,-0.2508,2,2,1,2,0,True
3708,2001,-0.1808,2001,-0.0887,2,1,1,1,0,True
3709,2001,-0.1539,2001,-0.0853,2,1,1,2,0,True
3710,1998,-0.0003,1999,0.0029,4,2,1,1,-1,False
3711,2002,-0.1328,2004,-0.0823,2,1,1,1,-2,True
3712,1996,-0.2212,2002,-0.1535,3,2,1,3,-6,True
3713,1998,-0.5075,2002,-0.4194,2,2,1,2,-4,True
3714,1997,-0.1132,1997,-0.0758,3,2,1,1,0,True
3715,1999,-0.1896,1995,-0.0619,3,1,1,3,4,True
3716,2010,-0.0437,2010,-0.0576,2,2,1,2,0,False
3717,1997,-0.2037,1998,-0.3508,3,2,1,2,-1,True
3718,2014,-0.0955,2003,-0.1037,3,2,2,2,11,True
3719,2002,-0.2854,2002,-0.449,2,1,1,1,0,True
3720,2003,-0.1359,1994,-0.0903,2,2,1,2,9,True
3721,2002,-0.3704,2002,-0.3347,1,1,1,1,0,True
3722,1996,-0.2137,1996,-0.121,2,2,1,2,0,True
3723,1996,-0.282,2002,-0.3271,2,2,1,2,-6,True
3724,1997,-0.2682,1997,-0.2616,2,2,1,3,0,True
3725,1997,-0.1719,1996,-0.014,5,2,1,3,1,False
3726,1995,-0.225,2012,-0.0691,6,1,1,2,-17,True
3727,2002,-0.1173,2004,-0.2201,3,2,1,1,-2,True
3728,2003,-0.2028,2002,-0.2603,3,2,1,2,1,True
3729,2002,-0.2359,2003,-0.2471,3,2,1,1,-1,True
3730,2003,-0.1253,2006,-0.1118,3,2,1,1,-3,True
3731,2002,-0.1846,2002,-0.1631,2,2,1,2,0,True
3732,1996,-0.1966,2004,-0.2113,3,3,1,2,-8,True
3733,1999,-0.1722,1999,-0.1642,3,2,1,2,0,True
3734,2015,-0.0939,2002,-0.0178,5,2,0,2,13,False
3735,2012,-0.0674,2000,-0.0926,3,3,1,3,12,True
3736,2006,0.0111,1998,-0.097,5,2,1,1,8,False
3737,1997,0.0377,1994,0.0569,4,1,1,1,3,False
3738,2012,-0.0276,2000,0.0009,4,1,1,3,12,False
3739,2015,-0.0245,1992,-0.0301,4,3,0,1,23,False
3740,1999,0.0078,2002,-0.0086,2,2,1,1,-3,False
3741,2002,-0.0797,2002,-0.081,2,2,1,2,0,True
3742,2000,-0.3233,1999,-0.4401,3,2,1,1,1,True
3743,2004,-0.1747,2010,-0.0879,3,2,2,2,-6,True
3744,2012,-0.1614,1998,-0.1367,3,3,1,2,14,True
3745,1994,-0.2924,1999,-0.2698,3,3,1,2,-5,True
3746,1999,-0.2501,2005,-0.2174,3,3,1,2,-6,True
3747,1998,-0.2324,1999,-0.1446,3,2,1,3,-1,True
3748,2001,-0.1618,2003,-0.1401,2,2,1,2,-2,True
3749,2012,-0.1057,2002,-0.1127,2,2,1,2,10,True
3750,2014,-0.1478,2004,-0.0472,3,2,2,2,10,False
3751,2009,-0.0956,2006,-0.0916,4,2,1,2,3,True
3752,2005,-0.1019,1999,-0.1195,1,1,1,2,6,True
3753,2009,-0.0696,2011,-0.0753,2,2,1,3,-2,True
3754,1998,-0.0634,1997,-0.1398,3,2,1,2,1,True
3755,1999,-0.1128,1997,-0.1215,4,2,1,3,2,True
3756,2002,-0.1379,1995,-0.1046,3,2,1,2,7,True
3757,2010,-0.0584,2010,-0.1017,2,2,1,2,0,True
3758,2011,-0.0964,2011,-0.0815,2,2,1,2,0,True
3759,1991,-0.0702,2006,-0.0415,4,3,0,2,-15,False
3760,2014,-0.056,2005,-0.0386,4,1,0,2,9,False
3761,2008,-0.1918,2008,-0.1179,2,2,1,2,0,True
3762,2011,-0.2572,2008,-0.3091,3,3,1,2,3,True
3763,2009,-0.1001,2011,-0.1019,3,2,1,2,-2,True
3764,2010,-0.2244,2009,-0.1981,3,1,1,2,1,True
3765,2012,-0.2682,2012,-0.2159,3,2,1,2,0,True
3766,2012,-0.2387,2012,-0.2056,3,2,1,2,0,True
3767,2012,-0.2656,2012,-0.3087,3,1,1,2,0,True
3768,2012,-0.1596,2013,-0.1955,2,2,1,2,-1,True
3769,2013,-0.1643,2012,-0.1925,4,2,1,2,1,True
3770,2011,-0.1404,2011,-0.1079,2,2,2,2,0,True
3771,1998,-0.1553,1997,-0.2642,3,2,1,2,1,True
3772,1998,-0.1428,1994,-0.2528,3,2,1,2,4,True
3773,1999,-0.1202,2002,-0.1565,3,2,1,2,-3,True
3774,1998,-0.1299,2003,-0.1289,3,2,1,2,-5,True
3775,2002,-0.0975,2001,-0.0996,4,2,1,1,1,True
3776,1998,-0.059,2001,-0.0716,3,2,1,1,-3,True
3777,1998,-0.1576,2006,-0.1145,3,2,1,2,-8,True
3778,2007,-0.1546,2005,-0.2788,3,3,1,2,2,True
3779,2001,-0.3981,1999,-0.3355,3,1,1,2,2,True
3780,2006,-0.4128,2006,-0.4833,2,2,1,1,0,True
3781,2007,-0.2571,2000,-0.4091,3,2,1,2,7,True
3782,2008,-0.3141,2008,-0.2103,2,2,1,2,0,True
3783,2008,-0.1771,2005,-0.1805,4,2,1,2,3,True
3784,2014,-0.1591,2009,-0.07,3,2,2,1,5,True
3785,2003,-0.1102,2004,-0.0401,2,2,1,2,-1,False
3786,2005,-0.0311,2012,-0.0244,3,2,1,3,-7,False
3787,1992,0.0114,2003,-0.0413,4,3,0,2,-11,False
3788,2014,-0.1136,2004,-0.0586,4,2,1,2,10,True
3789,2013,-0.1024,2000,-0.0575,3,3,1,3,13,True
3790,2006,-0.0769,2000,-0.0684,2,2,1,2,6,True
3791,1999,-0.1087,2012,-0.1238,4,2,1,2,-13,True
3792,2001,-0.0574,1999,-0.03,2,2,1,2,2,False
3793,1999,-0.011,1999,-0.0259,4,3,0,3,0,False
3794,2014,-0.1076,2013,-0.1955,5,1,1,2,1,True
3795,1995,0.0173,2014,-0.0451,3,2,0,1,-19,False
3796,2002,-0.3277,2001,-0.3431,2,2,1,2,1,True
3797,1999,-0.1464,1999,-0.1658,2,2,1,1,0,True
3798,1999,-0.2784,1998,-0.3701,2,2,1,2,1,True
3799,2003,-0.1161,2003,-0.0421,2,2,2,2,0,False
3800,1993,-0.1687,2002,-0.0897,3,2,2,1,-9,True
3801,2002,-0.2748,2001,-0.3752,2,2,1,1,1,True
3802,2003,-0.1612,2001,-0.187,2,2,1,1,2,True
3803,2003,-0.2119,2003,-0.1364,1,1,1,1,0,True
3804,2002,-0.1701,2002,-0.3875,2,2,1,1,0,True
3805,2003,-0.177,2003,-0.223,2,2,1,2,0,True
3806,2003,-0.1213,2003,-0.0581,4,1,1,1,0,True
3807,1996,-0.2332,1996,-0.1631,2,2,1,2,0,True
3808,2007,-0.0814,2002,-0.2058,1,1,1,1,5,True
3809,2003,-0.2786,1998,-0.3078,3,2,1,2,5,True
3810,2001,-0.206,2001,-0.1932,2,1,1,2,0,True
3811,1997,-0.2611,2001,-0.2292,3,2,1,2,-4,True
3812,2003,-0.1149,1997,-0.1571,3,2,1,1,6,True
3813,1998,-0.1646,1995,-0.1466,4,2,1,2,3,True
3814,1998,-0.2431,1997,-0.3336,3,2,1,2,1,True
3815,1997,-0.2561,1998,-0.2363,3,2,1,2,-1,True
3816,1997,-0.2566,1999,-0.308,3,1,1,2,-2,True
3817,2000,-0.3183,2000,-0.2433,2,1,1,1,0,True
3818,2002,-0.2743,2001,-0.3839,2,2,1,2,1,True
3819,2002,-0.288,2001,-0.436,2,2,1,1,1,True
3820,2003,-0.2123,2002,-0.3466,2,1,1,1,1,True
3821,2006,-0.2917,2002,-0.545,2,2,1,1,4,True
3822,2000,-0.2386,1997,-0.2774,3,2,1,2,3,True
3823,2003,-0.1338,2003,-0.1081,2,1,1,1,0,True
3824,2004,-0.0039,2004,-0.0115,2,1,1,1,0,False
3825,2014,0.0,2014,0.0,0,0,0,0,0,False
3826,2003,0.0206,1999,0.0216,2,2,2,3,4,False
3827,2002,-0.1422,2002,-0.1525,3,2,1,2,0,True
3828,2003,-0.185,2002,-0.2804,3,3,1,2,1,True
3829,2003,-0.0338,1999,0.0032,3,2,2,2,4,False
3830,2010,-0.0104,2010,-0.0007,3,1,1,1,0,False
3831,2014,0.0003,1999,0.0004,0,0,0,1,15,False
3832,2014,0.0,2014,0.0,0,0,0,0,0,False
3833,1998,0.0125,1999,0.0068,2,2,1,2,-1,False
3834,2014,-0.0014,1999,0.0015,5,2,0,2,15,False
3835,1996,0.0193,1996,0.0444,4,2,0,1,0,False
3836,1999,0.0089,1992,0.0007,3,2,0,1,7,False
3837,2014,0.0003,1994,0.002,0,0,0,1,20,False
3838,2003,-0.0573,2003,-0.0536,2,2,2,2,0,True
3839,1996,-0.199,1997,-0.2173,3,2,1,2,-1,True
3840,1998,-0.2197,1993,-0.3404,4,2,1,1,5,True
3841,1994,-0.2091,2004,-0.0778,3,1,1,2,-10,True
3842,2003,-0.0974,2003,-0.1136,2,2,2,2,0,True
3843,1998,-0.4425,2002,-0.566,3,2,1,1,-4,True
3844,1995,-0.2796,1997,-0.1648,4,2,1,1,-2,True
3845,2001,-0.2271,2003,-0.1471,3,2,1,2,-2,True
3846,1999,-0.2724,1999,-0.2999,2,1,1,2,0,True
3847,1999,-0.2773,1999,-0.2618,3,2,1,2,0,True
3848,2011,-0.1824,2013,-0.177,3,2,1,2,-2,True
3849,1998,-0.1339,1996,-0.0988,2,2,1,2,2,True
3850,2014,-0.0282,2002,-0.0484,0,0,0,2,12,False
3851,2005,-0.0457,2005,-0.0093,1,1,1,1,0,False
3852,2005,-0.0702,2005,-0.0741,3,2,1,2,0,True
3853,2012,-0.0339,2008,-0.0727,4,2,1,2,4,False
3854,2004,0.0152,2009,-0.0142,4,1,1,2,-5,False
3855,1999,0.0064,1999,0.0112,3,3,1,3,0,False
3856,2011,-0.0253,2012,-0.0368,7,1,0,3,-1,False
3857,1998,-0.1466,1999,-0.1096,3,1,1,1,-1,True
3858,1998,-0.2544,1998,-0.3941,3,1,1,2,0,True
3859,1998,-0.1213,1998,-0.0449,3,2,1,2,0,False
3860,2012,-0.1439,1998,-0.134,3,2,2,3,14,True
3861,1998,-0.262,1994,-0.2171,3,2,2,2,4,True
3862,2011,-0.0864,1999,-0.1498,4,2,1,3,12,True
3863,2006,-0.0692,1999,-0.1225,3,2,1,2,7,True
3864,2005,-0.1892,2012,-0.1754,2,2,1,2,-7,True
3865,2006,-0.1773,2004,-0.1256,2,2,1,2,2,True
3866,2014,-0.1109,2013,-0.0713,2,2,2,2,1,True
3867,2004,-0.1039,2004,-0.1528,3,3,1,2,0,True
3868,2012,-0.072,2005,-0.0927,3,2,1,3,7,True
3869,2012,-0.092,2013,-0.1056,3,2,2,2,-1,True
3870,1999,-0.1527,1996,-0.1562,3,2,1,2,3,True
3871,2014,-0.0897,2007,-0.1395,2,2,2,2,7,True
3872,2011,-0.1321,1999,-0.1025,2,2,2,2,12,True
3873,2012,-0.1337,2011,-0.1401,3,2,1,2,1,True
3874,2005,-0.1099,2005,-0.1216,2,1,1,2,0,True
3875,2005,-0.1553,2005,-0.1902,1,1,1,1,0,True
3876,2011,-0.2053,2011,-0.1338,2,2,1,1,0,True
3877,2008,-0.1281,2008,-0.1647,3,2,1,2,0,True
3878,2010,-0.1661,2008,-0.1371,2,2,1,2,2,True
3879,2012,-0.1129,2012,-0.1867,3,2,1,2,0,True
3880,2011,-0.2073,2011,-0.1824,3,1,1,2,0,True
3881,2012,-0.1398,2012,-0.1516,4,2,1,2,0,True
3882,2012,-0.19,2012,-0.1957,3,2,1,2,0,True
3883,2013,-0.1777,2012,-0.1558,3,2,1,2,1,True
3884,2011,-0.1047,2011,-0.1137,3,2,1,2,0,True
3885,2013,-0.0344,2013,-0.0219,4,2,0,1,0,False
3886,2012,-0.215,2011,-0.1269,2,2,2,2,1,True
3887,2012,-0.1355,2010,-0.1591,3,2,2,3,2,True
3888,1994,-0.2003,1998,-0.2788,3,3,1,2,-4,True
3889,2002,-0.1718,2002,-0.126,4,2,1,2,0,True
3890,1998,-0.1534,1998,-0.1256,3,2,1,2,0,True
3891,2005,-0.1318,2004,-0.142,3,2,2,2,1,True
3892,2003,-0.0884,2000,-0.1041,3,2,1,2,3,True
3893,2001,-0.2958,2001,-0.2745,3,2,1,2,0,True
3894,2000,-0.4003,2001,-0.2904,3,2,1,2,-1,True
3895,2002,-0.3095,2007,-0.3186,4,3,1,2,-5,True
3896,2008,-0.4118,2008,-0.4065,2,2,1,1,0,True
3897,2011,-0.4181,2011,-0.3292,3,1,1,2,0,True
3898,2011,-0.3521,2011,-0.3474,4,1,1,2,0,True
3899,2012,-0.0874,1988,-0.0347,3,3,1,3,24,False
3900,2005,-0.027,1997,0.0196,1,1,1,2,8,False
3901,2014,0.0216,2005,-0.004,4,2,0,2,9,False
3902,2006,-0.0508,2007,-0.0261,2,1,1,2,-1,False
3903,2014,-0.0361,2009,-0.066,5,2,1,1,5,False
3904,2006,-0.0658,2012,-0.0899,3,2,1,3,-6,True
3905,2012,-0.077,2012,-0.0631,4,2,1,1,0,True
3906,2004,-0.0387,2013,-0.031,3,3,1,2,-9,False
3907,2012,-0.0227,1998,-0.0304,4,2,1,3,14,False
3908,1997,-0.0595,1999,-0.0345,2,2,2,3,-2,False
3909,2013,-0.0921,2012,-0.1082,2,1,1,1,1,True
3910,2014,-0.1095,2013,-0.0829,4,2,1,1,1,True
3911,2003,-0.1337,2003,-0.1214,2,2,1,2,0,True
3912,2014,0.0409,2013,0.0315,4,3,1,2,1,False
3913,2002,-0.1896,2003,-0.1555,2,2,1,2,-1,True
3914,1994,-0.1586,1994,-0.0842,3,2,1,2,0,True
3915,2003,-0.1737,2003,-0.2152,1,1,1,1,0,True
3916,2002,-0.1128,2003,-0.0892,3,1,1,1,-1,True
3917,2002,-0.2759,2002,-0.3948,3,2,1,1,0,True
3918,2003,-0.4447,2002,-0.3275,1,1,1,2,1,True
3919,2003,-0.2462,2003,-0.2734,2,1,1,1,0,True
3920,2002,-0.1247,2002,-0.1473,3,2,1,2,0,True
3921,2005,-0.3664,2003,-0.4173,2,1,1,2,2,True
3922,1997,-0.3206,1997,-0.3059,3,2,1,2,0,True
3923,1996,-0.404,1998,-0.4756,2,2,1,1,-2,True
3924,2002,-0.2899,2000,-0.2463,3,1,1,2,2,True
3925,1999,-0.2726,2002,-0.3506,2,2,1,2,-3,True
3926,1998,-0.4445,2000,-0.3302,3,2,1,2,-2,True
3927,1997,-0.3343,1997,-0.2766,3,2,1,2,0,True
3928,1997,-0.2007,1997,-0.2583,3,2,1,2,0,True
3929,1998,-0.1728,1998,-0.1924,4,2,1,2,0,True
3930,1997,-0.1921,1999,-0.1961,3,2,2,2,-2,True
3931,1997,-0.2153,2001,-0.2834,3,1,1,2,-4,True
3932,2000,-0.5533,2000,-0.5283,2,1,1,1,0,True
3933,2000,-0.5691,2001,-0.6428,2,1,1,1,-1,True
3934,2003,-0.2798,2003,-0.3317,2,1,1,1,0,True
3935,2003,-0.243,2002,-0.3145,1,1,1,1,1,True
3936,2004,-0.3218,2002,-0.3074,2,1,1,2,2,True
3937,2002,-0.2304,2002,-0.3821,3,2,1,1,0,True
3938,2010,-0.2696,2010,-0.2416,2,2,2,2,0,True
3939,2003,-0.1027,2003,-0.123,1,1,1,1,0,True
3940,2001,-0.0971,1989,0.015,2,1,1,2,12,False
3941,2002,-0.0983,2004,-0.0273,1,1,1,1,-2,False
3942,2002,-0.1611,2002,-0.1194,1,1,1,1,0,True
3943,2017,-0.0778,2001,-0.1684,4,1,1,2,16,True
3944,2014,0.0,2014,-0.0012,0,0,0,0,0,False
3945,1999,0.0036,1999,0.0064,3,2,1,1,0,False
3946,2014,0.0,2014,0.0,0,0,0,0,0,False
3947,2014,0.0003,1999,0.0007,0,0,0,1,15,False
3948,1999,0.0037,1999,0.003,3,2,1,1,0,False
3949,1998,0.0111,1999,0.0027,2,2,1,2,-1,False
3950,1996,0.0179,1996,0.0595,3,1,1,1,0,False
3951,2014,0.0,2014,0.0,0,0,0,0,0,False
3952,1999,0.006,2008,0.0049,2,1,1,1,-9,False
3953,1999,0.006,1999,0.0019,2,1,1,2,0,False
3954,1993,0.0019,1999,0.0041,3,3,1,1,-6,False
3955,2005,-0.193,2005,-0.1395,3,3,2,2,0,True
3956,2005,-0.3191,2002,-0.3036,2,1,1,1,3,True
3957,2001,-0.241,2001,-0.1027,2,1,1,2,0,True
3958,1998,-0.6018,2002,-0.5321,3,2,1,2,-4,True
3959,1998,-0.5288,1998,-0.5209,2,2,1,2,0,True
3960,2003,-0.199,2001,-0.1889,2,1,1,2,2,True
3961,2001,-0.1611,1997,-0.298,2,2,1,2,4,True
3962,1995,-0.0697,1995,-0.0986,4,1,1,2,0,True
3963,2003,-0.2305,2003,-0.2484,2,2,1,2,0,True
3964,1997,-0.2455,2004,-0.1613,2,2,1,2,-7,True
3965,1991,-0.0727,2013,-0.0953,3,2,1,3,-22,True
3966,1994,-0.1417,1995,-0.0519,4,1,1,2,-1,True
3967,2005,-0.1055,2005,-0.0585,2,1,1,2,0,True
3968,1998,0.012,2013,-0.016,4,2,0,3,-15,False
3969,1998,0.0445,1998,0.0013,2,2,1,2,0,False
3970,1999,0.0003,2005,-0.0008,6,2,0,2,-6,False
3971,2006,0.0095,1999,0.0107,2,2,1,2,7,False
3972,1998,0.0124,2002,0.0041,3,2,1,2,-4,False
3973,1999,-0.385,1999,-0.2527,2,2,1,1,0,True
3974,2002,-0.2014,2003,-0.1518,2,1,1,2,-1,True
3975,2008,-0.1622,2005,-0.0779,3,2,1,2,3,True
3976,1997,-0.2659,1999,-0.1459,3,2,2,2,-2,True
3977,1996,-0.1647,2000,-0.118,2,2,2,2,-4,True
3978,2004,-0.2248,2005,-0.1728,3,1,1,2,-1,True
3979,2007,-0.0968,2002,-0.1441,3,2,1,2,5,True
3980,2008,-0.16,2012,-0.1201,3,2,1,2,-4,True
3981,1993,-0.0709,1997,-0.1272,3,3,1,1,-4,True
3982,2004,-0.0984,2013,-0.089,3,3,1,2,-9,True
3983,2013,-0.0622,2005,-0.0461,3,2,2,2,8,False
3984,2013,-0.081,2005,-0.0719,4,2,0,2,8,True
3985,2013,-0.1281,2008,-0.0992,2,2,2,2,5,True
3986,2007,-0.1766,2007,-0.2468,3,2,2,2,0,True
3987,2012,-0.1812,2011,-0.1511,3,2,2,2,1,True
3988,2013,-0.193,2012,-0.1571,2,2,2,2,1,True
3989,2006,-0.123,2013,-0.1537,3,2,1,2,-7,True
3990,2005,-0.17,2005,-0.2633,2,2,1,1,0,True
3991,2011,-0.1271,2005,-0.0934,2,2,1,2,6,True
3992,2008,-0.1322,2011,-0.1457,2,2,1,2,-3,True
3993,2008,-0.2035,2007,-0.1802,2,1,1,2,1,True
3994,2012,-0.0798,2008,-0.145,3,2,2,2,4,True
3995,2012,-0.1368,2012,-0.0981,3,2,1,2,0,True
3996,2012,-0.1498,2011,-0.1158,3,2,1,2,1,True
3997,2012,-0.086,2012,-0.0786,2,2,1,2,0,True
3998,2013,-0.1911,2013,-0.1548,3,2,1,2,0,True
3999,2013,-0.0592,2012,-0.0952,4,2,1,2,1,True
4000,2014,-0.0589,2000,-0.1305,4,1,1,2,14,True
4001,2012,-0.1818,2011,-0.1843,3,2,1,2,1,True
4002,2011,-0.2376,2011,-0.1604,3,2,1,2,0,True
4003,1992,-0.1627,2012,-0.1638,4,2,2,2,-20,True
4004,1998,-0.0947,2000,-0.1159,3,3,2,3,-2,True
4005,1999,-0.1855,1998,-0.1972,3,1,1,2,1,True
4006,2000,-0.3316,2000,-0.3539,4,2,1,2,0,True
4007,2000,-0.2432,2001,-0.1345,3,2,1,2,-1,True
4008,1999,-0.4508,2008,-0.3378,3,2,1,2,-9,True
4009,2000,-0.3112,2001,-0.2819,3,2,1,2,-1,True
4010,2001,-0.2531,2001,-0.2801,3,2,1,2,0,True
4011,2006,-0.2648,2006,-0.2251,4,2,1,2,0,True
4012,2011,-0.2322,1995,-0.17,4,2,1,2,16,True
4013,2011,-0.0868,2008,-0.1257,3,2,1,3,3,True
4014,2010,-0.0551,2010,-0.0407,3,1,1,2,0,False
4015,2010,0.0035,1992,-0.0164,4,2,0,2,18,False
4016,2001,-0.0553,2005,-0.034,2,2,1,2,-4,False
4017,2014,0.0136,2016,0.0039,3,1,1,2,-2,False
4018,2004,0.0268,2006,0.007,2,2,1,1,-2,False
4019,2012,-0.0941,2012,-0.066,2,2,1,2,0,True
4020,2012,-0.058,2011,-0.0205,3,2,1,2,1,False
4021,2001,0.0164,2013,-0.0166,4,2,1,1,-12,False
4022,1995,0.0001,1993,0.0248,4,4,0,3,2,False
4023,1997,-0.059,2012,-0.0477,3,2,1,3,-15,False
4024,1991,0.0419,1995,0.0432,4,2,1,1,-4,False
4025,2010,-0.043,2002,-0.0189,3,3,1,3,8,False
4026,2003,-0.2384,2000,-0.2008,2,2,1,2,3,True
4027,1994,-0.0549,2001,-0.2182,3,2,2,2,-7,True
4028,2003,-0.0509,2003,-0.1593,2,2,2,1,0,True
4029,2001,-0.1593,2002,-0.1511,2,1,1,1,-1,True
4030,2003,-0.0263,1996,-0.0117,2,1,1,1,7,False
4031,2012,-0.0001,2002,0.0028,4,2,1,1,10,False
4032,2004,-0.066,2004,-0.0431,2,2,1,1,0,False
4033,2003,-0.1466,2002,-0.2328,2,2,1,1,1,True
4034,2003,-0.2606,2004,-0.3262,1,1,1,1,-1,True
4035,2002,-0.0394,2001,-0.1668,4,3,1,1,1,False
4036,1998,-0.165,2001,-0.1505,3,2,1,3,-3,True
4037,1997,-0.3531,2001,-0.2809,3,2,1,2,-4,True
4038,1994,-0.2377,2003,-0.3126,4,2,2,2,-9,True
4039,2001,-0.1594,2003,-0.2895,3,2,1,2,-2,True
4040,1998,-0.3153,1999,-0.3145,3,1,1,1,-1,True
4041,1998,-0.3566,2001,-0.3633,2,2,1,2,-3,True
4042,2000,-0.2916,1997,-0.3346,3,2,1,2,3,True
4043,2001,-0.3558,2001,-0.4151,2,2,1,2,0,True
4044,1997,-0.2572,1997,-0.2659,4,2,1,1,0,True
4045,1997,-0.2372,1997,-0.17,4,2,1,2,0,True
4046,1997,-0.3469,1998,-0.2795,4,2,1,2,-1,True
4047,2000,-0.4753,2000,-0.5143,2,1,1,1,0,True
4048,2001,-0.4876,2002,-0.3905,1,1,1,1,-1,True
4049,2002,-0.2168,2002,-0.1177,2,1,1,2,0,True
4050,2004,-0.5302,2004,-0.5055,1,1,1,1,0,True
4051,2007,-0.6598,2007,-0.6845,2,1,1,1,0,True
4052,2004,-0.4116,2007,-0.5306,2,2,1,2,-3,True
4053,2003,-0.3324,2010,-0.2558,2,2,1,2,-7,True
4054,2001,-0.1463,2001,-0.077,1,1,1,1,0,True
4055,2002,-0.0697,2002,-0.1186,2,2,1,1,0,True
4056,2004,0.0184,2003,0.0142,3,3,1,2,1,False
4057,2001,-0.0555,1997,-0.0601,3,2,1,2,4,True
4058,1995,-0.031,1997,-0.0726,4,1,1,2,-2,False
4059,2004,-0.1369,2004,-0.0316,1,1,1,1,0,False
4060,1999,0.0011,1999,0.0073,3,2,1,1,0,False
4061,2010,0.0013,1999,0.0029,4,1,0,2,11,False
4062,1996,0.0133,1997,0.0029,1,1,1,1,-1,False
4063,1999,0.0374,1999,0.0482,2,1,1,1,0,False
4064,1999,0.0105,1999,0.0047,2,2,1,1,0,False
4065,1999,0.0018,1996,0.0153,1,1,1,1,3,False
4066,1996,0.005,1996,0.0015,1,1,1,1,0,False
4067,1996,0.0064,2016,-0.0032,4,1,1,2,-20,False
4068,1996,0.0016,1999,0.003,3,2,1,1,-3,False
4069,2014,0.0,2014,-0.0001,0,0,0,0,0,False
4070,2002,-0.2834,1995,-0.1884,2,2,2,2,7,True
4071,2002,-0.4957,2002,-0.6293,2,2,1,1,0,True
4072,2002,-0.4675,2001,-0.5502,2,1,1,1,1,True
4073,2001,-0.6325,2001,-0.5566,2,2,1,2,0,True
4074,1997,-0.3888,2001,-0.3424,4,2,1,2,-4,True
4075,1996,-0.2036,1996,-0.2758,4,1,1,2,0,True
4076,2002,-0.0645,2001,-0.1778,2,1,1,1,1,True
4077,1994,-0.0773,1993,-0.0258,4,2,1,3,1,False
4078,1997,-0.3101,1997,-0.3299,3,1,1,2,0,True
4079,1997,-0.3917,1996,-0.3828,4,1,1,2,1,True
4080,2014,-0.1418,1994,-0.0924,4,2,2,2,20,True
4081,2005,-0.0558,1998,-0.0441,2,2,1,2,7,False
4082,2010,-0.0153,2010,-0.0324,4,1,1,1,0,False
4083,2009,0.0112,2004,-0.0547,3,2,1,2,5,False
4084,2018,-0.0013,1990,-0.0006,4,3,0,2,28,False
4085,2012,-0.0045,2011,0.0005,2,1,1,2,1,False
4086,2012,-0.0037,2003,0.0004,2,1,1,3,9,False
4087,1999,0.0019,2008,0.0049,2,2,1,2,-9,False
4088,2002,-0.0573,2012,-0.0117,1,1,1,1,-10,False
4089,2012,-0.025,2013,-0.0117,3,2,1,2,-1,False
4090,1996,-0.1254,1994,-0.0799,3,2,1,4,2,True
4091,1997,-0.073,2012,-0.0812,2,2,2,2,-15,True
4092,2003,-0.1773,2003,-0.1924,2,2,1,2,0,True
4093,2002,-0.1558,2005,-0.1012,2,2,1,2,-3,True
4094,2011,-0.1876,2012,-0.1853,3,2,1,2,-1,True
4095,2011,-0.1428,2005,-0.12,3,2,1,3,6,True
4096,2012,-0.1351,2003,-0.1094,3,1,1,3,9,True
4097,2002,-0.0627,2005,-0.0772,4,1,1,2,-3,True
4098,1999,-0.0996,2013,-0.0744,3,3,1,2,-14,True
4099,1995,-0.1823,1994,-0.095,3,3,1,1,1,True
4100,2006,-0.1561,2013,-0.1404,3,3,1,2,-7,True
4101,1995,-0.1504,1995,-0.1483,3,2,2,2,0,True
4102,2012,-0.2269,2012,-0.2215,3,2,1,2,0,True
4103,2012,-0.167,2011,-0.1995,2,2,1,2,1,True
4104,1991,-0.2109,2011,-0.1528,4,3,0,3,-20,True
4105,2005,-0.2502,2005,-0.3024,2,2,1,1,0,True
4106,2009,-0.1292,2009,-0.0654,3,1,1,2,0,True
4107,2008,-0.1014,2011,-0.144,2,1,1,2,-3,True
4108,2000,-0.1815,2011,-0.1229,3,2,1,2,-11,True
4109,2006,-0.2349,2004,-0.2753,2,2,1,2,2,True
4110,2012,-0.1586,2012,-0.1924,4,2,1,2,0,True
4111,2012,-0.1723,2012,-0.2273,2,2,1,2,0,True
4112,2012,-0.1475,2012,-0.1604,4,2,1,2,0,True
4113,2006,-0.1272,2012,-0.156,2,2,1,2,-6,True
4114,2014,-0.1371,2012,-0.1384,3,2,1,2,2,True
4115,2013,-0.0916,2017,-0.0714,3,2,2,2,-4,True
4116,2013,-0.0836,2013,-0.1154,3,2,2,2,0,True
4117,2007,-0.1726,2013,-0.1426,2,2,2,3,-6,True
4118,2009,-0.139,2000,-0.1262,5,2,1,2,9,True
4119,1994,-0.0943,2005,-0.131,2,2,2,2,-11,True
4120,1998,-0.1747,1997,-0.1976,3,2,1,1,1,True
4121,2001,-0.2353,1997,-0.2069,4,2,1,2,4,True
4122,2001,-0.4174,1999,-0.4471,3,2,1,2,2,True
4123,2000,-0.3758,1999,-0.3308,3,2,1,1,1,True
4124,1998,-0.3163,1999,-0.2895,3,2,1,2,-1,True
4125,1995,-0.2355,2003,-0.2412,3,2,1,2,-8,True
4126,2011,-0.142,2005,-0.0991,4,3,1,3,6,True
4127,2011,-0.1859,2010,-0.1672,3,1,1,2,1,True
4128,2009,-0.1758,2012,-0.2041,3,1,1,2,-3,True
4129,2010,-0.2136,2011,-0.205,2,2,1,2,-1,True
4130,2007,-0.0192,2007,0.0018,5,2,0,2,0,False
4131,2006,-0.1106,2006,-0.1082,3,2,1,2,0,True
4132,2007,-0.0909,1995,-0.0776,2,1,1,2,12,True
4133,2007,-0.1243,2002,-0.1597,2,2,1,2,5,True
4134,1993,-0.0262,2003,0.0193,5,2,0,2,-10,False
4135,2016,-0.0634,2004,-0.1025,5,1,0,1,12,True
4136,2000,-0.1176,1998,-0.0747,3,2,1,2,2,True
4137,2000,-0.0862,1996,-0.0757,3,2,1,2,4,True
4138,1995,-0.0774,1992,-0.0284,5,1,1,3,3,False
4139,1997,0.0403,2010,-0.0455,4,2,1,3,-13,False
4140,2010,-0.1107,2010,-0.1095,4,3,0,3,0,True
4141,2003,-0.3516,2002,-0.2473,3,1,1,2,1,True
4142,2003,-0.3287,2004,-0.3035,1,1,1,1,-1,True
4143,2003,-0.0388,2003,-0.1633,1,1,1,1,0,False
4144,2002,-0.3424,2002,-0.2026,2,2,1,1,0,True
4145,2002,-0.2924,2002,-0.1749,2,1,1,1,0,True
4146,1996,-0.0576,2002,0.0164,3,2,1,1,-6,False
4147,2001,-0.0759,1999,-0.1734,1,1,1,2,2,True
4148,2002,-0.165,2003,-0.1158,2,2,1,2,-1,True
4149,2003,-0.1472,2002,-0.1147,2,2,1,2,1,True
4150,2002,-0.1307,2002,-0.0277,2,1,1,2,0,False
4151,1998,-0.1426,1998,-0.26,3,1,1,2,0,True
4152,2000,-0.1756,1997,-0.2397,3,2,1,2,3,True
4153,1997,-0.1952,1998,-0.2349,3,2,1,2,-1,True
4154,2001,-0.2622,2001,-0.3431,2,1,1,2,0,True
4155,2001,-0.2952,2001,-0.3325,2,1,1,2,0,True
4156,2002,-0.3352,1998,-0.4018,2,2,1,2,4,True
4157,2001,-0.4399,2000,-0.3632,2,2,1,2,1,True
4158,1998,-0.65,1998,-0.4783,2,1,1,2,0,True
4159,1997,-0.4364,1999,-0.4076,4,2,1,2,-2,True
4160,2000,-0.1836,1997,-0.1666,4,2,1,2,3,True
4161,2001,-0.2791,2000,-0.2106,3,2,1,2,1,True
4162,2001,-0.3249,2000,-0.4838,2,1,1,2,1,True
4163,2001,-0.3921,2001,-0.3433,2,1,1,1,0,True
4164,2001,-0.3734,2002,-0.4583,2,1,1,1,-1,True
4165,2007,-0.5097,2003,-0.4423,2,2,1,2,4,True
4166,2002,-0.5497,2007,-0.5532,2,2,1,2,-5,True
4167,2005,-0.5677,2007,-0.6854,2,2,1,2,-2,True
4168,2004,-0.5085,2007,-0.4593,2,1,1,2,-3,True
4169,2010,-0.2265,2008,-0.2253,2,2,1,2,2,True
4170,2002,-0.2322,2002,-0.3587,2,2,1,2,0,True
4171,2007,-0.1722,2007,-0.1326,3,1,1,2,0,True
4172,2000,-0.2814,2001,-0.2536,2,2,1,1,-1,True
4173,2004,-0.2379,2003,-0.2857,1,1,1,1,1,True
4174,2004,-0.0309,2004,-0.0016,1,1,1,2,0,False
4175,1999,0.0048,1999,0.004,2,2,1,1,0,False
4176,1999,0.0071,1999,0.0058,3,1,1,1,0,False
4177,1997,0.0027,2014,0.0001,1,1,1,0,-17,False
4178,1999,0.0673,1999,0.1323,1,1,1,1,0,True
4179,1999,0.0039,1999,0.0079,4,2,1,1,0,False
4180,1996,0.0632,1999,0.1003,3,1,1,1,-3,True
4181,1996,0.0084,1996,0.0207,1,1,1,1,0,False
4182,1996,0.0072,1996,0.0011,1,1,1,2,0,False
4183,2014,0.0,2014,0.0,0,0,0,0,0,False
4184,2002,-0.1113,2002,-0.165,2,2,2,2,0,True
4185,1997,-0.3013,1996,-0.4726,3,2,1,1,1,True
4186,2003,-0.2497,2001,-0.237,2,1,1,1,2,True
4187,2002,-0.5257,2001,-0.46,2,1,1,2,1,True
4188,2002,-0.6014,2002,-0.5087,1,1,1,1,0,True
4189,1999,-0.3698,2002,-0.495,2,2,1,1,-3,True
4190,1996,-0.1948,1997,-0.0751,3,3,1,2,-1,True
4191,1994,-0.2617,1994,-0.1244,3,2,2,2,0,True
4192,1995,-0.288,1995,-0.2129,3,3,1,3,0,True
4193,1997,-0.4089,1995,-0.4058,3,2,1,3,2,True
4194,1997,-0.6865,1997,-0.6789,3,2,1,2,0,True
4195,2003,-0.1762,1998,-0.1737,3,2,1,3,5,True
4196,2006,-0.1598,2002,-0.2272,3,2,1,2,4,True
4197,2005,-0.0829,2011,-0.1359,3,2,1,1,-6,True
4198,2009,0.0108,2005,-0.0218,4,4,0,2,4,False
4199,2014,0.0001,1991,-0.0005,0,0,0,2,23,False
4200,1994,0.0101,2010,0.0009,2,2,1,1,-16,False
4201,1994,0.0079,2002,-0.0025,3,3,0,1,-8,False
4202,2009,0.0135,1999,0.0091,1,1,1,2,10,False
4203,1995,0.0068,1999,0.0086,4,2,1,2,-4,False
4204,2013,-0.0123,1998,0.0117,2,2,1,1,15,False
4205,2013,-0.0234,2012,-0.0592,5,3,0,2,1,False
4206,2001,-0.0834,2003,-0.0701,1,1,1,2,-2,True
4207,2004,-0.1536,2000,-0.2165,2,2,1,1,4,True
4208,2001,-0.2821,1999,-0.3159,3,3,1,2,2,True
4209,2002,-0.1261,2003,-0.0927,3,2,1,2,-1,True
4210,2006,-0.1423,2011,-0.0991,2,2,1,3,-5,True
4211,2005,-0.1193,2005,-0.0875,1,1,1,3,0,True
4212,2005,-0.025,1995,0.018,3,1,0,2,10,False
4213,2014,-0.0218,1991,-0.0669,5,3,0,2,23,False
4214,2013,-0.0983,1999,-0.0934,4,3,1,2,14,True
4215,2005,-0.1264,1995,-0.1261,3,3,1,2,10,True
4216,1994,-0.2561,1995,-0.1845,3,2,2,2,-1,True
4217,2012,-0.1472,2007,-0.1251,3,2,2,2,5,True
4218,2003,-0.2572,2012,-0.1661,3,3,1,2,-9,True
4219,2005,-0.2885,2005,-0.2538,2,1,1,2,0,True
4220,2008,-0.1506,2008,-0.1388,3,2,2,2,0,True
4221,2010,-0.1022,2011,-0.1588,2,2,1,3,-1,True
4222,2006,-0.0681,2009,-0.1364,3,1,1,2,-3,True
4223,2000,-0.0878,2008,-0.0412,2,2,1,2,-8,False
4224,2012,-0.1553,1999,-0.1388,2,2,2,3,13,True
4225,2007,-0.214,2006,-0.1795,4,1,1,2,1,True
4226,2012,-0.1247,2012,-0.1354,4,2,1,2,0,True
4227,2012,-0.1042,2013,-0.0889,4,2,1,2,-1,True
4228,2013,-0.0946,2004,-0.0769,3,2,1,3,9,True
4229,2014,-0.1388,2013,-0.2098,3,2,1,2,1,True
4230,2018,-0.1328,2005,-0.0962,3,3,0,2,13,True
4231,2006,-0.1174,2007,-0.1336,3,2,1,2,-1,True
4232,2007,-0.1031,2007,-0.1238,2,2,1,1,0,True
4233,2005,-0.0698,2000,-0.0942,5,2,1,2,5,True
4234,2006,-0.0727,2005,-0.096,3,3,1,2,1,True
4235,1997,-0.1662,1998,-0.2142,4,2,1,2,-1,True
4236,1997,-0.2063,1998,-0.2618,3,1,1,2,-1,True
4237,2005,-0.2025,2000,-0.1865,2,2,1,2,5,True
4238,1999,-0.437,2012,-0.4241,3,3,2,2,-13,True
4239,2000,-0.2939,2000,-0.222,3,2,2,3,0,True
4240,1998,-0.2369,1999,-0.1628,3,3,1,2,-1,True
4241,1995,-0.0744,2011,-0.1692,5,2,1,3,-16,True
4242,2009,-0.1307,2011,-0.2074,5,2,1,3,-2,True
4243,2010,-0.1707,2011,-0.0576,4,2,1,1,-1,True
4244,2006,-0.1033,2004,-0.0894,3,2,1,2,2,True
4245,2007,-0.1098,2007,-0.1733,2,2,1,2,0,True
4246,2012,-0.0296,2003,-0.0962,3,2,1,2,9,False
4247,2010,-0.0913,2010,-0.0982,2,2,1,2,0,True
4248,1995,-0.1864,1996,-0.1079,3,2,1,2,-1,True
4249,1996,-0.0559,2002,-0.1175,4,2,1,2,-6,True
4250,1994,-0.0822,1997,-0.0867,3,2,1,2,-3,True
4251,1994,-0.1142,1998,-0.0408,4,2,2,2,-4,False
4252,2000,-0.1771,2012,-0.1141,3,2,1,2,-12,True
4253,2004,-0.109,2010,-0.1667,2,2,1,2,-6,True
4254,2012,-0.112,2010,-0.0421,4,3,1,3,2,False
4255,2021,-0.0487,2010,-0.089,5,2,0,1,11,False
4256,2003,-0.3813,2003,-0.3284,2,2,1,1,0,True
4257,2010,-0.1365,2004,-0.0794,2,2,1,1,6,True
4258,2005,-0.2485,2004,-0.3006,2,1,1,2,1,True
4259,2005,-0.5511,2004,-0.5247,2,2,1,1,1,True
4260,2002,-0.299,2002,-0.2573,2,1,1,1,0,True
4261,2006,-0.1525,2012,-0.0917,2,2,1,2,-6,True
4262,2003,-0.2127,2003,-0.1411,2,2,1,1,0,True
4263,2003,-0.304,2004,-0.1157,2,1,1,2,-1,True
4264,2004,-0.1137,2004,-0.0699,3,1,1,2,0,True
4265,2003,-0.0681,2004,-0.0258,1,1,1,2,-1,False
4266,2000,-0.1609,2003,-0.3385,3,2,1,1,-3,True
4267,2001,-0.2538,1999,-0.4633,3,2,1,2,2,True
4268,1996,-0.105,1999,-0.2079,2,2,1,2,-3,True
4269,2002,-0.2222,2002,-0.2939,2,2,1,1,0,True
4270,2003,-0.3744,2002,-0.3779,2,1,1,1,1,True
4271,2002,-0.3591,2000,-0.389,2,2,1,2,2,True
4272,2000,-0.4258,2000,-0.4821,2,2,1,2,0,True
4273,1998,-0.3755,1998,-0.3853,3,2,1,2,0,True
4274,1997,-0.311,1998,-0.3581,3,2,1,2,-1,True
4275,2002,-0.0787,2001,-0.1351,4,2,1,2,1,True
4276,2002,-0.2829,2001,-0.3715,2,2,1,2,1,True
4277,2000,-0.3701,2002,-0.5874,3,2,1,1,-2,True
4278,1999,-0.2793,2001,-0.3354,2,2,1,2,-2,True
4279,2001,-0.4735,2001,-0.5319,2,1,1,1,0,True
4280,2002,-0.5611,2002,-0.392,1,1,1,1,0,True
4281,2002,-0.3352,2002,-0.3502,1,1,1,1,0,True
4282,2003,-0.4284,2004,-0.3615,2,1,1,2,-1,True
4283,2007,-0.3265,2003,-0.4306,2,2,2,2,4,True
4284,2002,-0.2167,2004,-0.2467,2,1,1,1,-2,True
4285,2003,-0.4535,2002,-0.3078,2,1,1,1,1,True
4286,2005,-0.343,2002,-0.343,2,2,1,2,3,True
4287,1999,-0.1426,2001,-0.1824,3,2,1,1,-2,True
4288,2005,-0.0787,2005,-0.0514,4,2,1,2,0,True
4289,2002,-0.0477,2000,-0.0325,3,1,1,1,2,False
4290,1999,0.0012,2014,0.0,1,1,1,0,-15,False
4291,1999,0.0028,1999,0.0053,2,1,1,1,0,False
4292,1996,0.0104,1996,0.0146,1,1,1,1,0,False
4293,1999,0.0143,1996,0.0032,3,1,1,1,3,False
4294,1999,0.1057,1999,0.1408,2,1,1,1,0,True
4295,2004,-0.0028,1999,0.0314,2,2,0,1,5,False
4296,1996,0.0441,1999,0.0249,3,1,1,1,-3,False
4297,1996,0.0167,1999,0.0452,2,1,1,1,-3,False
4298,1996,0.0087,1996,0.0004,3,2,1,2,0,False
4299,2001,-0.1717,2002,-0.0885,2,2,1,2,-1,True
4300,1995,-0.2719,2001,-0.262,3,2,1,2,-6,True
4301,2002,-0.2383,2002,-0.1465,1,1,1,1,0,True
4302,2002,-0.4517,2002,-0.5177,1,1,1,1,0,True
4303,2002,-0.2196,1999,-0.3176,3,2,1,2,3,True
4304,2000,-0.1346,2000,-0.3139,2,1,1,1,0,True
4305,2000,-0.0319,2000,-0.0109,3,1,1,2,0,False
4306,1996,-0.1614,1996,-0.1784,2,2,1,2,0,True
4307,1995,-0.3244,1996,-0.3908,3,2,2,2,-1,True
4308,1997,-0.4539,1996,-0.5275,4,2,1,3,1,True
4309,1996,-0.6042,1996,-0.6628,3,2,1,2,0,True
4310,2003,-0.4459,2002,-0.3677,2,1,1,2,1,True
4311,2004,-0.2723,2003,-0.2165,3,2,1,2,1,True
4312,2000,-0.0588,2008,-0.1181,3,3,1,2,-8,True
4313,2000,-0.0138,1991,-0.0153,6,1,1,2,9,False
4314,2007,0.0148,1999,0.0203,3,2,1,3,8,False
4315,2005,0.0078,2005,0.0026,3,2,1,1,0,False
4316,2014,-0.0065,1999,0.0031,3,3,0,1,15,False
4317,2011,0.0083,1999,0.0134,3,2,1,2,12,False
4318,2009,0.0087,2000,0.0045,2,2,2,1,9,False
4319,2005,0.0033,1998,0.0067,3,1,1,1,7,False
4320,1994,-0.0152,2013,-0.0127,4,1,1,1,-19,False
4321,1993,0.0279,2003,-0.0403,5,1,1,1,-10,False
4322,2001,-0.1507,2000,-0.1024,3,2,1,2,1,True
4323,1999,-0.1395,1994,-0.1493,3,3,1,2,5,True
4324,2000,-0.1175,1997,-0.0995,4,3,1,1,3,True
4325,1998,-0.165,2003,-0.1174,4,2,1,2,-5,True
4326,2004,-0.1197,2001,-0.1167,3,2,1,2,3,True
4327,2011,-0.0174,1999,-0.0876,3,1,1,2,12,False
4328,2014,-0.0336,1996,0.0103,4,1,1,3,18,False
4329,2004,-0.1432,1996,-0.096,3,2,1,2,8,True
4330,1999,-0.1874,2004,-0.0912,2,2,1,3,-5,True
4331,1999,-0.1291,2011,-0.1247,3,2,2,2,-12,True
4332,2002,-0.2519,2012,-0.266,3,2,1,2,-10,True
4333,2011,-0.2145,2011,-0.1903,3,2,1,2,0,True
4334,2011,-0.2895,2012,-0.2296,3,2,2,2,-1,True
4335,2011,-0.189,2011,-0.2236,3,2,1,2,0,True
4336,2011,-0.0768,2004,-0.1183,2,2,1,2,7,True
4337,2006,-0.1278,2008,-0.1422,2,1,1,2,-2,True
4338,2009,-0.0379,2008,-0.0631,4,2,1,2,1,False
4339,2007,-0.124,2007,-0.0682,3,2,1,1,0,True
4340,2007,-0.2211,2007,-0.2221,3,3,1,2,0,True
4341,2006,-0.2018,2006,-0.1607,3,2,1,3,0,True
4342,1990,-0.1358,2013,-0.036,4,2,0,2,-23,False
4343,2012,-0.1085,2013,-0.0779,2,2,2,2,-1,True
4344,2012,-0.157,2012,-0.0924,4,2,1,3,0,True
4345,2006,-0.0945,2005,-0.0606,3,2,1,2,1,True
4346,2007,-0.069,2002,-0.0632,4,2,1,2,5,True
4347,2012,-0.0168,2007,-0.0316,2,1,1,2,5,False
4348,2006,-0.0611,2006,-0.0325,2,1,1,2,0,False
4349,2008,-0.0744,2001,-0.0571,3,3,1,2,7,True
4350,1999,-0.2168,1997,-0.1279,3,1,1,2,2,True
4351,1996,-0.1242,1997,-0.1685,3,1,1,2,-1,True
4352,2009,-0.1895,2011,-0.2042,3,2,2,2,-2,True
4353,2001,-0.3279,2011,-0.3297,3,2,1,3,-10,True
4354,2012,-0.3685,2012,-0.4542,3,3,1,3,0,True
4355,1999,-0.2432,1999,-0.3391,4,3,1,2,0,True
4356,2007,-0.1997,1993,-0.2453,4,3,1,2,14,True
4357,2010,-0.1653,1997,-0.0949,5,3,1,3,13,True
4358,2016,-0.1531,2018,-0.1015,4,1,0,3,-2,True
4359,2000,-0.0196,2012,0.0047,5,1,1,2,-12,False
4360,2005,-0.0575,1995,-0.0772,3,2,1,2,10,True
4361,2010,-0.0292,2010,0.0141,3,2,1,2,0,False
4362,2013,0.0274,2004,-0.0204,4,2,2,2,9,False
4363,1999,-0.1278,2005,-0.2139,3,1,1,2,-6,True
4364,1994,-0.1723,1994,-0.113,2,1,1,1,0,True
4365,2012,-0.1361,1993,-0.0588,3,2,2,3,19,True
4366,2006,-0.1049,2012,-0.0757,3,2,1,1,-6,True
4367,2016,-0.1094,2013,-0.0556,5,2,1,1,3,True
4368,2004,-0.2258,2004,-0.1488,2,1,1,2,0,True
4369,2010,-0.0534,2010,-0.0769,4,1,1,3,0,True
4370,1997,0.0505,2015,-0.1228,3,2,0,3,-18,True
4371,2002,-0.1567,2002,-0.2375,2,1,1,2,0,True
4372,1996,-0.1014,2002,0.0296,4,2,1,2,-6,False
4373,2001,-0.3682,2001,-0.3888,3,2,1,2,0,True
4374,2001,-0.5818,2000,-0.5691,2,2,1,2,1,True
4375,2005,-0.338,2006,-0.2794,2,2,1,2,-1,True
4376,2003,-0.2359,2003,-0.118,2,1,1,1,0,True
4377,2003,-0.2679,2003,-0.2773,2,2,1,1,0,True
4378,2003,-0.3343,2003,-0.3694,1,1,1,1,0,True
4379,2003,-0.1707,2004,-0.0685,1,1,1,1,-1,True
4380,2003,-0.448,2003,-0.4302,2,1,1,1,0,True
4381,2001,-0.5487,2002,-0.4493,2,1,1,2,-1,True
4382,2001,-0.6211,2002,-0.5967,3,2,1,2,-1,True
4383,2003,-0.3495,2002,-0.3984,2,2,1,1,1,True
4384,2001,-0.4217,2001,-0.4696,2,1,1,1,0,True
4385,2002,-0.463,2000,-0.322,2,1,1,1,2,True
4386,1998,-0.6907,1998,-0.6721,2,2,1,1,0,True
4387,1998,-0.5896,1998,-0.5747,3,2,1,2,0,True
4388,1998,-0.4724,1998,-0.4587,3,1,1,2,0,True
4389,1998,-0.313,1998,-0.3517,3,2,1,2,0,True
4390,1998,-0.3814,1998,-0.4466,3,2,1,1,0,True
4391,1994,-0.2601,1999,-0.2381,2,2,1,2,-5,True
4392,1998,-0.4784,2000,-0.3373,2,1,1,1,-2,True
4393,1999,-0.3816,1999,-0.3985,2,2,1,1,0,True
4394,2002,-0.3719,2002,-0.3889,2,1,1,2,0,True
4395,2003,-0.2523,2002,-0.1422,1,1,1,1,1,True
4396,2001,-0.1161,2002,-0.2029,3,2,1,1,-1,True
4397,2002,-0.2049,2003,-0.2045,2,2,1,2,-1,True
4398,2005,-0.316,2007,-0.212,3,2,1,2,-2,True
4399,2003,-0.3636,2004,-0.3786,2,1,1,2,-1,True
4400,2003,-0.1138,2001,-0.0868,2,1,1,2,2,True
4401,2003,-0.0883,2003,-0.1797,2,1,1,2,0,True
4402,2018,-0.0743,1989,0.0445,6,2,0,2,29,False
4403,2002,-0.0606,2005,-0.153,4,1,1,1,-3,True
4404,1999,0.0135,2000,0.0093,3,1,1,1,-1,False
4405,1999,0.0042,1999,0.0053,1,1,1,1,0,False
4406,2014,0.0,2014,0.0001,0,0,0,0,0,False
4407,1996,0.0112,1996,0.037,3,2,1,2,0,False
4408,2000,-0.0001,2006,-0.0005,2,2,1,2,-6,False
4409,1999,0.0633,1999,0.1064,2,2,1,1,0,True
4410,2004,-0.0177,2016,-0.0209,1,1,1,1,-12,False
4411,2004,-0.0049,1997,-0.0034,3,1,0,2,7,False
4412,2014,0.0,2014,0.0,0,0,0,0,0,False
4413,2003,-0.1975,2003,-0.2376,1,1,1,2,0,True
4414,2003,-0.1106,2005,-0.1168,3,2,1,1,-2,True
4415,1994,-0.193,2001,-0.2099,3,2,1,2,-7,True
4416,1995,-0.4188,2002,-0.3318,3,3,1,2,-7,True
4417,2002,-0.1956,1991,-0.4928,3,2,1,1,11,True
4418,1992,-0.1674,1995,-0.1161,5,1,0,1,-3,True
4419,2009,0.0226,2008,0.0053,2,2,2,2,1,False
4420,2003,-0.0601,2004,-0.0846,4,2,1,1,-1,True
4421,2010,-0.1776,1995,-0.3746,3,2,2,2,15,True
4422,2002,-0.309,2002,-0.3957,2,2,1,2,0,True
4423,1994,-0.1935,1994,-0.2058,4,2,1,2,0,True
4424,2011,-0.1775,2001,-0.0572,3,2,2,2,10,True
4425,2003,-0.2074,2011,-0.2054,3,3,1,2,-8,True
4426,2001,-0.2214,2001,-0.1702,2,2,1,2,0,True
4427,2004,-0.1657,2004,-0.0921,2,2,1,2,0,True
4428,2004,-0.0459,2011,-0.0192,3,2,1,1,-7,False
4429,1995,0.0165,1999,0.0119,4,2,1,1,-4,False
4430,1999,0.0127,1999,0.0079,3,2,1,2,0,False
4431,1999,0.0154,2002,0.0137,3,2,1,2,-3,False
4432,2014,0.0011,1999,0.0076,0,0,0,2,15,False
4433,1998,0.0024,2007,0.0093,3,2,1,2,-9,False
4434,1991,0.0056,1999,0.0106,5,2,1,2,-8,False
4435,2008,0.0292,2007,0.0302,2,2,1,2,1,False
4436,1996,0.0249,1995,0.0328,4,1,1,1,1,False
4437,2001,-0.0231,1999,-0.0253,5,1,1,2,2,False
4438,2001,-0.0301,2000,-0.0493,4,2,1,2,1,False
4439,1993,-0.1394,2012,-0.0826,5,1,1,3,-19,True
4440,1999,-0.1163,2007,-0.1305,3,2,1,2,-8,True
4441,1999,-0.1675,2002,-0.218,3,3,1,3,-3,True
4442,2018,-0.0428,2012,-0.087,5,2,0,2,6,False
4443,2002,-0.1046,2002,-0.1542,2,2,1,2,0,True
4444,2011,-0.0458,1993,-0.0648,3,3,1,2,18,False
4445,1998,-0.1832,1995,-0.1652,2,2,1,2,3,True
4446,2012,-0.1082,2011,-0.0559,3,2,1,2,1,True
4447,1999,-0.1311,1995,-0.158,2,2,2,2,4,True
4448,2009,-0.1969,2010,-0.1848,2,2,1,2,-1,True
4449,2011,-0.1651,2011,-0.2055,3,2,2,3,0,True
4450,2009,-0.2319,2010,-0.159,3,2,1,2,-1,True
4451,2009,-0.1942,2002,-0.2123,3,2,1,2,7,True
4452,2009,-0.1611,2011,-0.1509,2,1,1,2,-2,True
4453,2009,-0.1209,2009,-0.1618,3,1,1,1,0,True
4454,2008,-0.1824,2006,-0.2036,4,2,1,1,2,True
4455,2006,-0.1558,2006,-0.2095,3,2,1,1,0,True
4456,2004,-0.1196,2005,-0.1028,2,2,1,2,-1,True
4457,2005,-0.1224,2004,-0.1649,3,2,1,2,1,True
4458,2014,-0.1717,2005,-0.1235,3,2,2,2,9,True
4459,2013,-0.1248,2013,-0.0916,3,3,1,2,0,True
4460,2006,-0.1105,2006,-0.1565,3,2,2,2,0,True
4461,2007,-0.1698,2005,-0.1142,2,2,1,2,2,True
4462,2007,-0.1005,2008,-0.0746,3,3,1,1,-1,True
4463,2007,-0.1062,2006,-0.114,3,1,1,2,1,True
4464,2001,-0.033,2004,-0.0375,3,3,1,2,-3,False
4465,1999,-0.1377,1998,-0.0731,4,3,1,2,1,True
4466,1996,-0.1634,1999,-0.21,4,3,1,2,-3,True
4467,1997,-0.2101,1999,-0.244,4,2,1,2,-2,True
4468,2003,-0.3406,2003,-0.3822,2,2,1,2,0,True
4469,2002,-0.427,1998,-0.4668,3,2,1,2,4,True
4470,1997,-0.348,2002,-0.3294,4,2,1,2,-5,True
4471,2007,-0.3501,2008,-0.3399,3,1,1,2,-1,True
4472,2003,-0.5339,2010,-0.4405,3,2,1,2,-7,True
4473,2004,-0.2735,2003,-0.2186,3,2,1,2,1,True
4474,2010,-0.0964,2010,-0.0577,2,2,1,2,0,True
4475,2002,0.0017,2002,-0.0142,5,1,0,1,0,False
4476,2007,-0.0496,1999,-0.0476,3,3,1,3,8,False
4477,1989,0.0294,2011,0.0374,5,1,0,2,-22,False
4478,2012,-0.0868,2008,-0.204,4,2,1,2,4,True
4479,2012,-0.1291,2012,-0.1904,3,2,1,3,0,True
4480,2002,-0.0066,2001,-0.0255,6,2,0,0,1,False
4481,2013,-0.0096,1994,-0.0022,3,2,0,0,19,False
4482,2002,-0.032,2001,-0.0294,3,1,0,1,1,False
4483,2001,-0.0804,1994,-0.0474,5,1,1,1,7,False
4484,2010,-0.039,1997,0.0044,5,1,0,2,13,False
4485,2009,-0.1402,2012,-0.1343,4,2,1,1,-3,True
4486,1998,-0.3096,1999,-0.2076,3,2,1,2,-1,True
4487,1998,-0.3745,1998,-0.3559,2,2,1,2,0,True
4488,1998,-0.3052,1998,-0.5153,2,2,1,2,0,True
4489,2000,-0.4182,2000,-0.3205,2,2,1,2,0,True
4490,2003,-0.2533,2002,-0.3073,2,1,1,1,1,True
4491,2003,-0.1356,2004,-0.1288,2,1,1,1,-1,True
4492,2003,-0.2794,2002,-0.355,2,1,1,1,1,True
4493,2002,-0.1128,2002,-0.077,2,2,1,2,0,True
4494,2003,-0.0522,1996,-0.0213,1,1,1,2,7,False
4495,2001,-0.5348,2003,-0.5891,2,2,1,2,-2,True
4496,2001,-0.691,2002,-0.6759,3,1,1,1,-1,True
4497,2002,-0.4783,2002,-0.6048,2,1,1,1,0,True
4498,2003,-0.5421,2002,-0.5717,2,1,1,1,1,True
4499,2003,-0.2395,2003,-0.1906,2,1,1,1,0,True
4500,2000,-0.4226,2001,-0.4085,2,1,1,1,-1,True
4501,1999,-0.4462,2000,-0.4433,3,1,1,1,-1,True
4502,1998,-0.6561,1998,-0.6595,3,2,1,2,0,True
4503,1999,-0.5435,1998,-0.6522,3,2,1,2,1,True
4504,2001,-0.455,2001,-0.4407,3,2,1,2,0,True
4505,1998,-0.506,1997,-0.5718,3,2,1,2,1,True
4506,1997,-0.4478,1999,-0.4328,3,2,1,2,-2,True
4507,1998,-0.3585,1998,-0.339,2,2,1,2,0,True
4508,1999,-0.3768,2001,-0.442,2,2,1,2,-2,True
4509,2002,-0.301,2001,-0.3202,2,2,1,2,1,True
4510,2002,-0.2809,2002,-0.2939,2,1,1,1,0,True
4511,2002,-0.3494,2003,-0.3838,3,1,1,1,-1,True
4512,2019,-0.131,2021,-0.1337,0,0,0,0,-2,True
4513,2005,-0.04,2007,-0.0522,2,2,1,2,-2,False
4514,2003,-0.22,2003,-0.1218,1,1,1,1,0,True
4515,2003,-0.0726,2004,-0.0318,2,1,1,2,-1,False
4516,2004,-0.1669,2004,-0.3538,2,2,1,1,0,True
4517,2002,-0.0704,2002,-0.0727,3,2,1,2,0,True
4518,2005,-0.0365,1999,0.0048,3,1,1,2,6,False
4519,1990,0.0186,1997,0.0071,5,1,0,2,-7,False
4520,1999,0.0117,1999,0.0152,2,1,1,1,0,False
4521,1999,0.0068,1999,0.0095,2,2,1,2,0,False
4522,1996,0.0204,1996,0.0271,2,1,1,1,0,False
4523,1999,0.0232,1999,0.0108,2,2,1,2,0,False
4524,1999,0.0156,1996,0.0085,3,1,1,1,3,False
4525,2008,0.0004,2012,-0.0009,3,1,1,2,-4,False
4526,2014,0.0,2014,0.0,0,0,0,0,0,False
4527,2011,-0.0345,1994,-0.0474,3,2,2,3,17,False
4528,1999,-0.3299,1998,-0.5575,3,2,1,1,1,True
4529,2003,-0.2549,2002,-0.1231,2,1,1,1,1,True
4530,1994,-0.2072,2003,-0.1999,3,2,2,2,-9,True
4531,1994,-0.4319,1995,-0.3908,3,2,2,2,-1,True
4532,1996,-0.4411,1994,-0.5415,3,2,1,2,2,True
4533,1996,-0.2409,1996,-0.2376,4,2,1,2,0,True
4534,1997,0.0014,1999,-0.0038,4,2,0,2,-2,False
4535,2007,-0.0266,2007,-0.0769,3,2,1,2,0,False
4536,2000,-0.3715,2000,-0.381,3,2,1,3,0,True
4537,2002,-0.562,2003,-0.6024,3,2,1,2,-1,True
4538,1996,-0.1598,2014,-0.0571,2,2,2,2,-18,True
4539,2010,-0.3274,2010,-0.3159,3,2,1,2,0,True
4540,2001,-0.0568,2001,-0.0834,2,2,1,2,0,True
4541,1999,-0.1866,2000,-0.2485,2,2,1,2,-1,True
4542,2001,-0.1827,1999,-0.1756,3,2,1,2,2,True
4543,2005,-0.0211,2005,-0.001,2,2,1,2,0,False
4544,2003,0.0102,1996,-0.022,4,1,1,3,7,False
4545,2007,0.0042,1999,0.0085,4,1,0,2,8,False
4546,2011,-0.0078,2019,-0.0059,5,2,1,3,-8,False
4547,2004,0.0045,2006,0.0007,3,1,1,2,-2,False
4548,2004,0.0057,1999,0.0098,3,2,1,2,5,False
4549,1996,0.0111,1996,0.0075,3,2,1,1,0,False
4550,1996,0.0106,1995,0.0055,4,1,1,2,1,False
4551,1998,0.0427,1995,0.0086,3,2,1,2,3,False
4552,1997,-0.0473,1999,-0.0809,3,2,1,1,-2,False
4553,1999,-0.046,1996,-0.046,4,3,1,1,3,False
4554,2001,0.0134,2003,0.0635,3,1,1,2,-2,False
4555,1991,-0.0754,1999,-0.1321,4,3,0,2,-8,True
4556,2013,-0.0871,2013,-0.1179,4,2,2,2,0,True
4557,2001,-0.0587,2003,-0.1136,4,2,1,2,-2,True
4558,2003,-0.044,2002,-0.0508,4,2,1,2,1,False
4559,2008,-0.051,1993,-0.0825,3,2,1,2,15,True
4560,2002,-0.0813,2002,-0.0549,3,2,1,2,0,True
4561,2014,-0.0784,2012,-0.0997,2,2,1,2,2,True
4562,2013,-0.127,2011,-0.0805,3,2,1,2,2,True
4563,2013,-0.2025,2009,-0.1985,3,2,2,2,4,True
4564,2012,-0.1421,2012,-0.2201,3,2,1,2,0,True
4565,2012,-0.1428,2011,-0.1693,2,2,1,2,1,True
4566,2008,-0.1019,2012,-0.1339,4,2,1,2,-4,True
4567,2011,-0.1275,2009,-0.1244,2,1,1,2,2,True
4568,2011,-0.2193,2011,-0.1807,2,2,1,2,0,True
4569,2011,-0.0804,2011,-0.1062,3,2,1,2,0,True
4570,1999,-0.0627,2005,-0.0807,3,2,1,3,-6,True
4571,1997,-0.0644,1998,-0.1157,3,3,1,2,-1,True
4572,1996,-0.1494,1998,-0.1266,2,2,1,2,-2,True
4573,2003,-0.1892,2004,-0.2202,3,2,1,2,-1,True
4574,2014,-0.1015,2013,-0.1544,2,2,2,2,1,True
4575,2006,-0.113,2005,-0.099,3,3,1,2,1,True
4576,2011,-0.1046,2012,-0.1703,3,2,1,1,-1,True
4577,2001,-0.0508,2000,-0.0366,3,2,1,3,1,False
4578,2006,-0.0258,2007,-0.05,2,1,1,2,-1,False
4579,2015,-0.0231,1994,-0.0024,5,2,0,3,21,False
4580,2011,-0.0266,2011,-0.0245,3,3,1,3,0,False
4581,2003,-0.2561,2001,-0.1943,3,2,1,2,2,True
4582,2000,-0.2997,2003,-0.2504,3,2,1,2,-3,True
4583,1997,-0.3751,1997,-0.4431,2,2,2,2,0,True
4584,2001,-0.3411,2001,-0.3256,2,1,1,2,0,True
4585,2011,-0.2486,2000,-0.3256,4,2,1,1,11,True
4586,2002,-0.4528,2001,-0.4996,2,2,1,2,1,True
4587,2000,-0.5221,1999,-0.5475,2,2,1,1,1,True
4588,2008,-0.2412,2006,-0.2363,3,2,2,2,2,True
4589,2003,-0.2393,2008,-0.4307,3,2,1,2,-5,True
4590,2012,-0.1013,2010,-0.0558,4,2,1,1,2,True
4591,1999,-0.0256,1998,-0.0252,3,2,1,1,1,False
4592,1995,-0.0657,1999,-0.087,3,2,1,2,-4,True
4593,2010,-0.1879,2008,-0.2155,3,2,1,2,2,True
4594,2013,-0.0478,2013,-0.0499,3,3,1,1,0,False
4595,2002,-0.151,2007,-0.0839,2,2,2,1,-5,True
4596,2001,-0.0514,2011,-0.0135,4,1,1,1,-10,False
4597,2012,-0.1274,2012,-0.1321,5,2,0,2,0,True
4598,2012,-0.1133,2011,-0.1021,4,3,0,2,1,True
4599,2011,-0.0802,2011,-0.0942,3,2,1,1,0,True
4600,1996,-0.0341,2013,-0.0572,5,2,1,2,-17,False
4601,1998,-0.3438,1998,-0.3819,3,2,1,2,0,True
4602,1999,-0.3394,2000,-0.4268,3,2,1,2,-1,True
4603,1998,-0.4232,1998,-0.2778,3,2,1,2,0,True
4604,1999,-0.2211,1999,-0.1244,3,2,1,1,0,True
4605,2003,-0.1343,2003,-0.1381,2,1,1,1,0,True
4606,1998,-0.1383,2005,-0.0984,2,2,1,2,-7,True
4607,2002,-0.2017,2002,-0.199,3,2,1,2,0,True
4608,2012,-0.0934,2004,-0.0671,3,3,2,1,8,True
4609,2001,-0.16,1999,-0.1848,2,2,1,2,2,True
4610,2003,-0.1926,2003,-0.066,2,1,1,2,0,True
4611,2003,-0.522,2003,-0.3902,2,1,1,1,0,True
4612,2004,-0.3091,2002,-0.3441,1,1,1,1,2,True
4613,2003,-0.2977,2004,-0.4222,3,1,1,2,-1,True
4614,2001,-0.4743,2001,-0.3829,1,1,1,1,0,True
4615,2002,-0.3377,2001,-0.3981,2,1,1,1,1,True
4616,2002,-0.347,2001,-0.4581,1,1,1,1,1,True
4617,2001,-0.4782,2000,-0.4661,2,2,1,2,1,True
4618,2002,-0.5695,2002,-0.4771,3,1,1,2,0,True
4619,2000,-0.5131,1998,-0.4282,2,2,1,2,2,True
4620,1997,-0.677,1997,-0.6359,3,2,1,1,0,True
4621,1998,-0.4601,1997,-0.3954,3,2,1,2,1,True
4622,1998,-0.3232,1998,-0.2667,3,2,1,2,0,True
4623,1998,-0.366,1998,-0.3375,3,2,1,2,0,True
4624,1998,-0.2986,1998,-0.3376,3,2,1,2,0,True
4625,2002,-0.3041,2003,-0.2035,2,1,1,1,-1,True
4626,2002,-0.2372,2002,-0.2426,2,2,1,1,0,True
4627,2004,-0.2093,2003,-0.2326,2,1,1,2,1,True
4628,2004,-0.2756,2002,-0.2535,2,1,1,1,2,True
4629,2002,-0.056,2004,-0.1026,1,1,1,1,-2,True
4630,2002,-0.1621,2002,-0.2188,2,1,1,1,0,True
4631,2003,-0.2527,2004,-0.1189,1,1,1,2,-1,True
4632,2015,-0.0756,2003,-0.0751,4,1,1,2,12,True
4633,2010,-0.0904,2012,-0.0414,2,2,1,1,-2,False
4634,2003,-0.0658,2004,-0.0255,3,2,1,3,-1,False
4635,1999,0.0007,2011,-0.0012,4,2,1,1,-12,False
4636,2014,0.0005,1996,0.0059,0,0,0,1,18,False
4637,1999,0.0313,1996,0.0137,2,2,1,2,3,False
4638,1999,0.0113,1999,0.0087,2,1,1,1,0,False
4639,2012,0.0055,1999,0.0046,3,2,1,2,13,False
4640,2014,0.0,2014,0.0,0,0,0,0,0,False
4641,1996,0.0032,2003,0.0082,1,1,1,2,-7,False
4642,1991,-0.105,2009,0.0568,3,3,2,3,-18,True
4643,2003,-0.2859,2002,-0.3191,2,2,1,2,1,True
4644,2002,-0.0831,2002,-0.0709,2,1,1,2,0,True
4645,2001,-0.0406,1996,-0.1311,4,1,1,2,5,False
4646,2003,-0.3031,2003,-0.3827,3,2,1,2,0,True
4647,1996,-0.4016,2000,-0.2909,3,2,1,2,-4,True
4648,1996,-0.2266,1995,-0.1703,4,2,1,3,1,True
4649,2002,-0.1193,2001,-0.1933,2,1,1,2,1,True
4650,2003,-0.234,2003,-0.1052,1,1,1,2,0,True
4651,2003,-0.2332,2003,-0.1745,3,1,1,1,0,True
4652,2006,-0.4642,2006,-0.5631,2,2,1,2,0,True
4653,2004,-0.43,1997,-0.4364,3,2,1,2,7,True
4654,2000,-0.3329,2002,-0.2985,3,2,1,2,-2,True
4655,2017,-0.0556,2012,-0.1052,4,2,1,3,5,True
4656,2004,-0.1846,2013,-0.1614,3,2,2,2,-9,True
4657,2011,-0.1119,2010,-0.1251,4,2,1,2,1,True
4658,1998,-0.0471,1998,-0.0124,2,2,1,2,0,False
4659,2012,0.0049,2008,0.0076,3,3,1,3,4,False
4660,1996,-0.0094,1994,-0.0117,4,1,1,2,2,False
4661,1995,-0.0035,1998,0.0078,4,1,0,2,-3,False
4662,2014,0.0,2014,0.0002,0,0,0,0,0,False
4663,1999,0.0049,2008,0.0077,2,2,1,2,-9,False
4664,1999,0.0029,1999,0.0056,2,2,1,2,0,False
4665,1998,0.031,1996,0.0096,2,1,1,2,2,False
4666,2003,0.0223,1995,0.0302,3,2,1,2,8,False
4667,1997,-0.0553,1998,-0.0667,3,2,2,3,-1,True
4668,1999,-0.1362,1998,-0.1099,4,3,1,2,1,True
4669,2001,-0.0132,1999,-0.1601,5,3,0,3,2,False
4670,2010,-0.0956,2012,-0.1192,3,3,1,2,-2,True
4671,1999,-0.1003,2012,-0.0692,3,2,1,2,-13,True
4672,2002,-0.144,2003,-0.0638,2,2,1,2,-1,True
4673,2002,-0.0341,1993,-0.0696,3,1,1,2,9,False
4674,1995,-0.0843,1993,-0.0489,3,1,1,2,2,False
4675,1994,-0.0638,2013,-0.0671,2,2,2,2,-19,True
4676,1995,-0.1144,1994,-0.0573,3,1,1,1,1,True
4677,1993,-0.2094,2011,-0.1237,2,2,2,2,-18,True
4678,2013,-0.1394,2012,-0.1849,3,2,1,1,1,True
4679,2014,-0.11,2014,-0.1052,2,2,2,2,0,True
4680,2012,-0.2345,2012,-0.1708,3,1,1,2,0,True
4681,2011,-0.2313,2013,-0.2642,2,2,1,2,-2,True
4682,2005,-0.2811,2004,-0.2337,2,2,1,2,1,True
4683,2011,-0.0681,1995,-0.0862,2,2,1,2,16,True
4684,2011,-0.1909,2010,-0.2011,2,2,1,2,1,True
4685,1998,-0.1123,2004,-0.1243,1,1,1,2,-6,True
4686,2007,-0.0773,2012,-0.1466,3,2,1,2,-5,True
4687,1998,-0.0895,1998,-0.1148,3,2,1,2,0,True
4688,1999,-0.1668,1999,-0.2221,3,2,1,2,0,True
4689,2004,-0.1934,2006,-0.1913,3,2,1,3,-2,True
4690,2011,-0.2267,2007,-0.1432,3,2,1,2,4,True
4691,2012,-0.1099,2012,-0.0714,3,2,2,2,0,True
4692,2013,-0.0363,2012,-0.0382,3,2,2,2,1,False
4693,2001,-0.02,2007,-0.0206,2,2,1,2,-6,False
4694,2004,-0.2524,2003,-0.1659,2,1,1,1,1,True
4695,2004,-0.2687,2004,-0.2245,1,1,1,1,0,True
4696,2003,-0.6512,1999,-0.737,1,1,1,2,4,True
4697,2003,-0.6817,2001,-0.7303,2,2,1,2,2,True
4698,2007,-0.3892,2008,-0.2679,3,1,1,2,-1,True
4699,1999,-0.3944,2000,-0.3232,4,2,1,1,-1,True
4700,2000,-0.4696,1998,-0.5919,3,2,1,2,2,True
4701,2000,-0.3841,2011,-0.3828,3,2,1,2,-11,True
4702,2008,-0.2806,2003,-0.3648,2,2,2,2,5,True
4703,2009,-0.307,2006,-0.4898,3,2,1,2,3,True
4704,2003,-0.2326,2008,-0.2007,3,2,1,2,-5,True
4705,2001,-0.2713,2003,-0.1485,2,1,1,2,-2,True
4706,2011,-0.0104,2010,-0.1348,2,2,1,2,1,False
4707,2002,-0.1075,1999,-0.0684,3,2,1,1,3,True
4708,2010,-0.1597,2012,-0.1282,3,1,1,2,-2,True
4709,2011,-0.1994,2012,-0.1813,3,2,1,2,-1,True
4710,2012,-0.2182,2012,-0.2862,2,2,1,2,0,True
4711,2011,-0.2925,2012,-0.1808,2,2,2,2,-1,True
4712,2007,-0.0836,1996,-0.0009,6,1,0,1,11,False
4713,2012,-0.0613,2011,-0.1314,5,2,0,1,1,True
4714,1994,0.0168,2012,-0.0144,6,0,0,2,-18,False
4715,1996,0.0059,2011,-0.0151,5,1,0,1,-15,False
4716,1998,-0.3044,2003,-0.1921,2,2,1,2,-5,True
4717,1997,-0.0938,2002,-0.1051,2,2,1,1,-5,True
4718,1999,-0.0799,2000,-0.1279,3,3,1,1,-1,True
4719,1999,-0.0381,2002,-0.0364,3,2,1,1,-3,False
4720,2004,-0.0598,2003,-0.0844,1,1,1,2,1,True
4721,2014,0.0,2002,-0.0381,0,0,0,1,12,False
4722,1998,-0.0876,1998,-0.1457,3,1,1,2,0,True
4723,2000,-0.102,2004,-0.0701,2,2,1,1,-4,True
4724,2001,-0.028,2002,-0.0416,2,2,1,2,-1,False
4725,2004,-0.2166,2003,-0.2068,2,2,1,2,1,True
4726,2004,-0.2915,2004,-0.2709,2,1,1,1,0,True
4727,2003,-0.2301,2002,-0.1455,1,1,1,2,1,True
4728,2002,-0.4239,2003,-0.4047,2,1,1,1,-1,True
4729,2002,-0.4745,2002,-0.4556,1,1,1,1,0,True
4730,2002,-0.4931,2003,-0.3351,1,1,1,1,-1,True
4731,2002,-0.3177,2002,-0.2586,2,1,1,2,0,True
4732,2002,-0.4105,2001,-0.5373,1,1,1,2,1,True
4733,2001,-0.5173,2002,-0.3647,2,2,1,2,-1,True
4734,1998,-0.4323,1998,-0.4601,3,2,1,2,0,True
4735,1998,-0.2924,1998,-0.4401,2,1,1,2,0,True
4736,1997,-0.3802,1999,-0.2877,3,2,1,2,-2,True
4737,1998,-0.2072,1998,-0.2242,3,2,1,2,0,True
4738,1999,-0.2851,1998,-0.2426,3,2,1,2,1,True
4739,1997,-0.323,2002,-0.3105,3,2,1,2,-5,True
4740,2002,-0.3478,2001,-0.331,2,1,1,2,1,True
4741,2003,-0.2663,2001,-0.1971,2,1,1,2,2,True
4742,2003,-0.3488,2003,-0.3256,1,1,1,1,0,True
4743,2003,-0.2718,2004,-0.2484,1,1,1,1,-1,True
4744,2003,-0.2559,1997,-0.2146,2,1,1,2,6,True
4745,2004,-0.1412,2003,-0.1747,2,2,1,1,1,True
4746,2005,-0.081,2004,-0.0761,2,2,1,2,1,True
4747,2009,0.0013,1998,0.0108,4,3,0,1,11,False
4748,2003,-0.0957,2004,-0.2195,2,2,1,1,-1,True
4749,2014,-0.0228,2012,-0.0716,0,0,0,1,2,False
4750,2014,0.0,2014,0.0,0,0,0,0,0,False
4751,2014,0.0,2014,0.0,0,0,0,0,0,False
4752,1996,0.0058,1996,0.013,2,2,1,1,0,False
4753,1999,0.0052,1997,0.0075,3,1,1,1,2,False
4754,2014,0.0,2014,0.0,0,0,0,0,0,False
4755,2014,0.0,2014,0.0,0,0,0,0,0,False
4756,1999,0.0315,1999,0.0301,3,1,1,1,0,False
4757,2014,0.0,2009,0.0131,0,0,0,3,5,False
4758,1999,0.0571,1999,0.0784,2,2,1,1,0,True
4759,2003,-0.0957,2002,-0.2594,2,2,1,1,1,True
4760,1991,-0.037,1998,-0.0015,3,3,1,2,-7,False
4761,2003,-0.1522,2003,-0.1111,3,2,1,2,0,True
4762,2003,-0.2375,2004,-0.2859,2,1,1,2,-1,True
4763,2002,-0.0376,2002,-0.003,2,1,1,2,0,False
4764,2002,-0.1381,2003,-0.2118,2,1,1,1,-1,True
4765,1995,-0.3471,2003,-0.4759,3,2,1,2,-8,True
4766,2003,-0.2427,2002,-0.3741,3,1,1,2,1,True
4767,2003,-0.1748,2008,-0.0275,2,2,1,1,-5,False
4768,2002,-0.504,2004,-0.592,2,2,1,2,-2,True
4769,1999,-0.3023,2001,-0.1147,2,1,1,1,-2,True
4770,2002,-0.1841,2002,-0.1716,1,1,1,2,0,True
4771,2004,-0.188,2014,-0.1902,2,1,1,2,-10,True
4772,2002,-0.2229,1996,-0.1001,3,2,2,2,6,True
4773,1998,-0.042,1996,-0.0113,3,2,1,2,2,False
4774,2000,0.0019,1999,0.0035,3,1,1,2,1,False
4775,2002,-0.0187,2008,0.0063,5,1,1,3,-6,False
4776,2000,-0.0146,2007,0.0068,2,2,1,2,-7,False
4777,1996,0.0009,1999,0.0011,2,2,1,2,-3,False
4778,1999,0.0057,1999,0.0121,2,2,1,2,0,False
4779,2008,0.0083,1999,0.0063,3,2,1,2,9,False
4780,1994,0.0022,1996,0.0071,3,2,1,2,-2,False
4781,2010,-0.0351,2013,-0.0044,4,1,1,2,-3,False
4782,2000,-0.0471,1998,-0.0954,3,2,1,2,2,False
4783,1998,-0.1266,1997,-0.1806,3,3,1,2,1,True
4784,1997,-0.0364,2014,-0.1158,5,3,1,2,-17,False
4785,1999,-0.273,1996,-0.1724,3,2,1,2,3,True
4786,2001,-0.2001,2007,-0.1832,2,2,1,2,-6,True
4787,2004,-0.1252,2003,-0.0579,2,2,1,2,1,True
4788,1993,-0.0426,2011,-0.098,5,2,1,2,-18,False
4789,1996,-0.1166,1996,-0.1048,3,1,1,2,0,True
4790,1995,-0.095,2011,-0.0837,3,2,2,2,-16,True
4791,2014,-0.0309,2011,-0.0798,4,2,0,1,3,False
4792,2013,-0.0647,1995,-0.0992,2,2,1,2,18,True
4793,1995,-0.1432,2002,-0.147,2,2,2,2,-7,True
4794,2013,-0.2362,2009,-0.1944,3,2,1,2,4,True
4795,2012,-0.2732,2012,-0.2004,3,2,1,2,0,True
4796,2011,-0.237,2013,-0.2522,3,2,1,2,-2,True
4797,2002,-0.2553,2012,-0.2416,2,2,1,2,-10,True
4798,2004,-0.2125,2011,-0.2041,2,2,1,2,-7,True
4799,2003,-0.1764,2012,-0.1612,3,2,1,2,-9,True
4800,1999,-0.1704,1999,-0.0987,2,2,2,2,0,True
4801,1989,-0.0617,1999,-0.0386,5,2,0,3,-10,False
4802,1989,-0.0526,2007,-0.0457,5,3,0,3,-18,False
4803,1996,-0.0878,1997,-0.0693,3,1,1,2,-1,True
4804,1997,-0.1872,1998,-0.1661,3,2,1,2,-1,True
4805,2005,-0.1364,2006,-0.1223,3,3,1,2,-1,True
4806,2004,-0.1077,2005,-0.088,2,2,1,1,-1,True
4807,2001,-0.0191,2003,-0.0071,2,2,1,3,-2,False
4808,2014,0.0,2001,0.0002,0,0,0,0,13,False
4809,2003,-0.2309,2003,-0.2128,2,2,1,2,0,True
4810,2004,-0.5345,2004,-0.4763,2,1,1,2,0,True
4811,2004,-0.4206,2004,-0.2352,2,2,1,2,0,True
4812,2003,-0.6804,2003,-0.7545,2,1,1,1,0,True
4813,2003,-0.5805,2003,-0.6523,2,2,1,1,0,True
4814,2011,-0.4948,2000,-0.4253,2,2,2,2,11,True
4815,2013,-0.3051,2000,-0.1913,3,2,1,2,13,True
4816,1999,-0.2339,2000,-0.2351,2,2,1,1,-1,True
4817,2001,-0.1512,2003,-0.3587,3,1,1,1,-2,True
4818,2009,-0.1605,2008,-0.1426,3,2,1,1,1,True
4819,2013,-0.0951,2006,-0.0711,4,2,1,2,7,True
4820,2013,-0.0605,2012,-0.079,4,2,1,2,1,True
4821,2013,-0.0223,2013,-0.0086,3,2,1,2,0,False
4822,2013,-0.0313,2005,-0.0201,3,2,1,1,8,False
4823,2011,-0.1019,2011,-0.0625,2,2,1,3,0,True
4824,2003,-0.1025,2011,-0.1206,3,2,1,2,-8,True
4825,2012,-0.1083,2002,-0.1132,3,2,1,2,10,True
4826,2007,-0.1428,2012,-0.2581,4,2,1,2,-5,True
4827,2011,-0.0848,2011,-0.0607,2,2,2,2,0,True
4828,2011,-0.032,2012,-0.0385,4,2,0,1,-1,False
4829,1993,0.0316,2012,-0.0353,3,1,1,1,-19,False
4830,2017,0.0265,2010,-0.0166,5,1,0,2,7,False
4831,1998,-0.5177,1998,-0.3917,2,2,1,2,0,True
4832,1999,-0.3255,1998,-0.2922,4,1,1,1,1,True
4833,1997,-0.0735,2004,-0.0894,2,2,1,2,-7,True
4834,2001,-0.1398,2002,-0.0955,3,2,1,2,-1,True
4835,2001,-0.1936,1996,-0.1865,2,2,1,2,5,True
4836,2001,-0.2313,2000,-0.2249,2,1,1,1,1,True
4837,2015,-0.0433,2014,-0.0381,2,2,2,1,1,False
4838,1998,-0.3184,2000,-0.3193,2,2,1,1,-2,True
4839,1999,-0.2366,1998,-0.2191,3,1,1,2,1,True
4840,2004,-0.2015,2001,-0.2033,3,2,1,1,3,True
4841,2001,-0.3006,2002,-0.1454,2,2,1,2,-1,True
4842,2001,-0.2999,2002,-0.3103,2,2,1,1,-1,True
4843,2003,-0.275,2002,-0.4107,2,2,1,1,1,True
4844,2001,-0.2096,2003,-0.15,1,1,1,1,-2,True
4845,2003,-0.1594,2004,-0.2325,2,2,1,2,-1,True
4846,2002,-0.2079,2003,-0.2498,2,1,1,1,-1,True
4847,2000,-0.4235,2001,-0.4485,2,1,1,1,-1,True
4848,2000,-0.5787,2000,-0.4289,2,2,1,1,0,True
4849,1998,-0.4564,1997,-0.3257,2,2,1,2,1,True
4850,2002,-0.2987,1996,-0.2751,3,2,1,2,6,True
4851,1997,-0.2499,1998,-0.2712,3,2,2,2,-1,True
4852,2002,-0.2702,2003,-0.3043,3,2,1,2,-1,True
4853,1998,-0.3708,1998,-0.4277,3,2,1,1,0,True
4854,1997,-0.243,1998,-0.3533,2,2,1,2,-1,True
4855,2002,-0.2159,2002,-0.2621,2,1,1,2,0,True
4856,2000,-0.1903,2003,-0.195,3,3,1,2,-3,True
4857,2003,-0.1892,2002,-0.2108,2,2,1,2,1,True
4858,2005,-0.2149,2003,-0.159,2,1,1,1,2,True
4859,2002,-0.174,2002,-0.1211,2,2,1,2,0,True
4860,2009,-0.2352,2006,-0.148,3,3,1,3,3,True
4861,2001,-0.2036,2004,-0.1672,2,1,1,2,-3,True
4862,2001,-0.17,2004,-0.1177,3,2,1,2,-3,True
4863,2017,-0.0551,2007,-0.0292,4,3,0,2,10,False
4864,2000,-0.0386,2002,-0.0169,2,1,1,1,-2,False
4865,2014,0.0,2014,0.0,0,0,0,0,0,False
4866,2014,0.0,2014,0.0001,0,0,0,0,0,False
4867,1999,0.0144,2019,0.0065,4,1,1,3,-20,False
4868,1999,0.0079,1999,0.0066,3,1,1,1,0,False
4869,2014,0.0,2014,0.0,0,0,0,0,0,False
4870,2014,0.0,2014,0.0,0,0,0,0,0,False
4871,1999,0.0313,1999,0.0386,3,1,1,2,0,False
4872,1996,0.0093,1996,0.0011,1,1,1,2,0,False
4873,2015,0.0273,1996,0.0395,2,2,0,1,19,False
4874,2003,-0.0767,2003,-0.0223,2,1,1,2,0,False
4875,2006,-0.0143,1998,0.0107,5,1,0,2,8,False
4876,2002,-0.1604,2000,-0.1619,2,1,1,2,2,True
4877,2002,-0.0934,2003,-0.0125,2,1,1,2,-1,False
4878,2002,-0.0828,1995,-0.0941,2,2,1,2,7,True
4879,1995,-0.2867,1993,-0.4619,3,3,1,2,2,True
4880,2005,-0.3286,2004,-0.215,2,2,1,1,1,True
4881,1994,-0.3796,2006,-0.2713,2,2,2,2,-12,True
4882,2004,-0.3212,2004,-0.3106,2,2,1,2,0,True
4883,2001,-0.4452,1999,-0.5849,2,2,1,2,2,True
4884,2000,-0.2064,2001,-0.0951,2,2,1,1,-1,True
4885,2001,-0.1663,2001,-0.1333,3,1,1,1,0,True
4886,2001,-0.1184,2013,-0.1119,3,2,1,1,-12,True
4887,2012,-0.1298,2014,-0.1785,4,3,1,3,-2,True
4888,2011,-0.1041,2010,-0.1001,3,3,1,2,1,True
4889,1997,-0.0545,2002,-0.082,3,2,1,2,-5,True
4890,1994,-0.0374,1994,-0.0226,5,1,1,2,0,False
4891,2003,-0.0105,2007,0.0141,4,2,0,3,-4,False
4892,1995,0.0131,1998,0.0102,3,1,1,2,-3,False
4893,1999,0.0043,1999,0.0025,3,1,1,2,0,False
4894,1999,0.0052,1999,0.0106,3,1,1,2,0,False
4895,1991,0.0009,1996,0.0058,6,2,0,2,-5,False
4896,2007,-0.0469,2001,-0.0237,4,2,1,1,6,False
4897,2007,-0.1522,2006,-0.2246,3,2,1,2,1,True
4898,1997,-0.1523,1997,-0.1696,3,2,1,2,0,True
4899,2011,-0.1741,2012,-0.1652,3,2,2,2,-1,True
4900,2002,-0.1803,2013,-0.1806,3,2,1,2,-11,True
4901,2000,-0.2498,1999,-0.1918,3,2,1,2,1,True
4902,2003,-0.0855,2006,-0.1031,4,3,1,2,-3,True
4903,2003,-0.0537,2003,-0.0727,2,2,1,2,0,True
4904,2002,-0.2058,2003,-0.1339,3,2,1,2,-1,True
4905,2004,-0.1148,2000,-0.1329,3,2,1,3,4,True
4906,1987,-0.0851,1995,-0.0681,6,0,0,2,-8,True
4907,2015,-0.0772,2014,-0.0836,5,2,0,2,1,True
4908,2012,-0.1866,2011,-0.1188,3,2,1,2,1,True
4909,2012,-0.1989,2012,-0.2651,3,2,2,2,0,True
4910,2004,-0.1171,2013,-0.2668,2,2,1,2,-9,True
4911,2004,-0.1866,2004,-0.1593,3,2,1,2,0,True
4912,2012,-0.2026,2012,-0.1955,3,2,1,2,0,True
4913,2012,-0.191,2012,-0.2006,3,2,1,2,0,True
4914,2011,-0.1038,2001,-0.0605,5,2,1,3,10,True
4915,2001,-0.1076,1999,-0.0944,3,2,1,2,2,True
4916,2000,-0.12,1999,-0.1148,3,2,1,1,1,True
4917,1999,-0.0286,1999,-0.0377,3,2,1,2,0,False
4918,1997,-0.081,2006,-0.0595,2,2,1,3,-9,True
4919,1996,-0.1337,1998,-0.1328,2,2,1,2,-2,True
4920,2008,-0.088,2007,-0.0521,3,2,1,2,1,True
4921,1994,-0.0059,2002,-0.0349,2,2,0,2,-8,False
4922,1994,0.0019,2014,-0.0005,5,1,1,3,-20,False
4923,2003,-0.0654,2003,-0.0112,2,1,1,2,0,False
4924,2003,-0.1433,1998,-0.1916,4,2,1,2,5,True
4925,2013,-0.301,2007,-0.1611,3,2,2,2,6,True
4926,2004,-0.3712,2004,-0.1603,2,1,1,1,0,True
4927,2003,-0.1777,2003,-0.0398,1,1,1,1,0,False
4928,2001,-0.2178,2002,-0.1235,2,1,1,1,-1,True
4929,2011,-0.7043,2008,-0.7134,3,2,1,2,3,True
4930,2011,-0.2237,2003,-0.2867,3,1,1,3,8,True
4931,2017,-0.1432,2010,-0.0503,5,2,0,1,7,True
4932,2008,-0.0261,1990,-0.0099,3,3,0,3,18,False
4933,2001,-0.0456,2001,-0.0009,2,2,1,3,0,False
4934,1997,-0.0401,1997,-0.0523,4,3,1,2,0,False
4935,2013,-0.0385,2014,-0.0554,3,2,1,2,-1,False
4936,2005,-0.0316,2004,-0.0248,2,1,1,1,1,False
4937,2000,-0.0366,1999,-0.0226,3,1,1,1,1,False
4938,2001,-0.0626,2005,-0.037,2,1,1,2,-4,False
4939,2018,-0.1402,1991,0.0068,5,2,0,3,27,False
4940,2013,-0.1526,1991,0.0629,4,3,1,3,22,True
4941,2011,-0.2524,2012,-0.1988,4,1,1,2,-1,True
4942,2012,-0.1296,2016,-0.156,5,1,1,2,-4,True
4943,1992,0.0522,2011,-0.068,3,2,1,2,-19,True
4944,2010,-0.0963,1993,0.1309,4,3,0,3,17,True
4945,2010,-0.037,1993,0.0105,4,4,0,4,17,False
4946,1999,-0.2324,1998,-0.3656,2,1,1,1,1,True
4947,1998,-0.2747,2004,-0.2892,3,2,1,2,-6,True
4948,1997,-0.3433,1997,-0.4922,2,1,1,2,0,True
4949,1996,-0.4254,1997,-0.3482,3,2,1,1,-1,True
4950,1995,-0.22,1995,-0.2608,2,2,1,2,0,True
4951,1997,-0.1852,1998,-0.2129,3,1,1,2,-1,True
4952,2003,-0.2119,2001,-0.299,3,2,1,2,2,True
4953,1998,-0.4203,1998,-0.3315,3,2,1,2,0,True
4954,1998,-0.4973,1998,-0.4005,2,2,1,2,0,True
4955,1998,-0.2293,2001,-0.1501,3,2,1,1,-3,True
4956,2001,-0.207,2001,-0.1932,1,1,1,2,0,True
4957,2002,-0.3577,2001,-0.2668,2,1,1,1,1,True
4958,2002,-0.3738,2003,-0.2416,1,1,1,1,-1,True
4959,2002,-0.3458,2003,-0.3576,1,1,1,1,-1,True
4960,2003,-0.1973,2002,-0.1006,1,1,1,1,1,True
4961,2001,-0.3341,2003,-0.26,2,1,1,1,-2,True
4962,2000,-0.653,2002,-0.4954,2,1,1,1,-2,True
4963,2000,-0.5959,1999,-0.6298,2,2,1,2,1,True
4964,1995,-0.5127,2000,-0.4854,3,2,1,2,-5,True
4965,2000,-0.4109,2000,-0.491,2,2,1,2,0,True
4966,2001,-0.246,1997,-0.2696,2,2,1,2,4,True
4967,2001,-0.3365,2001,-0.2666,2,2,1,2,0,True
4968,1998,-0.4189,1998,-0.288,2,2,1,2,0,True
4969,2001,-0.2051,2002,-0.1017,2,1,1,1,-1,True
4970,2001,-0.2858,2001,-0.2237,2,1,1,1,0,True
4971,2001,-0.3735,2005,-0.3036,3,2,1,2,-4,True
4972,2004,-0.2199,2002,-0.2467,2,2,1,2,2,True
4973,1998,-0.3491,1997,-0.1976,4,2,1,2,1,True
4974,1999,-0.2063,2004,-0.2503,4,2,1,2,-5,True
4975,1999,-0.2342,2002,-0.2845,4,2,2,3,-3,True
4976,2007,-0.3949,2005,-0.329,3,2,1,2,2,True
4977,2004,-0.293,2004,-0.2649,3,3,1,1,0,True
4978,2000,-0.0477,2000,-0.0347,2,2,1,2,0,False
4979,1999,-0.2468,1998,-0.0936,3,2,1,1,1,True
4980,1999,0.0052,1999,-0.0001,2,2,1,2,0,False
4981,2014,0.0,2014,0.0,0,0,0,0,0,False
4982,1996,0.0076,1996,0.0011,3,1,1,1,0,False
4983,1999,0.0029,1999,0.008,2,1,1,1,0,False
4984,2014,0.0,2014,-0.0001,0,0,0,0,0,False
4985,2014,0.0,2014,0.0,0,0,0,0,0,False
4986,1997,0.0318,1996,0.0605,2,2,1,1,1,False
4987,1998,0.0421,1999,0.0219,2,2,1,2,-1,False
4988,1996,0.0292,1996,0.0214,2,2,1,1,0,False
4989,1995,-0.186,1995,-0.1164,5,1,1,2,0,True
4990,2002,-0.168,2003,-0.1738,3,2,2,2,-1,True
4991,1994,-0.1573,1994,-0.2079,4,4,1,3,0,True
4992,2002,-0.0919,2002,-0.1381,2,2,1,1,0,True
4993,2002,-0.0731,2002,-0.0713,2,2,1,1,0,True
4994,1995,-0.2435,2006,-0.0949,3,2,1,1,-11,True
4995,2004,-0.4273,2006,-0.4498,1,1,1,1,-2,True
4996,2004,-0.4645,2004,-0.3727,2,1,1,1,0,True
4997,1997,-0.452,1997,-0.5236,3,2,1,2,0,True
4998,1995,-0.4577,1995,-0.5051,3,1,1,2,0,True
4999,2010,-0.1163,2010,-0.0455,3,2,2,2,0,False
5000,2005,-0.2797,2005,-0.4436,2,2,1,2,0,True
5001,2013,-0.1614,2014,-0.0887,4,2,1,2,-1,True
5002,2011,-0.1672,2012,-0.2815,4,1,1,2,-1,True
5003,2006,-0.032,2006,-0.0236,2,2,2,2,0,False
5004,2011,-0.0219,2013,0.0409,3,2,1,3,-2,False
5005,1993,-0.028,2017,0.0122,4,2,2,3,-24,False
5006,2004,0.0103,1997,0.01,4,1,1,2,7,False
5007,2014,0.0,1997,0.0069,0,0,0,1,17,False
5008,1995,0.0113,1999,0.0043,4,2,1,1,-4,False
5009,2000,-0.0002,1999,0.0042,3,2,2,2,1,False
5010,2008,0.0018,1998,0.0057,4,2,1,2,10,False
5011,1999,-0.0496,2015,-0.0041,2,2,1,3,-16,False
5012,1997,-0.1343,1998,-0.2021,2,1,1,2,-1,True
5013,2012,-0.1956,2012,-0.1369,3,2,2,2,0,True
5014,2012,-0.0358,2015,-0.1195,3,2,1,2,-3,False
5015,2003,-0.0648,1996,-0.044,5,3,1,2,7,False
5016,2006,-0.1275,2007,-0.1526,4,2,1,3,-1,True
5017,2013,-0.1174,2006,-0.1488,4,3,1,3,7,True
5018,2000,-0.1371,2003,-0.1394,2,2,1,3,-3,True
5019,2002,-0.1276,1993,-0.1778,3,2,1,2,9,True
5020,2003,-0.1346,2012,-0.1212,3,2,1,2,-9,True
5021,1994,-0.133,1994,-0.1198,5,1,1,2,0,True
5022,1993,-0.0903,2013,-0.0611,2,2,2,2,-20,True
5023,2008,-0.1307,2009,-0.0993,3,2,2,2,-1,True
5024,2002,-0.1911,2012,-0.1737,3,3,1,2,-10,True
5025,2002,-0.161,2012,-0.1155,3,2,1,2,-10,True
5026,2011,-0.1579,2013,-0.1429,3,2,1,2,-2,True
5027,2003,-0.239,2011,-0.19,3,2,2,2,-8,True
5028,2012,-0.1591,2011,-0.2238,4,1,1,2,1,True
5029,2012,-0.0887,2002,-0.1062,3,2,1,2,10,True
5030,2000,-0.0505,2001,-0.0917,3,2,1,2,-1,True
5031,2000,-0.143,2000,-0.215,2,2,1,2,0,True
5032,2011,-0.0486,2011,-0.0988,2,2,1,2,0,False
5033,2006,-0.1299,2007,-0.1193,2,2,1,1,-1,True
5034,2006,-0.0678,2012,-0.1313,3,2,1,2,-6,True
5035,2008,-0.0447,2005,-0.061,2,2,1,1,3,False
5036,2002,-0.0292,2004,-0.0033,2,1,1,2,-2,False
5037,2014,0.0,2012,0.0002,0,0,0,2,2,False
5038,2014,0.0,2008,0.0002,0,0,0,0,6,False
5039,1999,0.0007,2007,0.0019,3,3,1,2,-8,False
5040,2007,-0.3401,2003,-0.3107,3,2,1,2,4,True
5041,2003,-0.4684,2002,-0.4827,3,2,1,2,1,True
5042,2003,-0.3041,2004,-0.3811,2,1,1,1,-1,True
5043,2003,-0.3321,2004,-0.3412,2,1,1,1,-1,True
5044,2012,-0.116,2012,-0.034,2,1,1,2,0,False
5045,2007,-0.2215,2008,-0.2924,3,2,1,2,-1,True
5046,2004,-0.1608,2004,-0.0837,3,2,1,2,0,True
5047,2003,-0.0617,2003,-0.0399,2,2,1,2,0,False
5048,2007,-0.0134,2016,-0.0433,3,3,1,2,-9,False
5049,2005,0.013,2002,0.0044,4,1,0,1,3,False
5050,2004,-0.0533,2005,-0.0966,2,1,1,2,-1,True
5051,2005,-0.0478,2004,-0.0749,3,1,1,3,1,False
5052,2005,-0.0173,2011,-0.0405,3,1,1,2,-6,False
5053,2009,-0.0114,2005,-0.0248,5,1,0,1,4,False
5054,2009,-0.0844,2009,-0.0561,4,3,1,2,0,True
5055,2008,-0.0706,2002,-0.055,2,2,1,2,6,True
5056,2008,-0.1438,2007,-0.0862,4,3,1,2,1,True
5057,2012,-0.0848,2003,-0.1125,3,2,1,1,9,True
5058,1994,0.0652,1995,0.0472,2,2,2,2,-1,False
5059,1994,0.0563,2010,-0.0605,4,2,2,1,-16,True
5060,1995,-0.0856,1999,-0.0656,4,3,1,1,-4,True
5061,1999,-0.3321,1996,-0.3244,3,2,1,2,3,True
5062,1998,-0.3361,1998,-0.4303,3,1,1,2,0,True
5063,1997,-0.4786,1998,-0.3482,2,2,1,1,-1,True
5064,1997,-0.3904,1996,-0.4948,4,2,1,2,1,True
5065,1997,-0.44,1997,-0.4991,4,2,1,2,0,True
5066,1998,-0.3276,1997,-0.437,2,2,1,2,1,True
5067,1998,-0.2536,1998,-0.3029,3,2,1,1,0,True
5068,2000,-0.4198,1999,-0.4558,2,1,1,1,1,True
5069,1999,-0.4239,2000,-0.4488,2,1,1,1,-1,True
5070,1998,-0.2375,1998,-0.1786,3,2,1,2,0,True
5071,2001,-0.1296,2001,-0.1136,2,2,1,2,0,True
5072,2000,-0.3929,2001,-0.4093,2,2,1,2,-1,True
5073,2002,-0.3572,2002,-0.1882,1,1,1,1,0,True
5074,2002,-0.2177,2002,-0.2332,2,2,1,1,0,True
5075,2002,-0.1734,2002,-0.1426,2,2,1,2,0,True
5076,2002,-0.3868,2003,-0.3471,2,1,1,1,-1,True
5077,2001,-0.4244,2000,-0.4108,2,1,1,1,1,True
5078,2002,-0.3093,2002,-0.4515,2,2,1,1,0,True
5079,2001,-0.4294,2000,-0.5368,2,1,1,1,1,True
5080,2002,-0.5827,2002,-0.5709,1,1,1,1,0,True
5081,1998,-0.484,2002,-0.5059,3,2,1,2,-4,True
5082,2002,-0.3195,2002,-0.3428,2,2,1,2,0,True
5083,1997,-0.1373,2002,-0.3134,3,3,1,2,-5,True
5084,2002,-0.2668,2002,-0.247,2,2,1,1,0,True
5085,2001,-0.279,2001,-0.1322,2,1,1,2,0,True
5086,1998,-0.3217,2001,-0.2791,3,2,1,2,-3,True
5087,1998,-0.3147,1998,-0.4135,3,2,1,2,0,True
5088,1995,-0.3047,1998,-0.3085,2,2,1,2,-3,True
5089,1995,-0.2594,2002,-0.19,2,2,1,1,-7,True
5090,2006,-0.2167,2005,-0.1256,3,1,1,2,1,True
5091,2004,-0.2646,1996,-0.2877,3,2,1,2,8,True
5092,1999,-0.1058,1998,-0.1611,4,3,1,2,1,True
5093,1999,-0.1856,2004,-0.2962,3,2,1,1,-5,True
5094,2005,-0.307,2004,-0.2725,3,1,1,2,1,True
5095,2005,-0.1179,2005,-0.0924,2,2,1,2,0,True
5096,1999,0.0357,1997,0.0351,2,1,1,1,2,False
5097,2014,0.0,2014,-0.0,0,0,0,0,0,False
5098,2014,0.0,2014,0.0,0,0,0,0,0,False
5099,1999,0.0017,1999,0.0076,3,2,1,1,0,False
5100,2006,0.0049,1996,0.0019,3,2,1,3,10,False
5101,1999,0.0253,1999,0.0085,2,1,1,1,0,False
5102,2004,-0.0298,2004,-0.0126,2,2,1,1,0,False
5103,2004,-0.0583,2004,-0.0747,3,2,1,1,0,True
5104,1995,-0.0853,1995,-0.1371,3,2,1,2,0,True
5105,1995,-0.2246,1994,-0.1197,3,2,1,1,1,True
5106,2006,-0.0954,1995,-0.0919,2,1,1,3,11,True
5107,1994,-0.1852,2002,-0.2155,2,2,2,2,-8,True
5108,1993,-0.1914,1993,-0.1276,2,2,2,2,0,True
5109,1998,-0.193,2006,-0.3091,3,2,1,2,-8,True
5110,1998,-0.491,2001,-0.3544,3,2,1,2,-3,True
5111,1997,-0.6882,1997,-0.6912,2,2,1,2,0,True
5112,1997,-0.4297,1997,-0.6013,3,2,1,3,0,True
5113,1999,-0.2785,1999,-0.3913,3,2,1,2,0,True
5114,1998,-0.0544,2000,-0.139,3,3,1,2,-2,True
5115,1999,-0.1248,2005,-0.1248,2,2,1,2,-6,True
5116,2006,-0.0129,2002,-0.0096,2,2,1,2,4,False
5117,2013,-0.0198,2011,-0.0087,3,1,1,2,2,False
5118,1999,0.0006,1999,0.0028,1,1,0,3,0,False
5119,2017,0.0253,2014,-0.0342,3,2,0,3,3,False
5120,2016,0.0745,2017,0.0624,4,2,1,3,-1,True
5121,1992,0.0304,2016,0.0262,3,2,2,2,-24,False
5122,2005,0.0022,1998,0.0034,2,2,1,2,7,False
5123,2015,-0.0026,1999,0.0066,2,2,1,2,16,False
5124,2003,0.0029,1999,0.0027,4,1,1,1,4,False
5125,1999,-0.0005,1999,0.0014,6,3,1,2,0,False
5126,2017,-0.016,2017,-0.0161,5,1,0,1,0,False
5127,1999,-0.1503,2012,-0.1804,2,2,1,2,-13,True
5128,2005,-0.2062,2005,-0.1845,3,2,1,2,0,True
5129,2013,-0.1926,1991,-0.1215,4,2,1,3,22,True
5130,2012,-0.2032,1998,-0.2148,3,2,2,2,14,True
5131,1996,-0.124,2007,-0.1957,4,2,1,2,-11,True
5132,2012,-0.0852,2012,-0.2131,3,3,1,2,0,True
5133,2002,-0.0946,2014,-0.0677,4,3,1,2,-12,True
5134,2013,-0.1292,2013,-0.0796,3,2,1,2,0,True
5135,1993,-0.1092,1993,-0.1119,4,1,0,2,0,True
5136,1992,-0.0465,1994,-0.0657,3,3,0,2,-2,False
5137,1996,-0.1073,1990,-0.0554,4,2,1,2,6,True
5138,2016,-0.0509,2004,-0.096,6,2,0,3,12,True
5139,1996,-0.0979,2014,-0.0988,3,2,1,2,-18,True
5140,2002,-0.0827,1997,-0.0451,2,1,1,2,5,False
5141,2002,-0.2589,2002,-0.2401,3,2,1,2,0,True
5142,2003,-0.3542,2003,-0.2898,2,2,1,3,0,True
5143,2011,-0.2311,2011,-0.3533,3,2,1,2,0,True
5144,2002,-0.0698,2001,-0.0545,2,2,1,2,1,True
5145,1999,-0.104,2002,-0.0973,4,2,1,2,-3,True
5146,2005,-0.1163,2006,-0.065,3,2,1,3,-1,True
5147,2006,-0.1157,2006,-0.1244,3,1,1,3,0,True
5148,2007,-0.111,2007,-0.1337,2,2,1,1,0,True
5149,2010,-0.052,2010,-0.0241,3,2,1,1,0,False
5150,2000,-0.0078,2004,-0.0107,5,2,1,1,-4,False
5151,2014,-0.0008,2017,-0.0007,0,0,0,2,-3,False
5152,2014,0.0,1999,0.0002,0,0,0,2,15,False
5153,2014,-0.0006,2017,-0.0003,0,0,0,3,-3,False
5154,1999,0.0084,1999,0.0033,2,1,1,2,0,False
5155,2008,-0.1083,2006,-0.2398,2,2,1,2,2,True
5156,2003,-0.248,2003,-0.2738,3,2,1,2,0,True
5157,2003,-0.4339,2003,-0.3688,2,2,2,2,0,True
5158,2003,-0.3229,2005,-0.3664,2,1,1,1,-2,True
5159,2011,-0.1731,2003,-0.1638,4,3,1,3,8,True
5160,2003,-0.1375,2003,-0.0794,2,2,1,2,0,True
5161,2004,-0.3321,2008,-0.2427,3,1,1,3,-4,True
5162,2007,-0.2083,2007,-0.245,2,1,1,1,0,True
5163,2019,-0.0688,2008,-0.0068,3,3,0,3,11,False
5164,2012,-0.134,2013,-0.0833,4,1,1,2,-1,True
5165,2020,-0.0669,1999,-0.0077,6,2,0,2,21,False
5166,1999,-0.1196,2000,-0.1094,3,2,1,2,-1,True
5167,1998,-0.0857,1998,-0.0484,3,1,1,2,0,False
5168,2000,-0.0471,1999,-0.0736,3,2,1,2,1,False
5169,2010,-0.0209,2008,-0.0205,3,2,1,2,2,False
5170,2010,-0.0609,1999,-0.0281,3,3,1,2,11,False
5171,1999,-0.0847,1999,-0.0893,3,2,1,2,0,True
5172,2000,-0.0661,1999,-0.0513,3,3,1,2,1,True
5173,2019,-0.0309,2010,-0.1062,6,2,0,2,9,False
5174,2000,-0.0585,2000,-0.0519,2,1,1,1,0,True
5175,1999,-0.0799,1998,-0.0261,3,2,1,1,1,False
5176,1998,-0.127,1998,-0.1242,3,1,1,2,0,True
5177,2001,-0.2835,2002,-0.1125,2,1,1,1,-1,True
5178,2001,-0.3061,2002,-0.3418,2,2,1,1,-1,True
5179,1997,-0.3978,1998,-0.4321,3,1,1,2,-1,True
5180,1997,-0.5715,1997,-0.4935,2,2,1,2,0,True
5181,1999,-0.4225,1999,-0.4969,2,2,1,2,0,True
5182,1999,-0.3199,1999,-0.4614,2,1,1,1,0,True
5183,1998,-0.4333,1998,-0.4909,2,2,1,2,0,True
5184,1999,-0.3116,1998,-0.3005,2,2,1,2,1,True
5185,1999,-0.115,1998,-0.1876,3,2,1,2,1,True
5186,1996,-0.4519,1998,-0.5412,2,2,1,2,-2,True
5187,1997,-0.4116,1997,-0.509,3,2,1,2,0,True
5188,1996,-0.2053,2001,-0.2562,3,1,1,2,-5,True
5189,2002,-0.1797,2003,-0.0738,2,1,1,1,-1,True
5190,2002,-0.1364,2002,-0.0641,3,2,1,2,0,True
5191,2003,-0.6605,2002,-0.7537,2,1,1,1,1,True
5192,2003,-0.3844,2002,-0.4653,2,1,1,1,1,True
5193,2003,-0.3219,2003,-0.2839,1,1,1,1,0,True
5194,2001,-0.3982,2002,-0.3901,2,1,1,1,-1,True
5195,2002,-0.5063,2002,-0.4489,1,1,1,1,0,True
5196,2002,-0.4898,2001,-0.5823,2,1,1,2,1,True
5197,2003,-0.2916,2002,-0.2847,3,2,1,3,1,True
5198,1998,-0.225,1997,-0.2011,3,2,1,2,1,True
5199,1998,-0.386,2012,-0.326,3,2,1,2,-14,True
5200,2009,-0.304,2013,-0.2625,4,3,1,3,-4,True
5201,1998,-0.3575,1998,-0.2023,3,2,1,2,0,True
5202,1998,-0.1959,1997,-0.2761,2,2,1,3,1,True
5203,2001,-0.0935,2003,-0.1888,3,2,1,1,-2,True
5204,2004,-0.2024,2004,-0.1034,2,1,1,1,0,True
5205,2005,-0.2614,2004,-0.1779,2,1,1,1,1,True
5206,1999,-0.1873,1999,-0.1314,3,2,1,3,0,True
5207,1999,-0.3338,1999,-0.3757,2,2,1,2,0,True
5208,2004,-0.2253,2001,-0.2652,3,2,1,2,3,True
5209,2004,-0.127,2003,-0.0719,2,2,1,2,1,True
5210,2006,-0.1135,2007,-0.0746,3,2,1,2,-1,True
5211,1997,0.0074,1997,0.0147,6,2,1,2,0,False
5212,2014,0.0,2014,0.0,0,0,0,0,0,False
5213,2014,0.0,2014,0.0,0,0,0,0,0,False
5214,2004,0.0051,1999,0.0032,2,2,1,2,5,False
5215,2009,0.014,1999,0.0123,2,1,1,2,10,False
5216,2009,0.0123,1999,0.0105,2,2,1,1,10,False
5217,2014,0.0006,1998,0.0017,0,0,0,1,16,False
5218,1995,-0.0818,1995,-0.0194,3,3,1,2,0,False
5219,2003,-0.1958,1996,-0.3401,3,3,1,2,7,True
5220,2000,-0.0239,2002,-0.1513,4,2,0,2,-2,False
5221,2007,-0.2204,2007,-0.2443,1,1,1,1,0,True
5222,1995,-0.426,1995,-0.3985,3,3,2,2,0,True
5223,1993,-0.3335,1993,-0.2212,2,2,2,2,0,True
5224,2006,-0.1731,2001,-0.1877,2,2,1,2,5,True
5225,1994,-0.3583,1994,-0.3966,2,2,2,2,0,True
5226,1997,-0.4571,1997,-0.391,3,2,1,1,0,True
5227,1997,-0.3796,1997,-0.3692,4,1,1,2,0,True
5228,1999,-0.2278,1999,-0.1538,2,1,1,2,0,True
5229,2014,-0.1486,2003,-0.195,3,3,1,2,11,True
5230,2000,-0.0124,2005,-0.0472,5,2,1,2,-5,False
5231,2007,-0.009,2013,-0.0352,3,3,1,2,-6,False
5232,2014,0.0,2014,-0.0003,0,0,0,0,0,False
5233,1999,0.0076,2008,0.0031,3,1,1,2,-9,False
5234,2010,0.0328,1990,-0.077,5,3,0,3,20,False
5235,2019,-0.0417,2000,0.068,4,2,0,1,19,False
5236,2008,0.0217,2008,0.0091,3,3,1,2,0,False
5237,2006,0.0096,2005,0.0077,3,1,1,3,1,False
5238,2005,0.002,1999,0.0061,3,2,1,2,6,False
5239,1996,0.008,2000,0.0014,3,2,2,2,-4,False
5240,1999,0.0027,2000,0.0026,2,2,2,2,-1,False
5241,2008,0.0006,1999,0.0026,2,2,1,2,9,False
5242,2005,-0.0691,2012,-0.0375,3,1,1,3,-7,False
5243,2005,-0.0459,2012,-0.0547,2,1,1,2,-7,False
5244,2012,-0.1688,2013,-0.1678,3,3,1,2,-1,True
5245,2013,-0.1713,2013,-0.1459,4,3,1,2,0,True
5246,1994,-0.1867,2000,-0.1965,4,2,2,3,-6,True
5247,2003,-0.1745,2000,-0.1346,3,3,1,3,3,True
5248,2014,-0.1699,2013,-0.185,4,2,1,2,1,True
5249,2014,-0.0781,2014,-0.0783,3,2,1,2,0,True
5250,1992,-0.0881,1992,-0.0457,3,2,1,2,0,False
5251,1992,-0.1028,2012,-0.1255,4,1,1,2,-20,True
5252,2013,-0.115,2012,-0.1632,2,2,1,2,1,True
5253,2011,-0.0516,2003,-0.0779,2,2,1,2,8,True
5254,2012,-0.0813,2005,-0.1924,2,2,1,2,7,True
5255,2011,-0.1353,2012,-0.1476,2,2,1,2,-1,True
5256,2011,-0.2137,2011,-0.2042,3,3,1,2,0,True
5257,2008,-0.1676,2011,-0.151,2,2,1,2,-3,True
5258,2002,-0.2171,2010,-0.0865,3,1,1,2,-8,True
5259,2000,-0.0445,2001,-0.0469,2,2,1,2,-1,False
5260,2005,-0.0766,2002,-0.0863,2,1,1,2,3,True
5261,2004,-0.076,2001,-0.0675,3,2,1,2,3,True
5262,2007,-0.0531,2005,-0.0742,3,2,1,2,2,True
5263,2015,-0.014,2004,-0.01,3,2,1,3,11,False
5264,2010,-0.0667,2012,-0.0337,3,2,1,1,-2,False
5265,1994,0.0028,1999,0.0026,4,2,1,2,-5,False
5266,1999,0.0103,1999,0.003,3,2,2,1,0,False
5267,2014,0.0009,1997,0.0005,0,0,0,2,17,False
5268,2014,0.0002,2017,-0.0009,0,0,0,1,-3,False
5269,1999,0.0017,1999,0.0049,3,1,1,2,0,False
5270,1999,0.0066,1999,0.0005,3,1,1,1,0,False
5271,2014,0.0,1991,-0.0003,0,0,0,1,23,False
5272,2006,-0.2263,2008,-0.44,2,2,2,2,-2,True
5273,2003,-0.0768,2003,-0.0283,2,1,1,1,0,False
5274,2010,-0.0898,2011,-0.0282,2,2,1,2,-1,False
5275,2005,-0.1428,2011,-0.2973,2,2,1,3,-6,True
5276,2005,-0.4017,2006,-0.5675,2,1,1,1,-1,True
5277,2005,-0.6035,2005,-0.6413,1,1,1,2,0,True
5278,2005,-0.1067,2000,-0.0709,3,3,1,3,5,True
5279,2006,-0.2178,2008,-0.2893,4,2,1,3,-2,True
5280,2000,-0.0633,2013,-0.0624,3,2,1,2,-13,True
5281,2003,-0.0909,1999,-0.1209,3,2,1,2,4,True
5282,1998,-0.1057,2003,-0.1199,3,2,1,1,-5,True
5283,2005,-0.0719,2003,-0.1575,3,2,1,2,2,True
5284,2007,-0.0782,2005,-0.0553,3,1,1,2,2,True
5285,2006,-0.0238,2005,-0.0306,2,2,1,2,1,False
5286,1999,-0.0244,2009,-0.031,3,2,1,3,-10,False
5287,1991,0.0037,1999,-0.0115,6,1,0,2,-8,False
5288,2017,-0.0451,2009,0.0092,4,3,0,2,8,False
5289,2014,0.0183,2002,-0.0297,4,2,1,2,12,False
5290,2000,-0.0597,1999,-0.0337,2,2,1,1,1,False
5291,1998,-0.0596,1996,-0.0511,2,2,2,2,2,True
5292,1997,-0.1839,2001,-0.1639,3,2,1,2,-4,True
5293,1996,-0.3588,1997,-0.3171,3,3,1,2,-1,True
5294,1996,-0.3667,1999,-0.3242,3,2,1,2,-3,True
5295,1998,-0.3968,1997,-0.4107,2,2,1,2,1,True
5296,1998,-0.3398,1998,-0.2801,3,2,1,1,0,True
5297,1998,-0.3684,1998,-0.4305,2,2,1,2,0,True
5298,1998,-0.3534,1998,-0.49,3,2,1,2,0,True
5299,1998,-0.1384,1998,-0.1985,3,2,1,1,0,True
5300,1998,-0.307,1998,-0.448,3,1,1,2,0,True
5301,1996,-0.4579,1998,-0.4654,3,2,1,2,-2,True
5302,1997,-0.246,1995,-0.3833,3,1,1,2,2,True
5303,1999,0.0064,1997,0.0013,4,2,1,3,2,False
5304,2003,-0.2798,2003,-0.086,1,1,1,1,0,True
5305,2002,-0.6133,2003,-0.6717,2,1,1,1,-1,True
5306,2003,-0.6008,2003,-0.5472,1,1,1,1,0,True
5307,2003,-0.4619,2003,-0.4638,2,1,1,1,0,True
5308,2000,-0.3489,1999,-0.3734,2,1,1,2,1,True
5309,2000,-0.1721,2001,-0.3274,2,2,1,1,-1,True
5310,2003,-0.2419,2004,-0.2573,3,1,1,2,-1,True
5311,2003,-0.4603,2003,-0.4456,2,2,1,2,0,True
5312,1998,-0.2848,1998,-0.4156,2,2,1,2,0,True
5313,1998,-0.1666,1998,-0.1336,3,2,1,2,0,True
5314,1998,-0.2893,1998,-0.2783,3,2,1,2,0,True
5315,1998,-0.1264,1998,-0.1803,2,2,1,2,0,True
5316,1997,-0.2077,1997,-0.1194,2,2,1,1,0,True
5317,1998,-0.2196,1998,-0.2083,3,2,1,1,0,True
5318,1997,-0.1947,2006,-0.1837,3,2,1,2,-9,True
5319,1998,-0.0109,2016,-0.0101,3,2,0,3,-18,False
5320,1998,-0.2873,1998,-0.2033,3,2,1,2,0,True
5321,1998,-0.3668,1998,-0.3779,2,2,1,2,0,True
5322,1998,-0.3676,1998,-0.2753,4,2,1,2,0,True
5323,1998,-0.2912,1998,-0.3067,2,2,1,2,0,True
5324,2006,-0.0339,2003,-0.1481,3,2,1,3,3,False
5325,2007,-0.1396,2004,-0.0978,2,2,1,2,3,True
5326,2005,-0.2098,2001,-0.09,2,2,1,1,4,True
5327,1996,0.0099,1999,0.0178,2,2,1,1,-3,False
5328,1996,0.0083,1996,0.0099,2,2,1,1,0,False
5329,2014,0.0,2014,-0.0001,0,0,0,0,0,False
5330,1999,0.0157,1999,0.0175,3,1,1,1,0,False
5331,1999,0.0057,1999,0.0013,3,3,1,1,0,False
5332,2014,0.0006,1999,0.003,0,0,0,1,15,False
5333,1997,-0.1285,1997,-0.0269,4,2,1,1,0,False
5334,2003,-0.2455,1996,-0.312,2,2,1,2,7,True
5335,2003,-0.2496,2003,-0.2453,1,1,1,1,0,True
5336,2007,-0.3075,2005,-0.2856,2,2,1,2,2,True
5337,1995,-0.2667,1995,-0.304,2,2,2,2,0,True
5338,2010,-0.1099,2007,-0.2091,3,1,1,1,3,True
5339,2010,-0.1748,2010,-0.1359,2,2,1,2,0,True
5340,2004,-0.2028,2007,-0.1329,3,3,1,1,-3,True
5341,1998,-0.2094,1997,-0.2476,3,2,1,2,1,True
5342,1999,-0.2517,2000,-0.2816,3,2,1,2,-1,True
5343,1998,-0.2225,2002,-0.1707,3,2,2,2,-4,True
5344,2001,-0.1074,2002,-0.0951,3,2,1,3,-1,True
5345,2009,-0.0276,2004,-0.0116,3,2,1,2,5,False
5346,2003,-0.0039,2016,-0.0024,2,2,1,2,-13,False
5347,2014,0.0004,1997,0.0013,0,0,0,2,17,False
5348,2014,0.0002,1997,0.0087,0,0,0,2,17,False
5349,1995,-0.0449,1994,-0.025,2,2,1,1,1,False
5350,2003,-0.0149,2003,-0.0139,1,1,1,1,0,False
5351,1991,0.0107,1992,0.005,4,2,0,3,-1,False
5352,2016,-0.022,2017,-0.0199,4,2,0,3,-1,False
5353,1996,0.0092,1999,0.0047,4,3,1,1,-3,False
5354,2014,0.0001,2008,-0.0021,0,0,0,1,6,False
5355,1999,0.0093,1999,0.0016,3,1,1,1,0,False
5356,1999,0.0118,1999,0.0014,3,1,1,2,0,False
5357,2013,-0.1216,2008,-0.0747,4,2,1,3,5,True
5358,2013,-0.257,2013,-0.3057,2,2,2,2,0,True
5359,2002,-0.016,2013,-0.0317,4,1,1,2,-11,False
5360,2003,-0.2327,2004,-0.2298,3,1,1,2,-1,True
5361,2008,-0.3094,2007,-0.2586,2,2,1,2,1,True
5362,2007,-0.1602,2011,-0.1833,3,2,1,2,-4,True
5363,2002,-0.1621,2011,-0.1873,3,2,1,2,-9,True
5364,2012,-0.1128,2011,-0.0876,2,2,1,3,1,True
5365,1998,0.0312,2003,-0.0577,5,4,0,3,-5,False
5366,2014,-0.0801,2002,-0.122,2,2,2,3,12,True
5367,1994,-0.0686,2002,-0.0566,5,1,0,2,-8,True
5368,2013,-0.1031,2002,-0.0974,4,3,1,3,11,True
5369,2011,-0.1821,2011,-0.1235,3,2,1,3,0,True
5370,2001,-0.1119,2001,-0.1688,3,1,1,1,0,True
5371,2002,-0.2248,2002,-0.2176,3,3,1,2,0,True
5372,1998,-0.1707,1999,-0.1709,3,2,1,2,-1,True
5373,2000,-0.1573,2001,-0.0871,3,2,1,2,-1,True
5374,1999,-0.0555,2004,-0.0536,2,1,1,2,-5,True
5375,2007,-0.0243,2000,-0.0461,2,2,1,2,7,False
5376,2001,-0.0934,2002,-0.0937,2,2,1,2,-1,True
5377,1999,-0.0302,2001,-0.0151,4,1,1,1,-2,False
5378,2006,-0.022,2007,-0.028,3,1,1,1,-1,False
5379,2011,0.0013,1999,-0.0027,4,1,1,2,12,False
5380,2014,0.0001,1999,0.0028,0,0,0,2,15,False
5381,2003,0.008,1999,0.0044,3,3,1,2,4,False
5382,2014,0.0002,2010,0.0002,0,0,0,2,4,False
5383,1997,0.001,1999,0.0046,3,3,1,2,-2,False
5384,1999,0.0029,1999,0.0036,4,1,1,2,0,False
5385,2014,-0.0001,2003,-0.0008,0,0,0,2,11,False
5386,1999,0.0037,1994,0.0007,2,2,1,2,5,False
5387,2007,-0.0367,2008,-0.0032,1,1,1,3,-1,False
5388,2006,-0.0254,2006,-0.0126,3,2,1,1,0,False
5389,2014,0.0,2014,0.0001,0,0,0,0,0,False
5390,2008,-0.2701,2007,-0.196,2,2,1,2,1,True
5391,2003,-0.5117,2006,-0.4716,2,2,1,2,-3,True
5392,2005,-0.4353,2005,-0.4915,3,2,1,2,0,True
5393,2005,-0.4033,2006,-0.33,2,2,1,2,-1,True
5394,2011,-0.3217,2011,-0.3978,3,2,1,3,0,True
5395,2004,-0.084,2013,-0.0784,3,2,1,2,-9,True
5396,2004,-0.0917,1999,-0.1106,3,3,1,1,5,True
5397,1997,-0.0655,1999,-0.076,3,1,1,1,-2,True
5398,1991,-0.0711,1999,-0.103,4,3,1,2,-8,True
5399,2006,-0.051,2003,-0.0958,4,1,1,2,3,True
5400,2004,-0.0502,2003,-0.0414,2,2,1,2,1,False
5401,2003,-0.0252,2003,-0.0324,2,1,1,2,0,False
5402,2003,-0.0229,2003,-0.0243,4,2,1,2,0,False
5403,1991,0.0251,1997,0.0118,4,4,0,2,-6,False
5404,2006,-0.0185,2006,-0.0327,5,3,0,2,0,False
5405,2017,-0.0136,2003,-0.0398,5,2,0,2,14,False
5406,1992,-0.1517,1994,-0.1094,5,3,0,3,-2,True
5407,2002,-0.1573,2003,-0.1236,2,2,1,2,-1,True
5408,1996,-0.3597,1998,-0.388,3,2,1,2,-2,True
5409,1998,-0.3983,1999,-0.3793,2,2,1,2,-1,True
5410,1998,-0.4028,1998,-0.3522,3,2,1,2,0,True
5411,1998,-0.3133,1998,-0.3688,3,2,1,2,0,True
5412,1998,-0.292,1998,-0.3778,3,2,1,2,0,True
5413,1998,-0.2818,1998,-0.2029,3,2,1,2,0,True
5414,1998,-0.4478,1998,-0.4113,2,2,1,2,0,True
5415,2000,-0.391,1998,-0.4203,2,2,1,2,2,True
5416,1997,-0.3776,1998,-0.4626,3,2,1,2,-1,True
5417,1996,-0.2449,1998,-0.2389,2,2,1,2,-2,True
5418,2004,-0.1228,2002,-0.1054,2,1,1,2,2,True
5419,2004,-0.2189,2004,-0.1777,1,1,1,1,0,True
5420,2003,-0.508,2003,-0.4546,1,1,1,1,0,True
5421,2002,-0.2294,2002,-0.3659,2,1,1,1,0,True
5422,2004,-0.0915,2004,-0.1764,3,2,1,1,0,True
5423,1997,-0.1658,2002,-0.1972,2,2,1,2,-5,True
5424,1996,-0.2719,1999,-0.2376,3,2,1,1,-3,True
5425,1998,-0.2795,1998,-0.3019,2,2,1,2,0,True
5426,1998,-0.2066,1998,-0.2498,3,2,1,1,0,True
5427,1999,-0.1569,1998,-0.3198,2,2,1,2,1,True
5428,1999,-0.139,2000,-0.1305,3,1,1,2,-1,True
5429,2003,-0.1737,1997,-0.1816,2,2,1,2,6,True
5430,1998,-0.1786,1996,-0.079,2,2,1,2,2,True
5431,1994,-0.1119,1994,-0.0836,4,1,1,2,0,True
5432,1997,-0.2171,1997,-0.3134,2,2,1,2,0,True
5433,1997,-0.205,1998,-0.2066,4,2,1,2,-1,True
5434,1999,-0.1904,1998,-0.3155,2,2,1,2,1,True
5435,1998,-0.4676,1998,-0.4271,2,2,1,2,0,True
5436,1998,-0.4163,1998,-0.4115,3,2,1,2,0,True
5437,2003,-0.406,2003,-0.3424,2,2,1,2,0,True
5438,2003,-0.1651,1999,-0.1807,3,2,1,1,4,True
5439,2012,-0.0744,2006,-0.2094,3,2,1,3,6,True
5440,2005,-0.2234,2005,-0.0789,2,2,1,2,0,True
5441,2001,-0.0414,2006,0.0176,1,1,1,2,-5,False
5442,2001,0.017,2000,0.0081,2,2,1,2,1,False
5443,2014,0.0,2014,0.0,0,0,0,0,0,False
5444,1999,0.0018,1997,0.0058,2,2,1,1,2,False
5445,1999,0.0123,1999,0.0152,3,2,1,2,0,False
5446,2014,0.0,2014,0.0,0,0,0,0,0,False
5447,1999,0.0093,1999,0.0082,2,2,1,2,0,False
5448,1996,-0.0993,2006,0.0084,5,2,1,2,-10,False
5449,2011,0.0064,1993,-0.0944,4,2,0,2,18,False
5450,1996,-0.0941,1997,-0.1433,4,2,1,1,-1,True
5451,1998,-0.3601,1997,-0.2903,2,2,1,2,1,True
5452,2004,-0.2246,2005,-0.1479,3,2,1,2,-1,True
5453,2006,-0.3225,2007,-0.3114,2,2,1,1,-1,True
5454,2002,-0.1597,2004,-0.0649,2,2,1,2,-2,True
5455,2000,-0.4717,2000,-0.4708,2,2,1,2,0,True
5456,2001,-0.3231,2001,-0.3443,3,2,1,2,0,True
5457,1996,-0.2411,2002,-0.2594,3,2,1,2,-6,True
5458,1998,-0.1727,1998,-0.2373,3,1,1,1,0,True
5459,1999,-0.1792,2012,-0.1366,3,2,2,2,-13,True
5460,2012,-0.0339,2012,-0.0261,4,1,1,1,0,False
5461,2019,-0.0219,1989,0.0295,5,1,0,3,30,False
5462,1989,0.0049,1999,0.0044,4,2,0,2,-10,False
5463,1998,0.0029,1999,0.0071,2,1,1,1,-1,False
5464,1996,-0.0104,1992,0.0034,2,2,1,2,4,False
5465,1999,0.0077,1999,0.0075,3,1,1,2,0,False
5466,2014,-0.0108,2012,-0.0047,4,2,2,3,2,False
5467,2013,-0.0119,2013,-0.0063,4,2,0,3,0,False
5468,1999,0.0023,1995,0.0076,3,1,1,2,4,False
5469,2014,0.0,1998,0.0004,0,0,0,2,16,False
5470,1999,0.0024,1999,0.0047,2,1,1,1,0,False
5471,1996,0.0111,1999,0.0072,2,2,1,2,-3,False
5472,2012,-0.2537,2009,-0.1414,3,2,1,2,3,True
5473,2011,-0.3535,2009,-0.1418,3,2,1,3,2,True
5474,2002,-0.215,2002,-0.2264,3,3,1,2,0,True
5475,2000,-0.1576,2000,-0.2029,4,3,1,2,0,True
5476,2003,-0.2627,2012,-0.2203,3,2,1,2,-9,True
5477,2013,-0.1884,2012,-0.225,2,2,2,2,1,True
5478,2012,-0.1217,2013,-0.1197,3,2,1,3,-1,True
5479,1998,0.0478,1997,0.0101,3,3,1,2,1,False
5480,2016,-0.0541,1997,0.0393,4,2,0,2,19,False
5481,2013,-0.0326,2012,-0.0485,3,3,1,2,1,False
5482,1995,-0.0974,2002,-0.0475,3,2,2,2,-7,False
5483,2003,-0.1414,2001,-0.1474,3,1,1,2,2,True
5484,2001,-0.2088,2001,-0.132,2,1,1,2,0,True
5485,2001,-0.2812,2001,-0.1426,1,1,1,1,0,True
5486,1995,-0.159,2003,-0.1795,3,2,1,2,-8,True
5487,1996,-0.1851,1997,-0.1752,3,2,1,2,-1,True
5488,2015,-0.083,2012,-0.1036,4,2,1,2,3,True
5489,2007,-0.0391,2002,-0.0311,4,3,1,2,5,False
5490,2002,-0.0738,2001,-0.0513,2,1,1,2,1,True
5491,2003,-0.1481,2004,-0.0871,2,1,1,2,-1,True
5492,2000,-0.1,1999,-0.0698,2,2,1,1,1,True
5493,1999,-0.0112,1998,-0.0343,5,0,0,2,1,False
5494,2006,-0.0095,2001,-0.0118,4,1,1,1,5,False
5495,2014,0.0001,2014,0.0,0,0,0,0,0,False
5496,2014,0.0003,2003,0.0005,0,0,0,2,11,False
5497,2014,0.0,1997,-0.0003,0,0,0,2,17,False
5498,1999,0.0022,1999,0.0035,3,2,1,2,0,False
5499,2014,0.0001,1989,0.0016,0,0,0,2,25,False
5500,2014,0.0003,1999,0.0017,0,0,0,3,15,False
5501,1996,0.0042,2001,-0.0116,2,2,1,2,-5,False
5502,2007,-0.0933,2007,-0.0184,1,1,1,1,0,False
5503,2006,-0.1737,2006,-0.117,2,2,1,2,0,True
5504,2012,-0.1559,2012,-0.0904,3,2,1,1,0,True
5505,2007,-0.3937,2009,-0.4617,3,1,1,1,-2,True
5506,2008,-0.2427,2008,-0.1298,2,1,1,3,0,True
5507,2013,-0.2245,2013,-0.1496,4,2,2,3,0,True
5508,2011,-0.3906,2013,-0.4126,3,2,2,2,-2,True
5509,2011,-0.398,2011,-0.462,3,2,1,2,0,True
5510,2011,-0.1501,2004,-0.0498,3,2,1,2,7,False
5511,2005,-0.0805,1999,-0.0706,4,1,1,2,6,True
5512,1999,-0.0839,1999,-0.0698,3,1,1,2,0,True
5513,2005,-0.1511,1998,-0.0842,2,2,1,2,7,True
5514,2006,-0.1283,2006,-0.0632,3,1,1,2,0,True
5515,2003,-0.0744,2003,-0.0777,3,3,1,3,0,True
5516,1998,-0.0748,1998,-0.0976,3,2,1,2,0,True
5517,2002,-0.059,2012,-0.0629,4,3,0,2,-10,True
5518,2004,-0.0382,2006,-0.0224,3,2,1,2,-2,False
5519,2010,-0.0667,2003,-0.052,3,2,1,2,7,True
5520,2010,-0.0338,2009,-0.0079,3,2,2,2,1,False
5521,1996,-0.1004,2001,-0.1948,3,1,1,2,-5,True
5522,2003,-0.1675,2003,-0.0511,2,2,1,2,0,True
5523,1999,-0.3476,2000,-0.4786,2,2,1,2,-1,True
5524,1999,-0.3958,1998,-0.4498,2,1,1,2,1,True
5525,1999,-0.2981,1998,-0.4307,2,1,1,2,1,True
5526,1996,-0.0248,1999,-0.0273,3,2,1,2,-3,False
5527,1996,-0.0487,1996,-0.0085,3,1,1,2,0,False
5528,1999,-0.0492,1999,-0.1147,3,1,1,1,0,False
5529,1998,-0.4856,1999,-0.358,2,2,1,2,-1,True
5530,1999,-0.1436,1998,-0.1938,4,2,1,2,1,True
5531,2000,-0.1714,1998,-0.2653,3,1,1,1,2,True
5532,1996,-0.1231,1996,-0.0916,3,2,1,2,0,True
5533,2005,-0.1196,2005,-0.1203,2,1,1,1,0,True
5534,1994,-0.1037,1994,-0.0675,4,1,1,2,0,True
5535,2002,-0.1225,2002,-0.245,1,1,1,1,0,True
5536,2001,-0.1132,2002,-0.0838,2,1,1,1,-1,True
5537,1998,-0.1071,1999,-0.0758,3,2,1,2,-1,True
5538,1998,-0.3377,2001,-0.2249,3,2,1,2,-3,True
5539,1994,-0.3906,1997,-0.3977,3,2,1,2,-3,True
5540,1999,-0.2024,1999,-0.2547,3,2,1,2,0,True
5541,1998,-0.1411,2014,-0.166,3,3,1,2,-16,True
5542,1999,-0.1236,1997,-0.1375,2,2,2,3,2,True
5543,1999,-0.2622,1999,-0.1788,3,2,1,2,0,True
5544,2000,-0.2517,1999,-0.1582,3,2,1,2,1,True
5545,1998,-0.0879,2002,-0.1763,3,3,1,2,-4,True
5546,1996,-0.179,1996,-0.0598,5,1,1,2,0,True
5547,1997,-0.2099,1997,-0.2106,3,3,1,2,0,True
5548,2006,-0.2555,1993,-0.1533,3,2,2,3,13,True
5549,1998,-0.3512,1999,-0.4782,3,2,1,1,-1,True
5550,1998,-0.3756,1999,-0.3054,3,2,1,2,-1,True
5551,1998,-0.3332,1998,-0.3349,3,2,1,2,0,True
5552,2001,-0.1647,1998,-0.1393,2,2,1,2,3,True
5553,2001,-0.1932,1999,-0.1137,3,1,1,3,2,True
5554,2000,-0.0998,1997,-0.1226,4,2,1,2,3,True
5555,2021,-0.1751,2015,-0.0275,0,0,0,1,6,False
5556,2013,-0.1641,2013,-0.113,3,1,1,1,0,True
5557,2008,0.0019,2006,0.0002,4,1,1,1,2,False
5558,2006,0.0497,2006,0.0517,4,3,1,2,0,False
5559,2014,0.0,2014,0.0,0,0,0,0,0,False
5560,2003,0.0022,1999,0.0018,2,1,1,1,4,False
5561,1999,0.0243,1999,0.0159,3,1,1,1,0,False
5562,1999,0.0325,1999,0.0127,2,1,1,1,0,False
5563,2002,-0.05,2002,-0.0106,1,1,1,2,0,False
5564,2003,-0.0651,2006,-0.0372,3,2,1,2,-3,False
5565,1998,-0.158,2002,-0.1343,2,2,1,2,-4,True
5566,1997,-0.1382,1997,-0.2549,5,1,1,1,0,True
5567,2004,-0.1913,2004,-0.1206,4,2,1,2,0,True
5568,1995,-0.2921,2006,-0.1986,3,3,2,2,-11,True
5569,2001,-0.2945,2001,-0.1332,2,1,1,2,0,True
5570,1999,-0.4976,2000,-0.4892,3,2,1,2,-1,True
5571,1997,-0.46,1995,-0.4662,3,2,1,2,2,True
5572,2000,-0.3197,2002,-0.2881,2,2,1,1,-2,True
5573,1998,-0.2246,1997,-0.1589,3,1,1,2,1,True
5574,1998,-0.1844,2001,-0.232,4,2,2,2,-3,True
5575,2012,-0.2161,2014,-0.1696,3,3,1,2,-2,True
5576,2014,-0.1098,2014,-0.0419,4,2,1,3,0,False
5577,1988,0.0278,2003,0.0255,4,3,0,2,-15,False
5578,2014,-0.0206,1994,0.0066,4,3,0,2,20,False
5579,1990,0.0155,1992,0.0029,3,3,0,1,-2,False
5580,2003,0.0042,2002,0.0046,5,3,0,1,1,False
5581,1999,0.0077,1999,0.0098,2,1,1,2,0,False
5582,2005,0.0084,1999,0.0127,5,4,0,2,6,False
5583,1999,0.0035,1999,0.0043,3,1,1,2,0,False
5584,1999,0.0061,1999,0.0058,2,1,1,2,0,False
5585,1999,0.0014,1999,0.0064,2,2,1,1,0,False
5586,1997,0.002,1999,0.0032,3,1,1,1,-2,False
5587,2010,-0.1382,2007,-0.0936,3,2,1,2,3,True
5588,2006,-0.1328,2009,-0.2763,3,2,1,2,-3,True
5589,1996,-0.23,2001,-0.2572,2,2,2,2,-5,True
5590,1998,-0.131,2010,-0.1533,3,2,2,3,-12,True
5591,1998,-0.189,1999,-0.2032,2,2,1,2,-1,True
5592,1999,-0.1466,2003,-0.2281,3,2,1,2,-4,True
5593,1993,-0.1156,2012,-0.1083,2,2,2,2,-19,True
5594,2003,-0.0634,2013,-0.0667,4,2,1,1,-10,True
5595,1997,0.0222,2014,-0.0392,5,2,0,2,-17,False
5596,2012,-0.0461,2012,-0.0979,4,3,0,2,0,False
5597,2003,-0.071,2013,-0.031,2,2,1,3,-10,False
5598,2001,-0.1468,2004,-0.1847,3,2,1,2,-3,True
5599,2001,-0.2942,2001,-0.1749,1,1,1,1,0,True
5600,2001,-0.3468,2001,-0.3374,1,1,1,1,0,True
5601,2000,-0.1983,2002,-0.2111,4,2,1,2,-2,True
5602,2004,-0.1359,2005,-0.1446,3,2,1,2,-1,True
5603,2010,-0.0634,2010,-0.0503,3,2,1,3,0,True
5604,2005,-0.0961,2003,-0.087,3,2,1,3,2,True
5605,2001,-0.182,2002,-0.1346,3,2,1,2,-1,True
5606,2000,-0.1015,2001,-0.0771,2,2,1,2,-1,True
5607,2000,-0.0598,1999,-0.06,2,2,1,2,1,True
5608,1998,-0.033,1998,-0.025,2,2,1,1,0,False
5609,2006,-0.0105,2006,-0.0336,3,2,1,2,0,False
5610,2016,0.0029,1998,-0.0004,4,3,1,1,18,False
5611,2014,0.0,2007,-0.0001,0,0,0,1,7,False
5612,2001,0.0005,2003,0.0016,2,1,1,2,-2,False
5613,2008,0.0006,1997,0.0069,2,1,1,2,11,False
5614,2014,0.0,2005,-0.0001,0,0,0,1,9,False
5615,2014,0.0003,1994,0.0001,0,0,0,1,20,False
5616,2014,0.0,2005,-0.0004,0,0,0,2,9,False
5617,2008,-0.0205,2008,-0.002,1,1,1,1,0,False
5618,2012,-0.1374,2012,-0.0383,3,3,1,3,0,False
5619,2012,-0.1857,2012,-0.2799,3,3,1,2,0,True
5620,2007,-0.4957,2007,-0.5772,2,2,1,2,0,True
5621,2007,-0.3432,2007,-0.3162,2,1,1,2,0,True
5622,2004,-0.4281,2009,-0.4455,2,2,1,2,-5,True
5623,2005,-0.5208,2004,-0.6182,3,2,1,2,1,True
5624,2004,-0.1701,2009,-0.1204,3,3,1,2,-5,True
5625,2010,-0.1637,2010,-0.102,2,1,1,2,0,True
5626,2010,0.0019,2004,-0.0194,5,2,0,2,6,False
5627,2004,-0.0229,2005,-0.0299,2,2,1,2,-1,False
5628,2011,-0.1366,2005,-0.1013,2,2,1,2,6,True
5629,2005,-0.2413,2011,-0.2288,3,2,1,2,-6,True
5630,1999,-0.0755,2004,-0.1049,4,2,1,2,-5,True
5631,2002,-0.0578,1998,-0.0625,2,2,1,2,4,True
5632,2003,-0.0271,2006,-0.0144,3,2,1,2,-3,False
5633,2003,-0.0233,2010,-0.02,3,3,1,3,-7,False
5634,2003,-0.0224,2001,-0.0648,3,3,1,1,2,False
5635,2007,-0.0272,2013,-0.0126,2,2,1,2,-6,False
5636,2005,0.0021,2013,0.0259,5,2,1,2,-8,False
5637,1997,-0.2232,1997,-0.1604,4,1,1,2,0,True
5638,1999,-0.1854,2003,-0.24,2,2,1,2,-4,True
5639,1999,-0.2498,1999,-0.3578,3,2,1,2,0,True
5640,1999,-0.2343,1999,-0.2162,2,2,1,2,0,True
5641,2012,-0.091,2010,-0.0498,2,2,2,1,2,False
5642,2010,-0.0363,2010,-0.0237,2,2,1,2,0,False
5643,2017,-0.0185,2003,-0.0604,7,1,0,1,14,False
5644,1998,-0.1651,1998,-0.0525,3,2,1,2,0,True
5645,2000,-0.1509,1995,-0.0993,4,2,1,1,5,True
5646,1994,-0.1046,2002,-0.0387,4,3,1,2,-8,False
5647,2000,-0.1269,2004,-0.1401,3,2,1,2,-4,True
5648,1996,-0.1768,1996,-0.1643,4,2,1,2,0,True
5649,2001,-0.1937,2003,-0.1181,2,2,1,2,-2,True
5650,2002,-0.1284,2002,-0.1239,2,1,1,2,0,True
5651,2002,-0.1395,2003,-0.3778,1,1,1,1,-1,True
5652,1998,-0.3035,2000,-0.2389,2,1,1,2,-2,True
5653,1998,-0.3451,1998,-0.259,3,2,1,2,0,True
5654,1994,-0.282,1998,-0.2329,3,2,2,2,-4,True
5655,1998,-0.2836,1998,-0.2711,3,1,1,2,0,True
5656,1998,-0.2038,1998,-0.2557,3,2,1,2,0,True
5657,1998,-0.088,1996,-0.0671,4,2,1,1,2,True
5658,2000,-0.1338,1998,-0.0911,3,2,1,2,2,True
5659,2001,-0.1806,2001,-0.2011,3,2,1,2,0,True
5660,1998,-0.304,1997,-0.2862,3,2,1,2,1,True
5661,1996,-0.2409,1998,-0.2534,4,3,1,2,-2,True
5662,1998,-0.2581,1997,-0.2975,3,3,1,1,1,True
5663,1998,-0.2759,2001,-0.334,2,2,1,1,-3,True
5664,1998,-0.4906,1998,-0.4475,3,2,1,2,0,True
5665,2001,-0.1951,1997,-0.1987,2,2,1,2,4,True
5666,2001,-0.1231,2001,-0.0747,1,1,1,1,0,True
5667,2003,-0.1748,2002,-0.0626,2,1,1,1,1,True
5668,2002,-0.2371,2002,-0.1885,2,1,1,1,0,True
5669,2002,-0.21,2003,-0.0836,3,2,1,2,-1,True
5670,1995,-0.0879,2004,-0.1056,3,3,1,3,-9,True
5671,2013,-0.225,2003,-0.2935,4,2,1,2,10,True
5672,2013,-0.089,2006,0.0088,4,1,1,2,7,False
5673,2006,0.0493,2006,0.0347,4,3,1,2,0,False
5674,2014,0.0,2014,0.0001,0,0,0,0,0,False
5675,2014,0.0,1999,0.0003,0,0,0,1,15,False
5676,1999,0.0226,1999,0.0088,2,2,1,2,0,False
5677,1999,0.0042,1999,0.0126,4,1,1,1,0,False
5678,2006,0.0019,1997,0.027,4,1,1,1,9,False
5679,2017,0.0299,2014,0.0224,5,2,1,2,3,False
5680,1997,-0.1706,1999,-0.1266,4,1,1,2,-2,True
5681,1997,-0.0723,1996,-0.1556,3,1,1,1,1,True
5682,1995,-0.2068,1996,-0.1064,4,2,1,1,-1,True
5683,2002,-0.3077,1997,-0.2706,3,2,1,2,5,True
5684,1998,-0.4471,1998,-0.3823,3,3,1,2,0,True
5685,2002,-0.3786,2002,-0.2337,2,2,1,2,0,True
5686,2002,-0.5213,1999,-0.5064,2,2,1,2,3,True
5687,1999,-0.6082,1998,-0.5971,2,2,1,2,1,True
5688,1999,-0.28,2000,-0.3277,2,2,1,2,-1,True
5689,2001,-0.3442,1998,-0.3975,2,2,1,2,3,True
5690,2012,-0.231,2012,-0.2064,2,2,1,1,0,True
5691,2012,-0.1735,2002,-0.0508,3,2,1,2,10,True
5692,2004,-0.0406,1996,-0.0576,3,2,1,2,8,False
5693,1996,-0.184,1995,-0.083,2,2,1,3,1,True
5694,2002,-0.1029,2002,-0.0908,2,1,1,1,0,True
5695,2002,-0.1456,2005,-0.2123,2,2,1,2,-3,True
5696,1999,0.009,1999,0.0103,4,1,1,2,0,False
5697,2002,-0.0043,2008,0.0025,4,2,2,2,-6,False
5698,2002,0.0172,1999,0.0022,5,2,1,1,3,False
5699,1998,0.0078,1999,0.0054,2,2,1,2,-1,False
5700,1997,0.0042,1999,0.0063,2,1,1,2,-2,False
5701,2008,0.0008,1999,0.0045,4,2,2,2,9,False
5702,1990,-0.0717,2019,-0.0201,4,2,2,3,-29,False
5703,2006,-0.1255,1998,-0.2268,2,2,2,2,8,True
5704,1995,-0.1407,2015,-0.1569,3,2,1,2,-20,True
5705,2001,-0.208,2008,-0.2343,3,2,2,2,-7,True
5706,2002,-0.19,2014,-0.1886,4,2,2,2,-12,True
5707,2004,-0.2059,2002,-0.1666,3,2,1,2,2,True
5708,2002,-0.138,1996,-0.1738,3,2,1,2,6,True
5709,2001,-0.1396,2008,-0.0932,3,2,1,3,-7,True
5710,2003,-0.0654,2015,-0.0307,2,1,1,1,-12,False
5711,2004,-0.1065,2013,-0.072,2,1,1,3,-9,True
5712,2003,-0.1629,2003,-0.1505,2,2,1,2,0,True
5713,2000,-0.0861,2003,-0.0913,3,2,1,3,-3,True
5714,2001,-0.2196,2001,-0.1906,3,1,1,2,0,True
5715,2001,-0.3257,2001,-0.4798,3,1,1,1,0,True
5716,2007,-0.1493,2003,-0.13,3,2,1,2,4,True
5717,2007,-0.0779,2012,-0.1206,4,3,1,3,-5,True
5718,1995,-0.1336,1998,-0.1107,3,2,1,3,-3,True
5719,1998,-0.1789,2002,-0.2353,2,2,1,2,-4,True
5720,2001,-0.1198,2011,-0.0963,3,2,1,2,-10,True
5721,2003,-0.1023,2004,-0.0997,3,2,1,2,-1,True
5722,2003,-0.1012,2000,-0.1078,3,2,1,2,3,True
5723,1999,-0.0759,2006,-0.1039,3,3,1,2,-7,True
5724,2000,-0.0546,2007,-0.0715,3,2,1,2,-7,True
5725,1999,-0.0034,2002,-0.0017,5,2,0,2,-3,False
5726,2014,0.0002,1989,0.0018,0,0,0,4,25,False
5727,2001,0.0015,2010,0.0032,4,3,1,3,-9,False
5728,2014,0.0,2008,0.0002,0,0,0,1,6,False
5729,2014,0.0,1998,-0.0004,0,0,0,1,16,False
5730,2014,0.0,2005,-0.0042,0,0,0,2,9,False
5731,2014,0.0001,2014,0.0,0,0,0,0,0,False
5732,2014,0.0,2008,-0.0003,0,0,0,1,6,False
5733,2002,-0.0771,2003,-0.0292,2,1,1,1,-1,False
5734,2009,-0.2371,2010,-0.3166,3,2,1,2,-1,True
5735,2009,-0.2798,2003,-0.2045,3,2,1,2,6,True
5736,2009,-0.4433,2000,-0.4578,3,2,1,2,9,True
5737,2003,-0.3121,2004,-0.2384,3,2,1,2,-1,True
5738,2005,-0.4655,2006,-0.5667,2,1,1,2,-1,True
5739,2003,-0.0002,2005,0.0009,4,4,0,1,-2,False
5740,2019,-0.0072,2006,-0.0024,7,4,0,3,13,False
5741,2013,-0.1147,2013,-0.0571,3,2,1,2,0,True
5742,1993,-0.0204,1997,-0.0087,3,3,1,1,-4,False
5743,2004,-0.058,1999,-0.0748,3,2,1,1,5,True
5744,2005,-0.0713,2001,-0.0712,3,2,1,2,4,True
5745,2013,-0.1361,2005,-0.0734,3,2,1,2,8,True
5746,1999,-0.049,2004,-0.039,3,2,2,3,-5,False
5747,2002,-0.0329,1998,-0.0105,3,2,1,4,4,False
5748,2003,-0.0404,1998,-0.0141,3,2,1,2,5,False
5749,2005,-0.0238,2005,-0.0109,4,2,0,1,0,False
5750,2010,-0.0447,2012,-0.1046,3,2,1,2,-2,False
5751,1994,-0.0843,2006,0.0039,4,2,1,2,-12,False
5752,1999,-0.2453,1997,-0.2779,2,2,1,2,2,True
5753,2002,-0.2081,2003,-0.1676,2,2,1,1,-1,True
5754,2006,-0.3657,2007,-0.3385,2,2,1,2,-1,True
5755,2008,-0.2317,2010,-0.2097,4,2,1,2,-2,True
5756,2010,-0.0808,2010,-0.1403,2,2,1,2,0,True
5757,2010,-0.0242,2010,-0.0135,3,1,1,2,0,False
5758,1994,-0.0889,1997,-0.0739,3,2,1,2,-3,True
5759,1995,-0.1339,1995,-0.1748,3,2,1,2,0,True
5760,2000,-0.1118,2000,-0.0731,3,1,1,2,0,True
5761,1992,-0.1119,1992,-0.1338,4,3,1,1,0,True
5762,1996,-0.034,2004,-0.0629,3,3,0,1,-8,False
5763,2003,-0.0614,2002,-0.0997,2,2,1,2,1,True
5764,2003,-0.0619,2002,-0.0743,2,1,1,1,1,True
5765,2002,-0.1339,2003,-0.2419,3,2,1,1,-1,True
5766,2002,-0.3555,2003,-0.3637,2,1,1,1,-1,True
5767,1997,-0.3434,1999,-0.3105,2,1,1,2,-2,True
5768,1998,-0.4701,1998,-0.4724,2,2,1,2,0,True
5769,1997,-0.2989,1998,-0.3093,3,1,1,1,-1,True
5770,1997,-0.1977,1996,-0.2166,3,1,1,1,1,True
5771,1998,-0.2473,1998,-0.166,3,2,1,2,0,True
5772,1994,-0.1388,1994,-0.1672,3,2,1,2,0,True
5773,1995,-0.0923,2009,-0.0082,3,1,1,2,-14,False
5774,2016,-0.1751,1997,-0.2554,4,2,2,2,19,True
5775,1998,-0.2777,1998,-0.2778,3,3,1,2,0,True
5776,1998,-0.3025,1998,-0.2927,2,2,1,2,0,True
5777,1998,-0.2797,1998,-0.4079,3,3,1,2,0,True
5778,2002,-0.2754,2002,-0.2607,3,2,1,2,0,True
5779,1997,-0.25,2003,-0.204,3,2,1,2,-6,True
5780,2002,-0.2307,2002,-0.2134,3,2,1,1,0,True
5781,2002,-0.2724,2002,-0.156,2,1,1,1,0,True
5782,2003,-0.1923,2003,-0.1322,2,2,1,2,0,True
5783,2003,-0.1268,2003,-0.1092,2,1,1,2,0,True
5784,2002,-0.1237,2002,-0.1495,2,1,1,2,0,True
5785,2001,-0.1531,2005,-0.2081,2,2,2,2,-4,True
5786,2010,-0.1952,2003,-0.1493,2,2,1,1,7,True
5787,2004,-0.0756,2005,-0.1291,3,3,1,3,-1,True
5788,2002,-0.0359,2005,-0.0418,4,2,0,3,-3,False
5789,2016,-0.0104,2006,0.0224,4,3,0,2,10,False
5790,2000,0.0026,1998,0.0007,2,1,1,1,2,False
5791,2014,0.0,2014,0.0,0,0,0,0,0,False
5792,1999,0.0041,1999,0.0181,4,1,1,1,0,False
5793,1995,-0.0982,2000,-0.0384,5,3,1,2,-5,False
5794,1994,-0.1699,1994,-0.1821,4,3,1,4,0,True
5795,1995,-0.1364,1997,-0.1758,3,2,1,1,-2,True
5796,1994,-0.0944,1995,-0.0698,3,2,1,1,-1,True
5797,1996,-0.2665,1997,-0.306,5,1,1,1,-1,True
5798,2004,-0.35,2003,-0.4882,2,2,1,1,1,True
5799,2003,-0.4011,2002,-0.3842,2,1,1,2,1,True
5800,2005,-0.253,2002,-0.2457,3,2,1,2,3,True
5801,2002,-0.3614,2002,-0.353,2,2,1,2,0,True
5802,1999,-0.5888,2000,-0.5569,2,2,1,2,-1,True
5803,1999,-0.4236,1997,-0.3512,3,2,1,2,2,True
5804,1996,-0.5502,2001,-0.5617,2,2,1,2,-5,True
5805,2002,-0.3938,2001,-0.3056,3,2,1,2,1,True
5806,2001,-0.3757,2002,-0.3985,2,2,1,2,-1,True
5807,2001,-0.1977,1996,-0.1298,3,2,1,2,5,True
5808,2002,-0.3303,2002,-0.4319,2,2,1,1,0,True
5809,2002,-0.4647,2002,-0.4215,2,1,1,2,0,True
5810,2002,-0.3584,2004,-0.4728,2,2,1,1,-2,True
5811,1997,-0.1025,1997,-0.1307,2,2,1,2,0,True
5812,1998,-0.1133,2002,-0.1309,3,3,1,2,-4,True
5813,1993,-0.0657,2002,-0.0046,4,1,1,1,-9,False
5814,1997,0.0037,1997,0.0025,3,3,1,2,0,False
5815,1998,0.0051,1999,0.0075,2,2,1,2,-1,False
5816,1998,0.0048,1999,0.001,4,1,1,2,-1,False
5817,2004,-0.0584,2002,-0.0093,3,2,1,2,2,False
5818,2001,-0.1372,2006,-0.1355,2,1,1,2,-5,True
5819,2011,-0.1521,2011,-0.1464,3,2,1,3,0,True
5820,2010,-0.0567,1999,-0.0847,3,3,1,2,11,True
5821,2001,-0.1807,2012,-0.1996,3,2,1,2,-11,True
5822,1999,-0.1761,2007,-0.1711,3,2,1,2,-8,True
5823,2005,-0.1532,2003,-0.1647,2,2,1,2,2,True
5824,2000,-0.1391,2006,-0.1475,4,2,1,2,-6,True
5825,2001,-0.1216,2003,-0.0341,3,1,1,1,-2,False
5826,2003,-0.046,1994,0.0423,3,1,1,2,9,False
5827,2001,-0.1305,2001,-0.172,3,2,1,1,0,True
5828,1999,-0.1166,2001,-0.1229,3,2,1,2,-2,True
5829,1995,-0.1363,1997,-0.1998,4,1,1,2,-2,True
5830,2001,-0.2138,2001,-0.3925,1,1,1,1,0,True
5831,2002,-0.1023,1999,-0.1553,4,2,1,2,3,True
5832,2004,-0.1061,2000,-0.0724,2,2,1,2,4,True
5833,2002,-0.1363,2003,-0.1122,3,2,1,2,-1,True
5834,2001,-0.1798,2003,-0.2794,3,2,2,2,-2,True
5835,1998,-0.1711,2001,-0.1942,2,2,1,2,-3,True
5836,2004,-0.1269,2003,-0.0873,3,2,1,2,1,True
5837,2003,-0.136,2004,-0.1489,3,1,1,1,-1,True
5838,2012,-0.1254,2013,-0.1222,2,2,1,2,-1,True
5839,2005,-0.0511,1999,-0.0594,3,3,1,2,6,True
5840,2005,-0.0205,2006,-0.0069,3,3,1,3,-1,False
5841,2002,-0.0029,2002,-0.0024,4,2,0,1,0,False
5842,1999,0.0072,1999,0.0025,3,2,1,1,0,False
5843,1999,0.0085,1999,0.001,2,2,1,2,0,False
5844,2001,-0.0016,2002,-0.0106,7,0,0,2,-1,False
5845,2001,-0.009,2001,-0.0064,3,1,1,1,0,False
5846,2014,-0.0153,2003,-0.006,0,0,0,3,11,False
5847,2014,0.0,2014,0.0001,0,0,0,0,0,False
5848,2014,0.0,1991,0.0001,0,0,0,3,23,False
5849,2002,-0.0971,2003,-0.0269,2,2,1,2,-1,False
5850,2014,0.0001,1998,0.0009,0,0,0,1,16,False
5851,2014,0.0001,2010,0.0002,0,0,0,2,4,False
5852,2014,0.0,1997,0.0015,0,0,0,2,17,False
5853,2003,-0.1275,2007,-0.2037,2,2,1,2,-4,True
5854,2003,-0.0013,2015,-0.0007,7,1,0,3,-12,False
5855,2013,-0.064,2012,-0.0686,4,2,0,3,1,True
5856,2013,-0.1469,2013,-0.0784,3,2,1,2,0,True
5857,2012,-0.0506,2013,-0.0377,4,2,1,2,-1,False
5858,2006,-0.0337,2005,-0.0153,1,1,1,1,1,False
5859,2003,-0.0544,2001,-0.0523,2,1,1,1,2,True
5860,1992,-0.0139,2012,-0.0697,3,2,0,1,-20,False
5861,2013,-0.1016,2011,-0.0757,2,2,1,2,2,True
5862,1998,-0.0902,1998,-0.0818,3,2,1,2,0,True
5863,2003,-0.0888,2005,-0.0289,2,1,1,1,-2,False
5864,2005,-0.0577,1989,-0.0226,4,1,1,2,16,False
5865,1991,-0.0605,1998,-0.0591,3,3,1,1,-7,True
5866,2009,-0.1112,2004,-0.0621,2,2,1,2,5,True
5867,2003,-0.3708,2003,-0.4366,3,2,1,1,0,True
5868,2003,-0.3338,2003,-0.4864,3,2,1,2,0,True
5869,2003,-0.4276,2003,-0.3494,3,2,1,2,0,True
5870,2005,-0.3214,2005,-0.3171,2,2,1,2,0,True
5871,2005,-0.1514,2004,-0.2305,1,1,1,1,1,True
5872,1994,-0.1192,1994,-0.1542,2,2,1,2,0,True
5873,1994,-0.0757,2003,-0.0514,3,3,1,2,-9,True
5874,2003,-0.1044,2003,-0.0832,1,1,1,1,0,True
5875,2001,-0.2408,2003,-0.2679,2,1,1,1,-2,True
5876,1997,-0.1179,2002,-0.0184,2,1,1,2,-5,False
5877,2000,-0.0584,2001,-0.086,1,1,1,1,-1,True
5878,2004,-0.1027,2003,-0.1233,2,2,1,1,1,True
5879,2000,-0.2887,2001,-0.2776,2,2,1,1,-1,True
5880,2002,-0.1885,2003,-0.1874,3,2,1,2,-1,True
5881,2001,-0.3672,1998,-0.4515,2,2,1,2,3,True
5882,1998,-0.5596,1998,-0.5226,3,2,1,2,0,True
5883,1998,-0.5764,1998,-0.5545,2,2,1,2,0,True
5884,1998,-0.3429,1998,-0.3771,3,2,1,2,0,True
5885,1995,-0.1554,2003,-0.2407,4,2,1,2,-8,True
5886,1994,-0.1703,1998,-0.1221,2,1,1,1,-4,True
5887,1994,-0.2032,1997,-0.1651,5,2,1,2,-3,True
5888,2002,-0.0992,1997,-0.1502,4,2,1,2,5,True
5889,2000,-0.1285,1998,-0.233,3,2,1,2,2,True
5890,1994,-0.225,1998,-0.2295,4,1,1,2,-4,True
5891,1998,-0.2845,1998,-0.2984,3,2,1,2,0,True
5892,1998,-0.3678,1997,-0.3841,3,2,1,2,1,True
5893,1997,-0.4017,1997,-0.4098,3,2,1,2,0,True
5894,2001,-0.423,2001,-0.4289,3,2,1,1,0,True
5895,1997,-0.5878,1997,-0.5944,3,2,1,2,0,True
5896,2002,-0.3396,2002,-0.2834,3,1,1,1,0,True
5897,2001,-0.2858,2001,-0.2088,2,1,1,2,0,True
5898,2001,-0.0752,2001,-0.0153,2,1,1,1,0,False
5899,2003,-0.153,2004,-0.1503,2,2,1,2,-1,True
5900,2003,-0.1868,2002,-0.1925,3,2,1,1,1,True
5901,2001,-0.1603,1994,-0.2165,2,1,1,2,7,True
5902,2004,-0.1391,2003,-0.1697,2,2,1,1,1,True
5903,2004,-0.1635,2004,-0.1583,2,1,1,2,0,True
5904,1994,-0.0268,2016,-0.0709,5,3,0,2,-22,False
5905,1999,0.0041,1998,0.0042,2,1,1,2,1,False
5906,2014,0.0,2014,0.0,0,0,0,0,0,False
5907,1999,0.0076,1999,0.0134,4,2,1,1,0,False
5908,2006,-0.0126,1993,-0.0262,3,2,0,2,13,False
5909,1994,-0.0764,2016,-0.0258,2,2,1,3,-22,False
5910,1994,-0.0855,2003,0.0065,4,3,1,2,-9,False
5911,1988,-0.1099,2013,0.0024,5,0,0,2,-25,False
5912,1996,-0.129,1994,-0.1154,4,2,1,2,2,True
5913,1997,-0.2063,2003,-0.1802,4,2,1,2,-6,True
5914,2005,-0.3313,2004,-0.1814,3,2,1,2,1,True
5915,2002,-0.6276,2003,-0.5686,2,1,1,1,-1,True
5916,2001,-0.4793,2002,-0.5337,2,2,1,2,-1,True
5917,2001,-0.5328,2001,-0.5307,3,1,1,2,0,True
5918,2000,-0.5408,1999,-0.5945,2,2,1,2,1,True
5919,2001,-0.5859,2002,-0.6219,2,2,1,1,-1,True
5920,2001,-0.4645,2000,-0.5507,2,2,1,2,1,True
5921,2001,-0.512,1999,-0.5342,2,2,1,2,2,True
5922,2002,-0.526,2002,-0.5484,2,2,1,2,0,True
5923,2002,-0.7185,2002,-0.7549,1,1,1,1,0,True
5924,2002,-0.4612,2003,-0.3003,2,1,1,1,-1,True
5925,2005,-0.1677,2003,-0.073,4,3,1,3,2,True
5926,1993,-0.0965,1996,-0.0585,5,2,1,2,-3,True
5927,1998,-0.0952,2004,-0.0848,4,2,1,2,-6,True
5928,2009,-0.0191,1997,-0.028,5,1,1,2,12,False
5929,2006,0.0017,1999,0.0039,3,3,1,1,7,False
5930,1999,0.0043,1999,0.0091,2,2,1,2,0,False
5931,1999,0.0082,1999,0.0087,3,2,1,2,0,False
5932,2012,-0.0176,1999,0.0043,4,1,1,1,13,False
5933,2000,-0.0631,2000,-0.0139,2,1,1,1,0,False
5934,2006,-0.0383,2010,-0.0499,3,2,2,2,-4,False
5935,2007,-0.1308,2005,-0.1464,3,2,1,2,2,True
5936,2012,-0.2596,1999,-0.2576,3,2,1,2,13,True
5937,2008,-0.2307,2006,-0.2587,3,2,1,2,2,True
5938,1999,-0.1667,2002,-0.214,3,3,1,2,-3,True
5939,2008,-0.1197,2001,-0.1223,4,3,1,2,7,True
5940,2003,-0.0786,2004,-0.0768,2,1,1,1,-1,True
5941,2009,0.0093,2009,0.0733,4,1,0,2,0,False
5942,2000,-0.0964,1995,0.0236,2,1,1,3,5,False
5943,2000,-0.1623,1999,-0.1786,2,2,1,1,1,True
5944,1998,-0.1378,1997,-0.1769,3,2,1,2,1,True
5945,2001,-0.3288,2001,-0.4313,3,1,1,1,0,True
5946,1999,-0.1748,1999,-0.1703,3,2,1,2,0,True
5947,2005,-0.0582,1998,-0.0549,2,2,1,2,7,True
5948,2003,-0.2017,2006,-0.1474,2,2,1,2,-3,True
5949,2011,-0.2649,1996,-0.2382,2,2,2,2,15,True
5950,1997,-0.1803,2003,-0.1615,3,2,2,2,-6,True
5951,2005,-0.091,2002,-0.0472,2,2,1,2,3,False
5952,2012,-0.214,2011,-0.1546,2,2,1,2,1,True
5953,2012,-0.1541,2011,-0.15,5,1,1,1,1,True
5954,2007,-0.0347,2007,-0.0651,3,2,1,2,0,False
5955,2018,-0.016,2005,-0.0079,5,3,0,1,13,False
5956,1996,-0.0013,2001,-0.002,5,2,0,2,-5,False
5957,2017,-0.0088,2001,-0.0049,4,1,0,2,16,False
5958,2005,0.0026,1999,0.002,4,2,1,2,6,False
5959,2014,0.0006,2002,-0.0027,0,0,0,2,12,False
5960,2001,-0.0125,2004,-0.0106,4,2,1,3,-3,False
5961,2014,-0.0004,2003,0.0,0,0,0,1,11,False
5962,2014,0.0,2012,0.0001,0,0,0,1,2,False
5963,2014,0.0,2014,-0.0,0,0,0,0,0,False
5964,2014,-0.0009,2004,0.0001,0,0,0,2,10,False
5965,2011,-0.0042,2001,-0.0036,3,1,1,1,10,False
5966,2014,0.0002,1999,0.0064,0,0,0,1,15,False
5967,2014,0.0,2014,0.0001,0,0,0,0,0,False
5968,2004,-0.0101,2005,-0.0143,4,2,1,2,-1,False
5969,1993,-0.041,2004,-0.0525,5,2,1,2,-11,False
5970,2004,-0.0581,2004,-0.0158,3,1,1,2,0,False
5971,1998,0.0035,2004,-0.0251,2,2,1,1,-6,False
5972,2001,-0.0243,2005,-0.0353,3,2,1,2,-4,False
5973,1993,-0.0124,1996,-0.0025,3,3,1,2,-3,False
5974,2014,0.0095,1998,0.0045,4,2,2,2,16,False
5975,2007,-0.0632,2004,-0.031,3,2,1,2,3,False
5976,2003,-0.0158,1992,-0.0334,3,2,0,3,11,False
5977,2012,-0.0099,1994,-0.0019,4,2,1,1,18,False
5978,1997,-0.0733,1999,-0.0541,3,2,2,1,-2,True
5979,2009,0.0129,2012,0.0059,3,2,1,1,-3,False
5980,1991,-0.0927,1998,-0.0611,4,1,0,2,-7,True
5981,2003,-0.4621,2005,-0.4065,3,2,1,2,-2,True
5982,2003,-0.5897,2002,-0.5369,2,2,1,1,1,True
5983,2002,-0.299,2002,-0.3186,2,2,1,2,0,True
5984,1999,-0.3735,2001,-0.3938,2,2,1,2,-2,True
5985,2003,-0.3449,2002,-0.2928,2,1,1,1,1,True
5986,2002,-0.2615,2002,-0.1813,1,1,1,1,0,True
5987,2001,-0.0451,2003,-0.0592,2,1,1,1,-2,False
5988,2001,-0.1069,2002,-0.1327,3,2,1,2,-1,True
5989,2002,-0.0497,2004,-0.0284,4,1,1,2,-2,False
5990,2004,-0.0105,1998,0.0006,2,1,1,3,6,False
5991,2001,-0.1058,2001,-0.0623,2,1,1,2,0,True
5992,2002,-0.0404,2005,-0.0292,4,1,1,1,-3,False
5993,1995,-0.2405,1995,-0.1837,3,2,1,2,0,True
5994,1996,-0.4858,1997,-0.3122,3,3,1,2,-1,True
5995,2001,-0.2978,2001,-0.2163,2,2,1,2,0,True
5996,1999,-0.4109,1998,-0.4924,2,2,1,2,1,True
5997,1998,-0.4571,1998,-0.4326,3,2,1,2,0,True
5998,1998,-0.4979,1998,-0.4533,2,2,1,2,0,True
5999,1998,-0.3731,1998,-0.3395,3,2,1,2,0,True
6000,1997,-0.2523,1997,-0.2825,2,2,1,1,0,True
6001,1995,-0.2475,1997,-0.1638,4,3,1,2,-2,True
6002,1996,-0.2195,1998,-0.2273,3,1,1,2,-2,True
6003,1998,-0.2514,1998,-0.2394,4,2,1,2,0,True
6004,1998,-0.3931,1998,-0.3278,4,2,1,2,0,True
6005,2000,-0.2553,1997,-0.3119,4,2,1,1,3,True
6006,1997,-0.4199,1997,-0.3689,3,2,1,2,0,True
6007,1998,-0.3209,1997,-0.3635,3,2,1,2,1,True
6008,2001,-0.2104,1997,-0.3483,4,2,1,2,4,True
6009,2002,-0.3892,2002,-0.3993,3,2,1,2,0,True
6010,2003,-0.2146,2004,-0.1351,4,2,1,2,-1,True
6011,2001,-0.5717,2001,-0.5901,2,2,1,2,0,True
6012,2002,-0.6057,2001,-0.599,2,2,1,2,1,True
6013,2001,-0.386,2001,-0.3553,2,2,1,2,0,True
6014,2001,-0.3371,2002,-0.4217,2,1,1,1,-1,True
6015,2000,-0.101,2002,-0.1283,4,2,1,2,-2,True
6016,2000,-0.2266,2004,-0.1843,3,2,1,2,-4,True
6017,2005,-0.1547,2006,-0.1224,3,2,1,2,-1,True
6018,2011,-0.0988,2002,-0.1444,2,2,2,1,9,True
6019,2011,-0.1149,2010,-0.1377,2,2,1,2,1,True
6020,2014,0.0,2014,-0.0005,0,0,0,0,0,False
6021,1999,0.0021,1999,0.0042,3,1,1,1,0,False
6022,1998,0.008,2011,-0.0016,4,1,1,1,-13,False
6023,2011,0.0173,1999,0.0182,3,1,1,1,12,False
6024,1994,-0.1836,1994,-0.3308,4,3,1,3,0,True
6025,2005,-0.1492,2002,-0.0947,3,2,1,2,3,True
6026,2001,-0.2905,2002,-0.305,2,2,1,2,-1,True
6027,1994,-0.1577,1993,-0.0718,4,1,1,1,1,True
6028,1995,-0.2783,1995,-0.096,3,2,1,3,0,True
6029,2002,-0.1955,2002,-0.1221,3,2,1,2,0,True
6030,2001,-0.2777,2002,-0.3443,3,1,1,1,-1,True
6031,2002,-0.5135,2003,-0.2945,2,1,1,1,-1,True
6032,2002,-0.243,2001,-0.2764,2,1,1,2,1,True
6033,2002,-0.3881,2002,-0.379,2,1,1,2,0,True
6034,2002,-0.6081,2004,-0.5999,2,2,1,2,-2,True
6035,2001,-0.584,2002,-0.6421,2,2,1,2,-1,True
6036,2001,-0.4716,1996,-0.4062,2,2,1,2,5,True
6037,2002,-0.5279,2002,-0.3595,2,1,1,1,0,True
6038,2001,-0.3786,2001,-0.3284,2,2,1,2,0,True
6039,2002,-0.4142,2002,-0.4569,2,1,1,1,0,True
6040,2002,-0.2306,1997,-0.1979,3,2,1,2,5,True
6041,2007,-0.1124,2003,-0.1136,4,2,2,2,4,True
6042,2001,-0.2579,2002,-0.156,3,2,1,2,-1,True
6043,1997,-0.1303,1998,-0.1548,3,2,1,2,-1,True
6044,1998,-0.029,2001,-0.0398,3,3,1,2,-3,False
6045,1999,0.0056,2011,0.0077,2,2,1,2,-12,False
6046,1999,0.0152,1999,0.0082,2,2,1,2,0,False
6047,1999,-0.0034,2003,0.0017,6,2,0,1,-4,False
6048,1999,-0.1572,1999,-0.0886,4,2,1,3,0,True
6049,2013,-0.2039,2012,-0.126,2,2,2,2,1,True
6050,2008,-0.1884,1999,-0.1642,3,2,2,2,9,True
6051,2010,-0.3127,2013,-0.2815,3,2,1,2,-3,True
6052,2006,-0.2969,2006,-0.2477,3,3,1,2,0,True
6053,2006,-0.1486,2000,-0.2435,3,2,1,2,6,True
6054,2001,-0.1784,2007,-0.1989,4,3,1,2,-6,True
6055,2002,-0.1394,2006,-0.0793,3,1,1,2,-4,True
6056,2004,-0.0482,1994,0.0621,3,3,1,2,10,False
6057,2014,-0.0551,1994,0.0751,3,3,1,2,20,True
6058,2005,-0.1175,1993,-0.1178,3,2,1,2,12,True
6059,2001,-0.198,2001,-0.2603,2,1,1,2,0,True
6060,2001,-0.1901,2001,-0.2045,1,1,1,1,0,True
6061,2001,-0.201,2001,-0.1162,1,1,1,2,0,True
6062,1995,-0.0412,2011,-0.1412,3,2,2,2,-16,False
6063,1999,-0.2133,2003,-0.1309,3,2,1,2,-4,True
6064,1995,-0.2563,1996,-0.2437,2,2,2,2,-1,True
6065,2002,-0.1248,2002,-0.096,3,1,1,2,0,True
6066,2002,-0.1034,2002,-0.0862,2,1,1,2,0,True
6067,2011,-0.1474,2010,-0.1566,3,1,1,2,1,True
6068,2012,-0.0966,2012,-0.0924,3,2,2,3,0,True
6069,2007,-0.0542,2007,-0.0564,4,2,1,2,0,True
6070,2007,-0.0107,2001,-0.0099,5,2,1,2,6,False
6071,2002,-0.0081,1998,-0.0055,3,2,2,2,4,False
6072,2002,-0.0299,2001,-0.0162,1,1,1,1,1,False
6073,2017,-0.0026,2003,-0.0027,5,1,0,2,14,False
6074,2000,-0.0036,2001,-0.0015,2,2,1,1,-1,False
6075,2000,-0.0037,1996,-0.0012,4,1,1,2,4,False
6076,2014,0.0,1995,-0.0002,0,0,0,0,19,False
6077,2014,0.0,1997,0.0003,0,0,0,2,17,False
6078,2006,-0.0016,2006,-0.003,5,3,0,2,0,False
6079,2014,-0.0009,2005,-0.0048,0,0,0,2,9,False
6080,1993,-0.008,2003,-0.0111,4,2,1,1,-10,False
6081,1993,-0.0062,2019,-0.0022,3,2,1,3,-26,False
6082,2014,-0.0001,1987,0.0001,0,0,0,0,27,False
6083,2004,-0.0207,2004,-0.0267,3,2,1,2,0,False
6084,1992,-0.0209,2005,-0.051,4,1,0,1,-13,False
6085,2020,-0.0493,2013,-0.0556,5,0,0,1,7,False
6086,1992,-0.0195,2002,-0.0596,4,1,0,2,-10,False
6087,2014,-0.0251,2005,-0.0255,3,2,1,1,9,False
6088,2014,-0.02,2013,-0.01,4,1,1,2,1,False
6089,2011,-0.0037,2004,-0.0146,4,2,0,1,7,False
6090,2019,-0.0472,2005,-0.0171,5,3,0,3,14,False
6091,2011,-0.0937,2012,-0.0747,3,2,1,2,-1,True
6092,2010,-0.0116,2011,-0.0073,4,1,1,2,-1,False
6093,2012,0.001,2011,0.0002,4,3,0,2,1,False
6094,2014,0.0005,2013,0.0002,0,0,0,2,1,False
6095,2011,-0.0058,1996,-0.0016,3,1,1,2,15,False
6096,2002,-0.4698,2003,-0.5621,2,2,1,2,-1,True
6097,2002,-0.4397,2003,-0.4735,3,3,1,2,-1,True
6098,2002,-0.4982,2003,-0.5148,3,2,1,2,-1,True
6099,2004,-0.3763,2004,-0.3757,3,2,1,2,0,True
6100,2003,-0.3147,2002,-0.2245,2,1,1,2,1,True
6101,2003,-0.1117,2003,-0.1182,3,2,1,1,0,True
6102,1997,-0.2155,2003,-0.1427,2,2,1,1,-6,True
6103,1997,-0.3319,1999,-0.2905,2,2,1,2,-2,True
6104,2000,-0.0724,2014,-0.0568,4,3,1,2,-14,True
6105,2000,-0.124,2001,-0.0972,3,1,1,1,-1,True
6106,2000,-0.1178,1997,-0.1858,2,1,1,2,3,True
6107,2005,-0.081,2011,-0.0029,2,2,2,3,-6,False
6108,1996,-0.2585,1997,-0.3294,4,2,1,1,-1,True
6109,2002,-0.2137,2002,-0.187,3,3,1,2,0,True
6110,1998,-0.2884,1998,-0.2956,3,2,1,2,0,True
6111,1998,-0.4138,1998,-0.2838,3,3,1,2,0,True
6112,2000,-0.3842,2000,-0.4005,2,2,1,2,0,True
6113,1998,-0.4329,1998,-0.3716,3,2,1,2,0,True
6114,1998,-0.2513,1997,-0.2667,4,2,1,2,1,True
6115,1998,-0.1763,1998,-0.1502,4,2,1,2,0,True
6116,1996,-0.2059,1997,-0.2116,4,1,1,2,-1,True
6117,1996,-0.2605,1996,-0.3668,4,2,1,2,0,True
6118,1997,-0.363,1998,-0.3093,4,1,1,1,-1,True
6119,1998,-0.4902,1998,-0.5044,3,2,1,2,0,True
6120,1998,-0.5147,1997,-0.4861,3,2,1,2,1,True
6121,1998,-0.322,1997,-0.2845,4,2,1,1,1,True
6122,2001,-0.2473,1998,-0.3185,4,2,1,2,3,True
6123,2001,-0.0799,2005,-0.025,4,3,1,2,-4,False
6124,1995,-0.0411,1994,-0.0265,3,2,0,2,1,False
6125,1996,-0.0579,1996,-0.0452,3,2,1,2,0,False
6126,2002,-0.2763,2002,-0.1318,2,2,1,1,0,True
6127,2002,-0.5134,2003,-0.5498,2,2,1,1,-1,True
6128,2001,-0.6204,2001,-0.5963,2,2,1,2,0,True
6129,2003,-0.387,2004,-0.2056,2,2,1,2,-1,True
6130,2003,-0.1766,2007,-0.2298,3,2,1,2,-4,True
6131,1996,-0.4216,1996,-0.389,4,2,1,2,0,True
6132,1994,-0.3286,1995,-0.2309,4,3,1,2,-1,True
6133,2002,-0.2137,2001,-0.2983,4,2,1,2,1,True
6134,2007,-0.0255,2007,-0.0024,1,1,1,1,0,False
6135,2014,0.0,2014,-0.0,0,0,0,0,0,False
6136,1999,0.0015,1999,0.0028,1,1,1,1,0,False
6137,1999,0.0098,1999,0.0047,2,2,1,2,0,False
6138,1999,0.0106,1999,0.0138,3,1,1,2,0,False
6139,2005,-0.1141,2005,-0.0309,2,2,1,2,0,False
6140,2004,-0.3362,2002,-0.2832,2,1,1,2,2,True
6141,2004,-0.3405,2002,-0.2518,2,2,1,1,2,True
6142,1998,-0.3488,1996,-0.2629,2,2,1,2,2,True
6143,1995,-0.2941,1997,-0.2689,2,2,2,2,-2,True
6144,1994,-0.4034,1995,-0.3365,3,2,1,2,-1,True
6145,2005,-0.1277,2005,-0.1774,3,2,1,1,0,True
6146,2002,-0.339,2002,-0.3485,2,2,1,2,0,True
6147,2004,-0.3136,2004,-0.3641,2,2,1,1,0,True
6148,2012,-0.2007,2001,-0.1897,3,2,2,2,11,True
6149,2004,-0.4705,2002,-0.4475,3,2,1,2,2,True
6150,2002,-0.4264,2002,-0.3423,3,2,1,2,0,True
6151,2000,-0.3507,1999,-0.3754,3,2,1,2,1,True
6152,1997,-0.4615,1997,-0.4562,3,2,1,1,0,True
6153,1996,-0.3287,1996,-0.2422,4,2,1,1,0,True
6154,1998,-0.4298,1997,-0.4727,3,2,1,2,1,True
6155,1996,-0.474,2000,-0.4349,3,2,1,2,-4,True
6156,1996,-0.3335,2002,-0.2677,2,2,1,2,-6,True
6157,2001,-0.2657,2002,-0.3473,2,2,1,1,-1,True
6158,2001,-0.1129,2000,-0.0488,3,3,1,2,1,False
6159,2006,-0.094,2003,-0.0744,2,2,1,2,3,True
6160,1996,0.0045,1999,0.004,3,2,1,2,-3,False
6161,1999,0.0085,1999,0.0154,2,2,2,2,0,False
6162,2005,-0.0734,2006,-0.039,2,2,1,2,-1,False
6163,2005,-0.189,1997,-0.2162,3,3,1,3,8,True
6164,1998,-0.1796,2000,-0.1901,3,2,1,1,-2,True
6165,2000,-0.2505,1999,-0.1741,3,1,1,2,1,True
6166,1996,-0.2688,1996,-0.2638,3,3,1,2,0,True
6167,2000,-0.222,2002,-0.2179,3,2,1,2,-2,True
6168,2000,-0.2324,2000,-0.2267,4,2,1,2,0,True
6169,2004,-0.2294,2004,-0.1984,3,2,1,2,0,True
6170,2015,-0.1933,2017,-0.0848,4,2,1,3,-2,True
6171,2004,-0.1511,2005,-0.1761,3,2,1,2,-1,True
6172,2005,-0.1193,2004,-0.0114,3,2,1,2,1,False
6173,2003,-0.206,2005,-0.0926,3,2,1,2,-2,True
6174,1993,-0.1808,2002,-0.1555,3,2,2,2,-9,True
6175,2001,-0.2103,2002,-0.1642,2,2,1,2,-1,True
6176,2001,-0.1227,2001,-0.1565,1,1,1,1,0,True
6177,2002,-0.1326,2005,-0.122,2,2,1,2,-3,True
6178,2011,-0.147,2002,-0.2065,3,2,2,2,9,True
6179,2011,-0.2655,2012,-0.1617,2,2,2,2,-1,True
6180,1995,-0.1658,2003,-0.1327,3,3,1,2,-8,True
6181,2000,-0.0761,2009,-0.0633,3,2,1,2,-9,True
6182,2002,-0.0937,2010,-0.1606,3,2,1,2,-8,True
6183,1995,-0.049,2011,-0.0811,2,2,2,2,-16,False
6184,2008,-0.0631,2006,-0.0901,3,2,2,2,2,True
6185,2005,-0.063,2004,-0.0883,2,1,1,1,1,True
6186,2005,-0.042,2005,-0.0158,2,1,1,1,0,False
6187,2006,-0.0403,2001,-0.0322,3,2,1,2,5,False
6188,2006,-0.0241,2001,-0.0121,3,2,1,1,5,False
6189,2014,-0.0942,2012,-0.0242,0,0,0,1,2,False
6190,2012,-0.1289,2012,-0.0418,5,2,1,1,0,False
6191,2007,-0.0116,2008,-0.001,2,2,2,3,-1,False
6192,2002,-0.0205,2004,-0.0078,2,2,1,2,-2,False
6193,2021,-0.0737,2013,-0.0439,0,0,0,2,8,False
6194,1999,-0.0047,2002,-0.0012,2,1,1,1,-3,False
6195,2006,0.0008,1995,0.0001,2,2,1,2,11,False
6196,1993,0.0013,1996,0.0016,6,2,1,2,-3,False
6197,2014,-0.0002,2005,-0.0004,0,0,0,2,9,False
6198,1996,-0.0021,2011,-0.0111,4,2,0,2,-15,False
6199,2004,-0.0167,2011,-0.012,4,3,1,1,-7,False
6200,2015,-0.0236,2005,-0.0105,5,3,1,2,10,False
6201,2001,-0.0392,2004,-0.042,1,1,1,2,-3,False
6202,2002,-0.0384,2003,-0.0307,2,1,1,1,-1,False
6203,2014,-0.0629,2008,-0.0335,3,2,1,2,6,False
6204,2009,-0.1457,2012,-0.1209,2,2,1,2,-3,True
6205,2004,-0.0452,2007,-0.0746,3,2,1,2,-3,False
6206,2011,-0.0695,2012,-0.0946,3,1,1,2,-1,True
6207,2012,-0.0446,2013,-0.0479,3,2,1,2,-1,False
6208,2011,-0.0035,2011,-0.0029,4,3,1,2,0,False
6209,2014,0.0002,2006,-0.003,0,0,0,2,8,False
6210,2014,0.0,1997,0.0004,0,0,0,1,17,False
6211,1994,-0.4034,1993,-0.3621,4,3,2,2,1,True
6212,2007,-0.3521,2003,-0.3622,3,2,1,2,4,True
6213,2002,-0.4157,2004,-0.3184,2,2,1,2,-2,True
6214,1997,-0.1335,1996,-0.1815,3,2,1,2,1,True
6215,2003,-0.2534,2003,-0.3419,2,2,1,1,0,True
6216,2002,-0.3347,2001,-0.4664,2,2,1,2,1,True
6217,1997,-0.3408,1997,-0.2923,3,3,1,3,0,True
6218,1994,-0.2581,1999,-0.249,3,2,1,2,-5,True
6219,2000,-0.1751,2000,-0.1152,3,3,1,2,0,True
6220,1996,-0.1107,1998,-0.1922,2,2,1,2,-2,True
6221,2000,-0.236,2002,-0.2165,2,1,1,2,-2,True
6222,2003,-0.3244,2004,-0.3399,1,1,1,1,-1,True
6223,1994,-0.0849,2006,-0.1518,4,2,2,1,-12,True
6224,2001,-0.3272,2003,-0.3406,2,1,1,1,-2,True
6225,1998,-0.4102,1998,-0.3851,3,2,1,2,0,True
6226,1998,-0.4227,1997,-0.3602,3,2,1,2,1,True
6227,1998,-0.4247,1998,-0.4732,3,2,1,2,0,True
6228,1997,-0.4017,1998,-0.4197,4,2,1,3,-1,True
6229,2003,-0.2415,2000,-0.228,3,2,1,2,3,True
6230,1998,-0.256,1998,-0.2858,4,3,1,2,0,True
6231,1996,-0.2291,1998,-0.2279,4,2,1,2,-2,True
6232,2001,-0.2906,2000,-0.2321,2,2,1,2,1,True
6233,1998,-0.36,1999,-0.3662,3,2,1,2,-1,True
6234,1998,-0.4441,1998,-0.4638,3,2,1,2,0,True
6235,1997,-0.4301,1996,-0.3573,4,2,1,2,1,True
6236,1997,-0.4076,1997,-0.3742,4,2,1,2,0,True
6237,1997,-0.2595,1997,-0.3368,5,2,1,1,0,True
6238,1998,-0.1885,1998,-0.3536,3,2,1,2,0,True
6239,1998,-0.2477,1996,-0.1961,2,2,1,2,2,True
6240,2000,-0.3896,1997,-0.3278,2,2,1,2,3,True
6241,2001,-0.3365,2002,-0.2149,3,1,1,1,-1,True
6242,2002,-0.4107,2002,-0.4504,3,1,1,1,0,True
6243,2002,-0.5445,2003,-0.5188,3,2,1,2,-1,True
6244,2005,-0.385,2007,-0.4681,3,2,1,2,-2,True
6245,2000,-0.304,2010,-0.3782,2,2,2,2,-10,True
6246,1997,-0.2789,1997,-0.4042,2,2,1,2,0,True
6247,1996,-0.5024,1996,-0.5114,3,2,1,2,0,True
6248,1995,-0.4016,2003,-0.2551,2,2,2,2,-8,True
6249,2007,-0.0322,2003,-0.1699,1,1,1,3,4,False
6250,2014,-0.0008,2014,-0.001,0,0,0,0,0,False
6251,2014,0.0001,2010,0.0,0,0,0,2,4,False
6252,1999,0.0012,1999,0.0007,2,1,1,1,0,False
6253,1999,0.0012,1999,0.004,4,1,1,2,0,False
6254,2021,0.0019,1999,0.0011,5,0,0,2,22,False
6255,2004,-0.2728,2004,-0.1603,1,1,1,1,0,True
6256,2014,0.0,2014,0.0,0,0,0,0,0,False
6257,2002,-0.0729,2003,-0.0915,2,2,1,1,-1,True
6258,2003,-0.1043,2003,-0.0527,1,1,1,1,0,True
6259,1996,-0.1641,2002,-0.1865,3,3,1,2,-6,True
6260,2008,-0.058,2007,-0.1356,2,2,1,2,1,True
6261,2002,-0.2956,2003,-0.1103,2,2,1,1,-1,True
6262,2003,-0.3564,2003,-0.3476,2,1,1,1,0,True
6263,2004,-0.0992,2005,-0.0486,2,1,1,1,-1,False
6264,2002,-0.327,2002,-0.364,2,1,1,1,0,True
6265,2002,-0.2881,2003,-0.2879,2,1,1,1,-1,True
6266,2003,-0.4247,2004,-0.5663,2,1,1,1,-1,True
6267,1996,-0.5079,1997,-0.4479,2,2,1,2,-1,True
6268,1996,-0.424,1997,-0.2725,2,2,1,2,-1,True
6269,1996,-0.4206,1996,-0.3532,4,2,1,2,0,True
6270,2002,-0.3288,2002,-0.2477,3,2,1,2,0,True
6271,1996,-0.4327,2001,-0.4738,2,2,1,2,-5,True
6272,2001,-0.1577,2001,-0.0939,1,1,1,1,0,True
6273,2016,-0.1966,2002,-0.1404,3,2,0,2,14,True
6274,2005,-0.0825,1996,-0.1599,3,2,1,3,9,True
6275,2004,-0.0007,1999,0.004,5,2,0,1,5,False
6276,1997,0.0097,1999,0.0182,4,1,1,2,-2,False
6277,1990,-0.105,2017,-0.0304,4,2,0,3,-27,False
6278,2008,-0.1824,2003,-0.1492,4,2,2,2,5,True
6279,1998,-0.278,2004,-0.1688,3,2,1,3,-6,True
6280,2000,-0.3142,1999,-0.3033,3,2,1,2,1,True
6281,1998,-0.3147,1997,-0.3364,2,2,1,2,1,True
6282,1997,-0.205,2003,-0.2332,3,2,1,2,-6,True
6283,2002,-0.2983,2008,-0.1831,2,2,1,2,-6,True
6284,2000,-0.2105,2000,-0.1777,3,2,1,2,0,True
6285,2011,-0.1065,2002,-0.0908,2,1,1,3,9,True
6286,2003,-0.1035,2005,-0.136,3,1,1,2,-2,True
6287,2018,-0.04,1994,0.0186,5,1,1,3,24,False
6288,2013,-0.1205,2005,-0.2057,3,2,1,2,8,True
6289,2003,-0.1908,2005,-0.1887,3,3,1,2,-2,True
6290,2001,-0.2782,2001,-0.3102,2,1,1,2,0,True
6291,2001,-0.1211,2001,-0.1464,2,1,1,1,0,True
6292,2002,-0.0493,2001,-0.0628,3,2,1,2,1,False
6293,2002,-0.1553,2002,-0.233,3,3,1,3,0,True
6294,2000,-0.083,2000,-0.0441,3,3,2,2,0,False
6295,2009,-0.1275,2009,-0.0979,3,2,2,2,0,True
6296,2009,-0.0942,2001,-0.102,2,2,1,2,8,True
6297,2000,-0.0909,2002,-0.0882,3,2,1,1,-2,True
6298,2008,-0.0662,2008,-0.0763,2,2,2,2,0,True
6299,2009,-0.0501,2008,-0.0628,3,2,2,2,1,True
6300,2007,-0.0363,2002,-0.0165,2,2,1,1,5,False
6301,2006,-0.0205,2005,-0.0151,1,1,1,1,1,False
6302,2008,-0.0181,2009,-0.0187,2,1,1,3,-1,False
6303,2008,-0.0235,2001,-0.0174,3,2,1,2,7,False
6304,2001,-0.0363,2000,-0.022,2,1,1,1,1,False
6305,2012,-0.1345,2012,-0.063,3,2,1,1,0,True
6306,2001,-0.0186,2002,-0.0171,2,1,1,3,-1,False
6307,2005,-0.0465,2001,-0.015,2,2,1,2,4,False
6308,2009,-0.0284,2005,-0.0081,2,1,1,2,4,False
6309,1994,-0.0049,1996,-0.0071,3,2,1,1,-2,False
6310,2014,-0.0003,2002,-0.001,0,0,0,1,12,False
6311,1999,0.0014,1999,0.003,3,3,1,1,0,False
6312,1994,-0.0015,1999,0.0008,6,1,0,2,-5,False
6313,2011,-0.0184,2005,-0.0323,7,2,0,3,6,False
6314,1997,-0.0287,1996,-0.0061,5,2,1,2,1,False
6315,1998,-0.0346,1998,-0.0151,2,1,1,2,0,False
6316,2003,-0.2217,2003,-0.1941,3,3,1,2,0,True
6317,2003,-0.0788,2003,-0.0554,2,2,2,3,0,True
6318,2005,-0.267,2005,-0.3772,2,2,1,2,0,True
6319,2008,-0.1196,2012,-0.0726,4,2,1,2,-4,True
6320,2009,-0.1346,2009,-0.0956,3,1,1,1,0,True
6321,2000,-0.0616,2012,-0.1132,3,1,1,2,-12,True
6322,2004,-0.0464,2001,-0.0322,2,2,1,1,3,False
6323,2011,-0.0112,1997,-0.0087,5,3,1,1,14,False
6324,2000,-0.0044,1997,-0.0162,4,1,1,1,3,False
6325,2008,-0.0061,2008,-0.0073,3,2,1,2,0,False
6326,2004,-0.1562,1993,-0.0382,3,3,1,2,11,False
6327,2002,-0.3695,2002,-0.4145,2,1,1,2,0,True
6328,2003,-0.3678,2004,-0.5011,2,1,1,1,-1,True
6329,2003,-0.2889,2000,-0.2147,3,2,1,2,3,True
6330,1997,-0.3131,1997,-0.282,3,2,1,3,0,True
6331,2001,-0.343,2000,-0.4171,3,2,1,2,1,True
6332,2000,-0.3106,2000,-0.3771,3,2,1,2,0,True
6333,2000,-0.1831,1994,-0.1719,3,2,1,2,6,True
6334,2000,-0.3217,1999,-0.3739,3,2,1,2,1,True
6335,1996,-0.5928,1996,-0.525,3,2,1,2,0,True
6336,1996,-0.3967,1998,-0.3281,2,2,2,2,-2,True
6337,1996,-0.2069,2004,-0.0916,3,2,1,2,-8,True
6338,2003,-0.3991,2001,-0.4908,2,1,1,1,2,True
6339,2003,-0.3979,2003,-0.4307,2,1,1,1,0,True
6340,2001,-0.1981,1996,-0.2001,3,2,1,2,5,True
6341,1998,-0.1952,1997,-0.2921,4,2,1,1,1,True
6342,1997,-0.3672,1997,-0.3288,3,1,1,1,0,True
6343,1998,-0.2262,1997,-0.2869,4,3,1,3,1,True
6344,2000,-0.3014,2001,-0.3129,3,2,1,2,-1,True
6345,1997,-0.3614,1997,-0.3603,3,1,1,1,0,True
6346,2001,-0.3034,1998,-0.3314,3,2,1,2,3,True
6347,2000,-0.272,2000,-0.2518,2,1,1,2,0,True
6348,2002,-0.3323,2002,-0.4149,2,2,1,2,0,True
6349,1998,-0.5504,1998,-0.5784,3,2,1,2,0,True
6350,1998,-0.4359,1998,-0.4204,4,2,1,2,0,True
6351,1998,-0.3982,1997,-0.3816,4,2,1,2,1,True
6352,1996,-0.4258,1997,-0.2942,4,1,1,1,-1,True
6353,1997,-0.323,1997,-0.3372,4,2,1,1,0,True
6354,1998,-0.3449,1997,-0.4178,3,2,1,2,1,True
6355,2002,-0.3999,1999,-0.4417,3,2,1,2,3,True
6356,2001,-0.4853,1997,-0.3925,2,1,1,2,4,True
6357,2002,-0.2665,2002,-0.2744,2,2,1,1,0,True
6358,2002,-0.4309,2001,-0.4447,2,1,1,1,1,True
6359,2007,-0.2914,2007,-0.2607,2,2,1,1,0,True
6360,2010,-0.2295,2002,-0.1561,2,2,2,1,8,True
6361,2004,-0.1121,2003,-0.1636,3,2,1,2,1,True
6362,2003,-0.3857,2004,-0.2314,2,2,1,2,-1,True
6363,1996,-0.1606,2003,-0.2028,3,2,1,2,-7,True
6364,2001,-0.0345,2004,-0.0077,3,1,1,1,-3,False
6365,2014,0.0,2012,-0.002,0,0,0,2,2,False
6366,2014,-0.0002,2014,-0.0,0,0,0,0,0,False
6367,2014,0.0,2014,0.0,0,0,0,0,0,False
6368,2013,-0.0004,2002,0.0041,5,1,1,2,11,False
6369,2014,0.0007,1999,0.0018,3,2,2,2,15,False
6370,2014,0.0,2014,0.0,0,0,0,0,0,False
6371,2014,0.0,2014,-0.0,0,0,0,0,0,False
6372,2004,-0.071,2004,-0.0514,2,2,1,1,0,True
6373,2012,-0.0514,2011,-0.051,4,2,1,1,1,True
6374,2005,-0.1121,2004,-0.1242,3,2,1,1,1,True
6375,2005,-0.0998,2006,-0.1769,2,2,1,2,-1,True
6376,2002,-0.1439,2002,-0.1206,2,1,1,1,0,True
6377,2003,-0.309,2003,-0.4059,1,1,1,1,0,True
6378,2004,-0.4792,2002,-0.3664,2,1,1,1,2,True
6379,2004,-0.4745,2003,-0.4513,1,1,1,1,1,True
6380,2003,-0.3614,2003,-0.1902,1,1,1,1,0,True
6381,2003,-0.4242,2003,-0.4819,1,1,1,1,0,True
6382,2003,-0.3556,2003,-0.4766,2,2,1,1,0,True
6383,1995,-0.18,2004,-0.3021,3,2,1,2,-9,True
6384,1996,-0.4065,1997,-0.4118,4,2,1,2,-1,True
6385,1998,-0.4168,1998,-0.318,3,2,1,2,0,True
6386,1997,-0.3631,1995,-0.2919,3,2,1,2,2,True
6387,2000,-0.2584,2000,-0.2053,4,2,1,3,0,True
6388,2017,-0.1277,2004,-0.1574,4,2,0,3,13,True
6389,1998,-0.0873,1988,-0.0642,3,2,1,1,10,True
6390,2007,-0.0409,2012,-0.0193,3,3,0,1,-5,False
6391,1989,0.0082,1999,0.0075,6,3,0,1,-10,False
6392,2010,-0.0577,2008,-0.0066,3,2,1,1,2,False
6393,2005,-0.2397,1996,-0.2073,3,2,1,2,9,True
6394,2001,-0.3296,2001,-0.3131,3,2,1,2,0,True
6395,1999,-0.2638,1997,-0.2384,4,2,1,3,2,True
6396,1998,-0.2722,2003,-0.2106,3,2,1,2,-5,True
6397,1997,-0.2256,2005,-0.1938,3,2,1,2,-8,True
6398,1999,-0.196,2008,-0.1925,3,2,2,2,-9,True
6399,2005,-0.1532,2002,-0.1028,4,2,1,2,3,True
6400,2007,-0.1343,2014,-0.132,2,2,1,2,-7,True
6401,2004,-0.1591,2006,-0.0905,2,2,1,1,-2,True
6402,2004,-0.0654,2003,-0.0737,3,1,1,1,1,True
6403,2006,-0.167,2006,-0.2133,2,2,1,2,0,True
6404,2004,-0.1145,2002,-0.1432,3,2,1,2,2,True
6405,1999,-0.076,2000,-0.1123,3,2,1,2,-1,True
6406,1999,-0.0249,1999,-0.0436,4,1,1,2,0,False
6407,2002,-0.021,2001,-0.0316,4,2,1,2,1,False
6408,1991,-0.0093,2003,-0.0168,6,3,0,1,-12,False
6409,2000,-0.0655,2000,-0.0401,2,2,1,1,0,False
6410,2012,-0.1037,2013,-0.1077,3,2,1,2,-1,True
6411,2001,-0.1476,1995,-0.1122,3,2,1,2,6,True
6412,2001,-0.0731,1998,-0.0488,2,2,1,2,3,False
6413,1994,-0.0469,1995,-0.0617,3,3,1,3,-1,False
6414,1993,-0.0659,1994,-0.0604,4,1,1,1,-1,True
6415,2007,-0.0125,2001,-0.0121,3,1,1,2,6,False
6416,2005,-0.0031,2006,-0.0054,3,2,1,2,-1,False
6417,1999,-0.0146,1999,-0.0037,2,2,1,2,0,False
6418,2001,-0.0195,2004,-0.0118,2,1,1,1,-3,False
6419,2001,-0.0545,2000,-0.0175,2,2,1,2,1,False
6420,1998,-0.019,2000,-0.0132,3,2,1,1,-2,False
6421,1989,-0.0064,2001,-0.0085,6,1,0,2,-12,False
6422,2001,-0.0242,2003,-0.0132,3,1,1,2,-2,False
6423,2001,-0.0302,2002,-0.0274,2,1,1,2,-1,False
6424,2005,-0.0101,2002,-0.0148,2,2,1,1,3,False
6425,2008,-0.0113,2011,-0.0112,2,2,1,2,-3,False
6426,2015,-0.0022,2014,-0.0009,3,3,0,3,1,False
6427,2005,-0.0629,2009,-0.0916,3,2,1,2,-4,True
6428,2009,-0.152,2009,-0.0354,3,2,1,2,0,False
6429,2011,-0.2834,2004,-0.3368,2,2,1,2,7,True
6430,1998,-0.2036,2011,-0.3368,3,2,2,2,-13,True
6431,2009,-0.434,2011,-0.6358,2,2,1,2,-2,True
6432,2008,-0.47,2009,-0.6499,3,1,1,2,-1,True
6433,2009,-0.5273,2009,-0.4074,3,2,1,2,0,True
6434,2009,-0.5116,2009,-0.3683,2,2,1,2,0,True
6435,2009,-0.5734,2009,-0.6061,3,2,1,2,0,True
6436,2009,-0.1994,2009,-0.1288,2,2,1,1,0,True
6437,2011,-0.0248,2009,-0.019,2,2,1,2,2,False
6438,1995,-0.0194,1993,-0.0243,2,1,1,3,2,False
6439,2011,-0.0186,2011,-0.0105,3,2,1,1,0,False
6440,2008,-0.0172,2006,-0.0169,2,2,1,2,2,False
6441,2002,-0.1446,2006,-0.0747,2,1,1,2,-4,True
6442,2002,-0.2896,2002,-0.2381,2,1,1,3,0,True
6443,2002,-0.397,2003,-0.4318,3,2,1,1,-1,True
6444,2002,-0.3612,1998,-0.401,3,2,1,2,4,True
6445,1998,-0.3114,2001,-0.2551,3,2,1,2,-3,True
6446,1997,-0.1415,1997,-0.1066,4,3,1,2,0,True
6447,1999,-0.2467,1998,-0.2719,4,2,1,2,1,True
6448,2001,-0.2205,2002,-0.2028,2,2,1,2,-1,True
6449,2000,-0.3491,2000,-0.3646,2,2,1,2,0,True
6450,1994,-0.3437,2003,-0.1258,2,2,2,2,-9,True
6451,1998,-0.3881,1998,-0.4432,2,2,1,2,0,True
6452,2001,-0.4443,1999,-0.4103,2,2,1,2,2,True
6453,1998,-0.3594,1999,-0.3879,2,2,1,2,-1,True
6454,1996,-0.3646,1998,-0.3582,4,3,1,2,-2,True
6455,1999,-0.2625,1998,-0.4229,2,2,1,2,1,True
6456,1997,-0.2226,1997,-0.2535,3,2,1,2,0,True
6457,1996,-0.2064,1998,-0.3034,4,1,1,2,-2,True
6458,1998,-0.2004,1998,-0.1763,5,2,1,2,0,True
6459,1999,-0.248,1998,-0.2221,3,2,1,2,1,True
6460,1998,-0.4126,1997,-0.4256,3,2,1,1,1,True
6461,1999,-0.3809,1999,-0.3354,2,2,1,2,0,True
6462,2001,-0.532,2001,-0.5594,2,1,1,1,0,True
6463,2001,-0.4614,2002,-0.4738,2,1,1,2,-1,True
6464,2000,-0.4696,1999,-0.5177,3,2,1,2,1,True
6465,1998,-0.5019,1998,-0.5002,3,2,1,2,0,True
6466,1994,-0.4082,1998,-0.4061,4,2,2,2,-4,True
6467,1994,-0.3179,1997,-0.2299,5,1,1,1,-3,True
6468,1998,-0.2666,1998,-0.2397,4,2,1,2,0,True
6469,2001,-0.3685,2000,-0.3359,2,2,1,2,1,True
6470,2001,-0.423,2002,-0.3976,3,2,1,2,-1,True
6471,2005,-0.3016,2005,-0.2842,2,2,1,1,0,True
6472,1997,-0.1715,1997,-0.2253,3,2,2,2,0,True
6473,2007,-0.052,2002,-0.0606,2,2,1,2,5,True
6474,2004,-0.1805,2004,-0.1747,2,2,1,1,0,True
6475,2005,-0.1292,2006,-0.0535,3,2,1,2,-1,True
6476,2003,-0.1242,2005,-0.0774,2,2,1,2,-2,True
6477,2003,-0.2659,2002,-0.3917,2,2,1,2,1,True
6478,2000,-0.2145,2001,-0.2668,3,2,1,2,-1,True
6479,2002,-0.0449,2004,-0.0547,1,1,1,1,-2,False
6480,2014,-0.0017,2010,-0.0007,0,0,0,2,4,False
6481,2002,0.0004,2012,-0.0002,2,2,0,3,-10,False
6482,2014,0.0,2014,0.0,0,0,0,0,0,False
6483,2014,0.0,2014,0.0,0,0,0,0,0,False
6484,2014,0.0,2014,-0.0,0,0,0,0,0,False
6485,1999,0.0008,1999,0.0015,2,1,1,2,0,False
6486,1999,0.0006,1999,0.0017,2,1,1,1,0,False
6487,2014,-0.0125,2014,-0.0044,0,0,0,0,0,False
6488,2007,0.0056,1999,0.0012,2,1,1,2,8,False
6489,2004,-0.0915,2005,-0.1442,3,1,1,1,-1,True
6490,2006,-0.1754,2005,-0.2823,2,1,1,1,1,True
6491,2002,-0.132,2002,-0.2021,3,2,1,2,0,True
6492,1996,-0.3187,2002,-0.4882,3,3,1,2,-6,True
6493,2006,-0.3973,2006,-0.3002,3,1,1,1,0,True
6494,2005,-0.5464,2006,-0.3823,2,1,1,2,-1,True
6495,2002,-0.5488,2003,-0.57,2,1,1,1,-1,True
6496,2007,-0.213,2005,-0.2758,3,2,1,1,2,True
6497,2003,-0.2018,2003,-0.0848,2,2,1,2,0,True
6498,2004,-0.2726,2002,-0.2503,3,2,1,1,2,True
6499,1998,-0.219,2002,-0.2581,3,2,1,2,-4,True
6500,1998,-0.3887,2000,-0.3393,3,2,1,2,-2,True
6501,1996,-0.4984,1996,-0.5178,3,2,1,1,0,True
6502,2007,-0.1262,2004,-0.1807,4,2,1,2,3,True
6503,2018,-0.0621,2018,-0.0456,6,2,0,2,0,False
6504,2010,0.014,2010,0.0094,2,1,1,2,0,False
6505,1998,-0.0435,1997,-0.0068,6,1,1,1,1,False
6506,2004,0.0142,2010,0.0006,3,2,1,2,-6,False
6507,1997,-0.0398,1999,0.0056,3,2,1,2,-2,False
6508,2012,-0.2131,1996,-0.1917,4,2,2,2,16,True
6509,1996,-0.2032,1997,-0.2726,4,2,1,2,-1,True
6510,2005,-0.2062,2005,-0.2132,3,1,1,2,0,True
6511,2008,-0.2098,1996,-0.2775,3,2,1,2,12,True
6512,1998,-0.2622,1997,-0.3472,3,2,1,2,1,True
6513,2005,-0.1949,2007,-0.1767,3,2,1,2,-2,True
6514,2007,-0.1316,2000,-0.0849,2,2,1,1,7,True
6515,1996,-0.2767,1997,-0.1781,2,2,1,2,-1,True
6516,1995,-0.2273,2003,-0.1413,3,2,1,2,-8,True
6517,2004,-0.124,2012,-0.1344,4,2,1,2,-8,True
6518,2011,-0.1168,2003,-0.1327,3,2,1,2,8,True
6519,1999,-0.0965,1999,-0.0836,2,2,1,2,0,True
6520,2000,-0.2043,2003,-0.2081,3,2,1,2,-3,True
6521,2003,-0.0609,2001,-0.0622,3,2,1,3,2,True
6522,2013,-0.0334,2003,-0.0196,3,2,1,2,10,False
6523,2004,-0.0162,2004,-0.0077,3,2,1,2,0,False
6524,1998,-0.0273,2000,-0.0165,4,1,1,1,-2,False
6525,2001,-0.1433,2001,-0.0844,2,2,1,2,0,True
6526,2003,-0.1783,2002,-0.1442,3,2,1,2,1,True
6527,2003,-0.0868,2009,-0.0728,3,1,1,2,-6,True
6528,2009,-0.0242,2008,-0.0649,5,1,0,1,1,False
6529,2009,-0.0378,1994,-0.043,3,2,1,2,15,False
6530,1996,-0.0351,2004,-0.0521,3,1,1,2,-8,False
6531,2004,-0.0154,2002,-0.0088,3,2,1,1,2,False
6532,2009,-0.0194,2001,-0.019,2,2,1,2,8,False
6533,1999,-0.0117,2000,-0.0068,2,1,1,2,-1,False
6534,2009,-0.1287,2004,-0.1499,3,2,1,2,5,True
6535,1996,-0.0206,2018,-0.0953,3,2,0,2,-22,False
6536,2004,-0.0435,2002,-0.0314,2,2,1,2,2,False
6537,2012,-0.039,2016,-0.0399,3,2,1,2,-4,False
6538,2003,-0.0211,2001,-0.0173,3,3,1,2,2,False
6539,2004,-0.0402,2001,-0.0255,3,1,1,1,3,False
6540,2009,-0.1335,2007,-0.1524,3,2,1,3,2,True
6541,1996,0.0027,1996,0.0,5,1,0,2,0,False
6542,2001,-0.0071,2001,-0.0122,3,1,1,2,0,False
6543,2009,-0.2407,2008,-0.2104,2,1,1,2,1,True
6544,2004,-0.2291,2004,-0.1018,2,2,1,2,0,True
6545,2011,-0.334,2011,-0.3865,3,2,1,2,0,True
6546,2006,-0.1982,2011,-0.087,2,2,1,2,-5,True
6547,2009,-0.359,2010,-0.222,2,1,1,1,-1,True
6548,2011,-0.4925,2011,-0.5866,3,1,1,3,0,True
6549,2009,-0.6422,2009,-0.6537,2,2,2,2,0,True
6550,2012,-0.2768,1998,-0.2887,2,2,2,2,14,True
6551,2009,-0.2324,2003,-0.2473,2,2,2,3,6,True
6552,2011,-0.048,2012,-0.155,4,1,1,1,-1,False
6553,2009,-0.049,2007,-0.0448,2,2,2,2,2,False
6554,1995,-0.0689,2001,-0.0561,3,3,2,3,-6,True
6555,2012,-0.0461,2006,-0.0463,3,2,1,2,6,False
6556,1996,-0.3233,1996,-0.3132,5,2,1,1,0,True
6557,1998,-0.4508,2001,-0.4876,3,2,1,2,-3,True
6558,2003,-0.4014,2002,-0.372,3,2,1,1,1,True
6559,2002,-0.5346,2002,-0.5382,2,1,1,1,0,True
6560,2001,-0.3337,2001,-0.3716,2,2,1,2,0,True
6561,1998,-0.0725,2002,-0.1722,2,1,1,1,-4,True
6562,2000,-0.2043,2001,-0.3028,3,2,1,2,-1,True
6563,2002,-0.2449,2001,-0.3669,3,2,1,1,1,True
6564,2003,-0.3188,2001,-0.3175,2,2,1,2,2,True
6565,2004,-0.286,2002,-0.3682,3,1,1,2,2,True
6566,2004,-0.2203,2005,-0.1731,2,2,1,1,-1,True
6567,2002,-0.3311,2004,-0.3316,2,2,1,1,-2,True
6568,2002,-0.5094,2000,-0.5627,2,1,1,1,2,True
6569,1998,-0.2771,1998,-0.3012,4,2,1,2,0,True
6570,1998,-0.2283,1999,-0.3114,2,2,1,2,-1,True
6571,1998,-0.3789,1999,-0.3123,3,2,1,2,-1,True
6572,1999,-0.2511,2001,-0.1901,3,2,1,2,-2,True
6573,2000,-0.2354,1997,-0.2819,3,2,1,2,3,True
6574,2002,-0.2272,2001,-0.2458,2,2,1,2,1,True
6575,2002,-0.5027,2001,-0.5267,2,1,1,1,1,True
6576,2001,-0.446,2001,-0.4435,2,2,1,1,0,True
6577,2001,-0.4078,2001,-0.3827,2,2,1,1,0,True
6578,2002,-0.5484,2002,-0.656,2,1,1,1,0,True
6579,2002,-0.2458,2002,-0.294,2,2,1,1,0,True
6580,2005,-0.2385,2002,-0.2549,3,2,2,2,3,True
6581,2001,-0.3195,2006,-0.3068,2,2,1,2,-5,True
6582,1998,-0.31,1997,-0.3109,3,2,1,2,1,True
6583,2002,-0.1976,1999,-0.1898,3,2,1,2,3,True
6584,2001,-0.2638,2001,-0.2975,3,2,1,2,0,True
6585,2002,-0.2576,1997,-0.2623,3,2,1,2,5,True
6586,1997,-0.3802,2000,-0.374,3,2,1,2,-3,True
6587,1997,-0.2154,1997,-0.2257,3,2,1,2,0,True
6588,2014,0.0001,1993,-0.0307,0,0,0,3,21,False
6589,1997,-0.0017,1994,-0.0157,7,0,0,2,3,False
6590,1998,-0.1471,1998,-0.0792,2,2,1,2,0,True
6591,2014,-0.0015,2010,-0.0019,0,0,0,2,4,False
6592,2000,-0.1263,2002,-0.1175,2,2,1,1,-2,True
6593,2003,-0.0549,2003,-0.0591,2,2,1,2,0,True
6594,2020,-0.1269,2009,-0.0154,0,0,0,1,11,False
6595,2014,0.0,2014,0.0,0,0,0,0,0,False
6596,2013,-0.0019,2001,-0.0006,3,3,1,3,12,False
6597,2014,0.0,2014,0.0,0,0,0,0,0,False
6598,2014,0.0,2014,0.0,0,0,0,0,0,False
6599,2014,0.0,2014,0.0,0,0,0,0,0,False
6600,2014,0.0,2014,0.0,0,0,0,0,0,False
6601,1999,0.0008,1999,0.0016,3,3,2,2,0,False
6602,1999,0.0028,1999,0.0008,2,2,1,2,0,False
6603,2007,0.0093,1999,0.0014,3,2,1,2,8,False
6604,2004,-0.0438,2006,-0.0523,2,1,1,1,-2,False
6605,2006,-0.1533,2007,-0.1013,2,1,1,1,-1,True
6606,2006,-0.3161,2002,-0.3164,3,1,1,2,4,True
6607,2001,-0.2886,1996,-0.3175,3,2,1,2,5,True
6608,2006,-0.4653,2005,-0.5768,2,1,1,2,1,True
6609,2004,-0.272,2004,-0.19,2,1,1,1,0,True
6610,2005,-0.4648,2005,-0.5762,2,1,1,1,0,True
6611,2002,-0.2937,2005,-0.1778,2,2,1,2,-3,True
6612,2001,-0.2154,2001,-0.1823,2,2,1,1,0,True
6613,2000,-0.4749,2001,-0.5318,2,1,1,2,-1,True
6614,2003,-0.412,2001,-0.4933,2,2,1,2,2,True
6615,2000,-0.3499,1998,-0.4033,4,2,1,2,2,True
6616,1997,-0.4409,2000,-0.3761,4,2,1,2,-3,True
6617,2002,-0.3368,2001,-0.2251,2,2,1,1,1,True
6618,2004,-0.086,2004,-0.1825,4,2,1,2,0,True
6619,2001,-0.2974,2000,-0.2648,2,1,1,2,1,True
6620,2001,-0.0881,2002,-0.1361,2,1,1,1,-1,True
6621,2014,-0.1032,2003,-0.0293,2,2,2,2,11,False
6622,1999,0.0232,1999,0.023,2,1,1,2,0,False
6623,1999,-0.1048,1995,-0.1552,4,2,1,1,4,True
6624,2012,-0.2726,2012,-0.2368,2,2,2,2,0,True
6625,2003,-0.223,1996,-0.2085,2,2,1,2,7,True
6626,2002,-0.2192,2004,-0.2937,3,2,1,2,-2,True
6627,2003,-0.1662,2012,-0.2454,3,2,1,2,-9,True
6628,2008,-0.249,2010,-0.2266,3,2,1,2,-2,True
6629,2012,-0.1296,1996,-0.0624,4,1,1,2,16,True
6630,1996,-0.1692,1999,-0.1275,3,2,1,2,-3,True
6631,1996,-0.1159,1999,-0.0991,3,2,2,3,-3,True
6632,2002,-0.1568,2000,-0.1626,3,2,1,2,2,True
6633,1998,-0.2088,1995,-0.19,3,2,1,2,3,True
6634,2000,-0.1792,1999,-0.1816,3,1,1,2,1,True
6635,2001,-0.1707,2001,-0.1493,2,2,1,2,0,True
6636,2003,-0.0439,1995,-0.054,4,2,1,2,8,False
6637,1997,-0.114,2003,-0.0818,4,2,1,2,-6,True
6638,1997,-0.2309,1997,-0.2619,3,2,1,2,0,True
6639,1997,-0.359,1997,-0.3493,3,1,1,2,0,True
6640,2000,-0.1188,2002,-0.1214,2,2,1,2,-2,True
6641,2015,-0.0813,2001,-0.0485,3,2,2,2,14,False
6642,2012,-0.1318,2012,-0.0828,3,2,1,2,0,True
6643,2012,-0.0781,2004,-0.0536,3,2,1,2,8,True
6644,1996,-0.0274,2001,-0.0372,4,1,1,3,-5,False
6645,2011,-0.0236,2005,-0.0267,5,1,1,2,6,False
6646,2004,-0.009,2004,-0.015,2,2,1,2,0,False
6647,2004,-0.0233,2007,-0.0298,3,2,1,2,-3,False
6648,2005,-0.043,2008,-0.0637,1,1,1,1,-3,False
6649,2004,-0.1316,2004,-0.0985,2,2,1,1,0,True
6650,2009,-0.1139,2005,-0.1289,3,3,1,2,4,True
6651,2001,-0.0199,2002,-0.0373,2,2,1,2,-1,False
6652,2001,-0.0125,2001,-0.0065,2,2,1,2,0,False
6653,2009,-0.0593,1995,-0.0138,5,2,1,2,14,False
6654,2005,-0.3021,2005,-0.4488,2,1,1,1,0,True
6655,2005,-0.303,2011,-0.2646,1,1,1,2,-6,True
6656,2001,-0.0137,2000,-0.0102,3,2,1,2,1,False
6657,2001,-0.0343,2005,-0.1407,3,2,1,2,-4,False
6658,2013,-0.0843,2013,-0.1493,2,2,1,2,0,True
6659,2011,-0.3053,2011,-0.1819,4,2,1,1,0,True
6660,2006,-0.3569,2011,-0.5189,3,2,1,2,-5,True
6661,2011,-0.3143,2012,-0.3414,2,2,1,2,-1,True
6662,2003,-0.0995,2003,-0.1248,2,2,1,2,0,True
6663,2012,-0.1073,2011,-0.0823,2,2,1,2,1,True
6664,2011,-0.1167,2011,-0.1885,2,2,2,2,0,True
6665,2004,-0.2332,2004,-0.2326,2,2,1,2,0,True
6666,2004,-0.2024,2013,-0.1808,2,1,1,2,-9,True
6667,2003,-0.159,2003,-0.3702,2,2,2,2,0,True
6668,2014,-0.1367,2012,-0.1417,5,1,1,1,2,True
6669,2014,-0.0499,1995,-0.0488,4,2,1,1,19,False
6670,2001,-0.0486,2004,-0.0339,3,1,1,3,-3,False
6671,1998,-0.2799,1998,-0.2107,2,2,1,2,0,True
6672,2002,-0.3048,2002,-0.2164,3,2,1,1,0,True
6673,2003,-0.4481,2003,-0.4431,2,2,1,1,0,True
6674,2003,-0.3373,2003,-0.2936,2,2,1,2,0,True
6675,2002,-0.3187,2003,-0.2095,2,1,1,1,-1,True
6676,2001,-0.3767,2002,-0.306,2,1,1,1,-1,True
6677,2000,-0.3293,2000,-0.3866,2,2,1,2,0,True
6678,1999,-0.2853,1997,-0.2824,3,2,1,2,2,True
6679,1996,-0.3727,2000,-0.3699,3,2,1,2,-4,True
6680,2002,-0.2003,2003,-0.2698,3,1,1,1,-1,True
6681,2004,-0.2596,2003,-0.1755,2,2,1,2,1,True
6682,2004,-0.2281,2004,-0.1523,2,1,1,2,0,True
6683,2002,-0.3421,2003,-0.3505,2,1,1,1,-1,True
6684,2001,-0.4072,1998,-0.3687,3,2,1,2,3,True
6685,2002,-0.2995,1998,-0.3716,3,2,1,2,4,True
6686,2001,-0.2472,1998,-0.2123,2,2,1,2,3,True
6687,2001,-0.2068,1998,-0.2698,3,2,1,2,3,True
6688,1994,-0.0623,1998,-0.1415,4,2,1,2,-4,True
6689,2002,-0.2626,1999,-0.0941,2,1,1,1,3,True
6690,2002,-0.172,2002,-0.124,1,1,1,1,0,True
6691,2001,-0.2511,2000,-0.331,2,1,1,2,1,True
6692,2002,-0.0207,2002,-0.0044,3,2,2,2,0,False
6693,2002,-0.149,2001,-0.203,2,2,1,1,1,True
6694,1998,-0.0583,2000,-0.0097,2,2,1,2,-2,False
6695,2002,-0.2298,1998,-0.2651,3,2,1,2,4,True
6696,1998,-0.1708,2006,-0.2747,3,3,1,2,-8,True
6697,1999,-0.3173,1998,-0.2831,2,2,1,2,1,True
6698,1994,-0.1669,1994,-0.1472,5,2,1,1,0,True
6699,2002,-0.2376,2001,-0.3261,2,2,1,2,1,True
6700,2000,-0.2979,2002,-0.2809,3,2,1,2,-2,True
6701,1997,-0.3472,1997,-0.3301,2,2,1,2,0,True
6702,2000,-0.0607,1999,-0.0579,2,2,1,2,1,True
6703,2014,0.0,1993,-0.0211,0,0,0,1,21,False
6704,1995,0.001,1999,0.0011,3,2,2,2,-4,False
6705,2015,-0.0043,1998,0.0001,2,2,2,2,17,False
6706,2014,0.0,2014,0.0,0,0,0,0,0,False
6707,2014,0.0,2014,-0.0001,0,0,0,0,0,False
6708,1999,0.0057,1999,0.0001,2,2,1,3,0,False
6709,1999,0.0073,1999,0.0074,2,1,1,2,0,False
6710,1999,0.0053,1999,0.0013,4,1,1,1,0,False
6711,2014,0.0,2014,0.0,0,0,0,0,0,False
6712,2014,0.0,2014,0.0,0,0,0,0,0,False
6713,2014,0.0,2014,0.0,0,0,0,0,0,False
6714,2014,0.0,2014,0.0,0,0,0,0,0,False
6715,2014,0.0,2014,0.0,0,0,0,0,0,False
6716,2014,0.0,2014,0.0,0,0,0,0,0,False
6717,1999,0.0047,1999,0.0007,2,1,1,2,0,False
6718,2014,0.0,2014,0.0,0,0,0,0,0,False
6719,2014,0.0,2014,-0.0004,0,0,0,0,0,False
6720,2001,-0.1649,2001,-0.2245,1,1,1,1,0,True
6721,2001,-0.3694,2001,-0.3386,2,2,1,2,0,True
6722,2004,-0.3732,2005,-0.3774,3,2,1,1,-1,True
6723,2004,-0.4294,2003,-0.5876,3,1,1,1,1,True
6724,2003,-0.4222,2004,-0.4762,2,1,1,1,-1,True
6725,2004,-0.3074,2002,-0.2962,2,1,1,1,2,True
6726,2002,-0.4585,1998,-0.3733,2,2,1,2,4,True
6727,1996,-0.2591,2003,-0.23,4,2,1,2,-7,True
6728,2002,-0.4735,2002,-0.3988,2,2,1,2,0,True
6729,1998,-0.436,1997,-0.4689,3,2,1,2,1,True
6730,2001,-0.441,1996,-0.5497,2,2,1,2,5,True
6731,1997,-0.452,2002,-0.4281,2,2,1,1,-5,True
6732,2005,-0.4352,2005,-0.5077,3,1,1,1,0,True
6733,2005,-0.4221,2005,-0.3556,2,2,1,2,0,True
6734,2002,-0.3272,2002,-0.3971,3,1,1,1,0,True
6735,2003,-0.2783,2003,-0.4977,2,1,1,1,0,True
6736,1996,-0.249,2003,-0.1463,4,2,1,2,-7,True
6737,2003,-0.0379,1990,-0.009,2,2,1,3,13,False
6738,2012,-0.1038,2012,-0.0815,3,3,1,2,0,True
6739,2003,-0.1656,2004,-0.2069,3,2,1,1,-1,True
6740,1996,-0.2688,2004,-0.1506,2,2,2,2,-8,True
6741,2005,-0.263,2004,-0.205,2,2,1,2,1,True
6742,2004,-0.2456,2006,-0.2218,3,3,1,3,-2,True
6743,2012,-0.1797,2011,-0.2029,3,2,2,2,1,True
6744,2007,-0.155,2010,-0.1333,3,2,1,3,-3,True
6745,2005,-0.0929,2005,-0.1182,4,3,1,3,0,True
6746,2002,-0.1332,2011,-0.1086,3,2,1,2,-9,True
6747,1996,-0.1884,2002,-0.1881,4,3,1,2,-6,True
6748,1998,-0.1271,1995,-0.1188,3,3,1,2,3,True
6749,1998,-0.2117,1998,-0.1653,2,2,1,2,0,True
6750,2001,-0.2459,2000,-0.2055,2,2,1,2,1,True
6751,2003,-0.136,2002,-0.1541,3,2,1,2,1,True
6752,1997,-0.3013,1999,-0.301,3,1,1,1,-2,True
6753,1997,-0.4177,1999,-0.2618,3,2,1,2,-2,True
6754,1997,-0.2467,1996,-0.2318,3,2,1,2,1,True
6755,2000,-0.2167,2001,-0.1478,2,2,1,2,-1,True
6756,1998,-0.1154,2003,-0.1347,3,2,2,2,-5,True
6757,2004,-0.1113,2004,-0.1343,3,2,1,2,0,True
6758,2011,-0.1166,2009,-0.0719,4,2,1,3,2,True
6759,1995,-0.0344,2009,-0.0616,5,2,1,2,-14,False
6760,2009,-0.0817,2009,-0.047,4,1,1,2,0,False
6761,2001,-0.0257,2000,-0.0187,3,2,2,2,1,False
6762,2003,-0.0196,2006,-0.0176,2,2,1,2,-3,False
6763,2002,-0.0792,2003,-0.0656,1,1,1,2,-1,True
6764,2002,-0.0396,2002,-0.0317,4,3,0,2,0,False
6765,1999,-0.0474,2001,-0.0545,3,2,1,2,-2,False
6766,2008,-0.2006,2003,-0.214,3,3,1,2,5,True
6767,2009,-0.1764,2009,-0.1463,2,1,1,2,0,True
6768,2011,-0.2892,2011,-0.3035,4,2,1,1,0,True
6769,2008,-0.3601,2009,-0.3601,2,2,1,1,-1,True
6770,1995,-0.1712,1995,-0.0576,3,3,2,2,0,True
6771,2014,-0.035,2010,-0.0608,3,2,1,3,4,False
6772,1990,-0.0239,2018,-0.0115,4,3,0,2,-28,False
6773,2014,-0.2796,2012,-0.3,3,2,1,2,2,True
6774,2014,-0.1595,2013,-0.2678,3,2,2,2,1,True
6775,2012,-0.3184,2012,-0.2744,2,2,2,2,0,True
6776,2011,-0.1597,2011,-0.2065,3,3,1,2,0,True
6777,2011,-0.1782,2011,-0.1114,3,2,2,2,0,True
6778,1992,-0.0046,2010,-0.0013,2,2,2,1,-18,False
6779,2000,-0.0113,2006,-0.0063,5,2,1,3,-6,False
6780,2003,-0.2016,2003,-0.1332,2,2,1,2,0,True
6781,2004,-0.4873,2003,-0.4809,2,1,1,2,1,True
6782,2012,-0.0581,2012,-0.033,5,2,1,2,0,False
6783,1993,-0.0273,1994,-0.0595,5,2,0,1,-1,False
6784,1994,-0.0097,1994,-0.0217,5,3,0,2,0,False
6785,2001,-0.0386,1995,-0.0549,3,1,1,2,6,False
6786,2003,-0.2535,2003,-0.1858,3,1,1,1,0,True
6787,2004,-0.2398,2004,-0.3276,2,1,1,1,0,True
6788,2005,-0.2621,2003,-0.3436,3,2,1,2,2,True
6789,2003,-0.1999,2003,-0.1291,4,3,1,2,0,True
6790,2003,-0.4108,2003,-0.4719,2,2,1,1,0,True
6791,2001,-0.4201,2001,-0.2064,2,1,1,1,0,True
6792,1999,-0.5148,2001,-0.3716,2,2,1,2,-2,True
6793,1999,-0.3478,2001,-0.29,3,2,1,2,-2,True
6794,2001,-0.2468,2001,-0.1972,2,2,1,2,0,True
6795,2002,-0.2194,2004,-0.2118,2,1,1,2,-2,True
6796,2003,-0.3624,2002,-0.2985,2,1,1,1,1,True
6797,2004,-0.4543,2004,-0.3406,3,1,1,1,0,True
6798,2002,-0.2124,2001,-0.2003,2,1,1,3,1,True
6799,2001,-0.2395,2002,-0.1108,2,2,1,2,-1,True
6800,2000,-0.2882,2000,-0.2714,3,2,1,2,0,True
6801,2000,-0.2086,2001,-0.2259,2,1,1,1,-1,True
6802,2000,-0.1669,2000,-0.2511,3,1,1,2,0,True
6803,2002,-0.3333,2002,-0.1377,2,2,1,1,0,True
6804,2002,-0.1239,2002,-0.0583,3,1,1,1,0,True
6805,2003,-0.1043,2002,-0.1772,2,1,1,1,1,True
6806,2002,-0.018,2013,-0.0031,2,1,1,1,-11,False
6807,1999,0.0014,2013,-0.0017,2,1,1,1,-14,False
6808,1998,-0.0002,2001,-0.003,5,4,0,1,-3,False
6809,1999,0.0013,1999,0.0007,1,1,1,1,0,False
6810,2007,-0.0869,2005,-0.0851,2,1,1,2,2,True
6811,2014,-0.0004,2014,-0.0001,0,0,0,0,0,False
6812,1994,-0.0925,1996,-0.0359,4,1,1,2,-2,False
6813,2003,-0.1656,2002,-0.0742,3,2,1,2,1,True
6814,1999,-0.2386,1998,-0.2259,3,2,1,2,1,True
6815,1999,-0.3453,1998,-0.3668,2,2,1,2,1,True
6816,1997,-0.2296,2000,-0.2163,2,2,1,2,-3,True
6817,2014,0.0002,1994,-0.0001,0,0,0,0,20,False
6818,2014,0.0,2010,0.0002,0,0,0,2,4,False
6819,2014,0.0,2014,0.0,0,0,0,0,0,False
6820,2014,0.0002,2007,-0.0106,0,0,0,1,7,False
6821,1999,0.0072,1999,0.0005,2,1,1,1,0,False
6822,2014,0.0,2014,0.0,0,0,0,0,0,False
6823,2014,0.0,2014,0.0,0,0,0,0,0,False
6824,2004,0.0077,1999,0.0079,4,1,1,1,5,False
6825,1999,0.0047,1999,0.0054,2,1,1,1,0,False
6826,2014,0.0,2014,0.0,0,0,0,0,0,False
6827,2014,0.0,2014,0.0,0,0,0,0,0,False
6828,2014,0.0,1996,0.0005,0,0,0,1,18,False
6829,2014,0.0,2014,-0.0001,0,0,0,0,0,False
6830,2014,0.0,2014,0.0,0,0,0,0,0,False
6831,2014,0.0,2014,0.0,0,0,0,0,0,False
6832,2014,0.0,2014,0.0,0,0,0,0,0,False
6833,2014,0.0,2014,0.0,0,0,0,0,0,False
6834,2014,0.0,2014,0.0,0,0,0,0,0,False
6835,2014,0.0,2014,0.0,0,0,0,0,0,False
6836,2001,-0.3155,2001,-0.2787,1,1,1,1,0,True
6837,2001,-0.5184,2001,-0.4516,2,1,1,1,0,True
6838,2002,-0.5928,2001,-0.6431,2,1,1,1,1,True
6839,2003,-0.5099,2003,-0.6375,1,1,1,1,0,True
6840,2002,-0.3423,2002,-0.2561,1,1,1,1,0,True
6841,2000,-0.3144,1997,-0.4981,4,2,1,2,3,True
6842,1998,-0.5198,1998,-0.3609,3,2,1,2,0,True
6843,2000,-0.4754,2001,-0.3908,2,2,1,2,-1,True
6844,2002,-0.3175,1995,-0.4435,2,2,1,2,7,True
6845,2001,-0.281,2001,-0.2357,2,2,1,2,0,True
6846,2004,-0.3558,2002,-0.4499,3,2,1,1,2,True
6847,2006,-0.6091,2005,-0.642,2,1,1,1,1,True
6848,2006,-0.5091,2005,-0.4872,2,1,1,1,1,True
6849,2002,-0.4176,2000,-0.476,3,2,1,2,2,True
6850,1998,-0.2413,1998,-0.2795,3,2,1,2,0,True
6851,2001,-0.3163,2000,-0.308,3,2,1,2,1,True
6852,1996,-0.1473,1996,-0.1287,4,3,1,2,0,True
6853,2013,-0.121,2013,-0.1069,3,3,1,2,0,True
6854,2012,-0.2808,2012,-0.2568,3,2,1,3,0,True
6855,2011,-0.2363,1998,-0.1046,3,2,2,2,13,True
6856,2007,-0.2118,2005,-0.2567,4,3,1,2,2,True
6857,2015,-0.1805,2006,-0.1696,3,3,2,3,9,True
6858,1998,-0.2152,1997,-0.2022,2,2,1,2,1,True
6859,2008,-0.2091,2007,-0.1538,3,2,1,2,1,True
6860,2003,-0.1627,2004,-0.1177,3,2,1,3,-1,True
6861,1999,-0.1872,2001,-0.183,3,2,1,2,-2,True
6862,2007,-0.0826,1996,-0.0782,4,2,1,3,11,True
6863,1998,-0.0366,1998,-0.0393,4,3,0,3,0,False
6864,1998,-0.0599,1999,-0.1019,3,2,1,1,-1,True
6865,1999,-0.1969,2002,-0.2683,2,2,1,2,-3,True
6866,2002,-0.2702,2003,-0.3528,2,2,1,1,-1,True
6867,2002,-0.2439,2002,-0.2948,3,1,1,1,0,True
6868,1998,-0.357,1998,-0.3975,3,2,1,2,0,True
6869,2011,-0.2308,2012,-0.2812,3,2,1,2,-1,True
6870,2005,-0.1729,2005,-0.1418,3,3,1,2,0,True
6871,2002,-0.149,1999,-0.112,3,2,1,2,3,True
6872,2007,-0.152,2002,-0.1035,2,2,1,2,5,True
6873,2004,-0.0931,2003,-0.1163,2,1,1,2,1,True
6874,2004,-0.1106,2012,-0.0934,2,2,1,2,-8,True
6875,2009,-0.0925,2009,-0.1125,3,3,1,2,0,True
6876,2005,-0.0812,2006,-0.043,3,2,1,2,-1,False
6877,2000,-0.0233,2006,-0.0226,4,2,1,2,-6,False
6878,2003,-0.0484,2003,-0.0258,3,2,1,2,0,False
6879,2002,-0.099,1998,-0.0515,2,2,1,2,4,True
6880,2001,-0.0569,2002,-0.037,3,3,1,2,-1,False
6881,2009,-0.3153,2009,-0.5361,3,2,2,2,0,True
6882,2005,-0.3856,2009,-0.2487,2,2,1,2,-4,True
6883,2003,-0.4092,2004,-0.4601,2,2,1,2,-1,True
6884,2011,-0.289,2011,-0.2806,2,2,2,2,0,True
6885,2011,-0.0493,2011,-0.1468,5,2,1,1,0,False
6886,2001,-0.0142,2003,-0.0102,3,2,1,1,-2,False
6887,2012,-0.0059,1990,-0.0192,5,1,0,3,22,False
6888,1994,-0.0282,1993,-0.0337,4,4,1,2,1,False
6889,2003,-0.2095,2009,-0.2285,3,2,1,2,-6,True
6890,2003,-0.0954,2007,-0.0817,2,1,1,2,-4,True
6891,2003,0.0017,2004,0.0143,2,1,1,2,-1,False
6892,2014,0.0,2014,0.0,0,0,0,0,0,False
6893,2014,-0.0991,2014,-0.0477,4,2,1,3,0,False
6894,1991,-0.0079,2011,-0.0062,3,2,2,3,-20,False
6895,2004,-0.0535,2013,-0.0487,2,2,1,2,-9,False
6896,2004,-0.2178,2011,-0.2478,3,2,1,2,-7,True
6897,2011,-0.3498,2011,-0.4907,3,1,1,2,0,True
6898,2011,-0.0566,1999,-0.0268,5,1,0,2,12,False
6899,2009,-0.1123,2009,-0.0641,2,1,1,1,0,True
6900,2009,-0.0277,2011,-0.0108,4,2,1,2,-2,False
6901,2003,-0.1965,2003,-0.2623,2,2,1,1,0,True
6902,2004,-0.2122,2004,-0.1584,1,1,1,2,0,True
6903,1995,-0.1435,2004,-0.1395,3,3,1,2,-9,True
6904,2006,-0.1493,2004,-0.0719,4,3,1,2,2,True
6905,2003,-0.2015,2003,-0.2033,3,2,1,2,0,True
6906,2003,-0.0973,2001,-0.1578,2,2,1,1,2,True
6907,2000,-0.3308,2001,-0.4477,2,2,1,2,-1,True
6908,2004,-0.4935,2005,-0.3463,1,1,1,2,-1,True
6909,2001,-0.2071,2002,-0.2288,3,1,1,1,-1,True
6910,2004,-0.0909,2004,-0.1997,4,2,1,1,0,True
6911,2005,-0.2445,2005,-0.2758,2,2,1,2,0,True
6912,2005,-0.0895,2005,-0.1974,3,2,1,2,0,True
6913,1996,-0.1141,2003,-0.1596,3,2,1,2,-7,True
6914,2001,-0.1674,2001,-0.3387,2,2,1,1,0,True
6915,2003,-0.2629,2002,-0.3646,2,2,1,2,1,True
6916,2003,-0.3832,2003,-0.3373,2,1,1,1,0,True
6917,2001,-0.3675,1998,-0.1945,2,1,1,2,3,True
6918,2002,-0.4589,2002,-0.4379,1,1,1,1,0,True
6919,2002,-0.3764,2002,-0.4576,2,1,1,1,0,True
6920,2005,-0.167,2003,-0.1501,3,1,1,1,2,True
6921,2003,-0.004,2011,-0.0007,3,1,1,1,-8,False
6922,2014,0.0001,1998,0.0004,0,0,0,1,16,False
6923,2014,0.0005,1999,0.0008,0,0,0,1,15,False
6924,2014,0.0,2014,-0.0001,0,0,0,0,0,False
6925,1999,0.0012,1999,0.0005,1,1,1,2,0,False
6926,2014,-0.0004,2018,-0.0014,0,0,0,1,-4,False
6927,1999,-0.0066,2005,-0.003,3,3,1,3,-6,False
6928,2003,-0.0272,2003,-0.0148,1,1,1,2,0,False
6929,2001,-0.1344,2002,-0.1333,2,2,1,1,-1,True
6930,2001,-0.2249,1998,-0.19,2,1,1,2,3,True
6931,2002,-0.1706,2002,-0.0782,3,3,1,1,0,True
6932,1994,-0.0251,1996,-0.0179,3,2,1,2,-2,False
6933,2014,-0.0,2014,0.0,0,0,0,0,0,False
6934,2014,-0.0001,1999,0.0015,0,0,0,1,15,False
6935,1999,0.0111,1999,0.0036,4,1,1,1,0,False
6936,1995,0.0048,1999,0.0015,3,1,1,1,-4,False
6937,2014,0.0,2014,0.0,0,0,0,0,0,False
6938,2014,0.0,2014,0.0,0,0,0,0,0,False
6939,1999,0.0029,1999,0.0005,3,1,1,1,0,False
6940,1999,0.002,1999,0.0068,2,1,1,1,0,False
6941,2014,0.0,2014,0.0,0,0,0,0,0,False
6942,2014,0.0,2014,0.0,0,0,0,0,0,False
6943,2014,0.0,2014,0.0,0,0,0,0,0,False
6944,2014,0.0,2014,0.0,0,0,0,0,0,False
6945,2014,0.0,2014,0.0,0,0,0,0,0,False
6946,2014,0.0,2014,0.0,0,0,0,0,0,False
6947,2014,0.0,2014,0.0,0,0,0,0,0,False
6948,2014,0.0,2014,0.0,0,0,0,0,0,False
6949,2014,0.0,2014,0.0,0,0,0,0,0,False
6950,2014,0.0,2014,0.0,0,0,0,0,0,False
6951,2001,-0.1915,2001,-0.0794,1,1,1,1,0,True
6952,2001,-0.4328,2001,-0.3544,2,2,1,1,0,True
6953,2002,-0.7079,2003,-0.6873,2,1,1,1,-1,True
6954,2004,-0.4666,2004,-0.4335,1,1,1,1,0,True
6955,2011,-0.2485,2011,-0.2805,3,2,1,3,0,True
6956,2012,-0.473,2012,-0.5275,3,2,2,2,0,True
6957,1994,-0.5168,1994,-0.4429,3,2,1,2,0,True
6958,2001,-0.4646,2001,-0.3946,2,2,1,2,0,True
6959,2001,-0.2657,2000,-0.3443,3,2,1,2,1,True
6960,2002,-0.3305,2005,-0.2628,3,2,1,1,-3,True
6961,2002,-0.3997,2004,-0.481,2,2,1,1,-2,True
6962,2005,-0.4191,2003,-0.4519,2,2,1,1,2,True
6963,2004,-0.5133,2004,-0.5285,2,1,1,1,0,True
6964,2002,-0.2765,2002,-0.2058,1,1,1,1,0,True
6965,2002,-0.4402,2002,-0.3738,2,1,1,2,0,True
6966,2003,-0.7197,2002,-0.7228,2,1,1,1,1,True
6967,2003,-0.4155,2003,-0.5315,2,1,1,2,0,True
6968,2003,-0.2772,2003,-0.2533,3,2,1,2,0,True
6969,2014,-0.1847,2004,-0.0769,3,2,2,2,10,True
6970,2002,-0.1529,2013,-0.1983,3,2,1,2,-11,True
6971,2015,-0.2179,2006,-0.2491,4,3,2,2,9,True
6972,1999,-0.2367,1997,-0.1336,2,2,2,2,2,True
6973,2007,-0.13,2000,-0.1127,2,2,1,2,7,True
6974,2005,-0.1831,2011,-0.1081,3,2,1,2,-6,True
6975,2003,-0.1835,2012,-0.2017,2,2,1,2,-9,True
6976,2012,-0.2249,2002,-0.1924,2,2,1,2,10,True
6977,2011,-0.1537,1998,-0.1928,2,2,1,2,13,True
6978,1998,-0.1151,1998,-0.1595,3,2,1,2,0,True
6979,2012,0.0386,1999,-0.0671,2,2,1,1,13,False
6980,2000,-0.1299,2000,-0.1305,2,2,1,2,0,True
6981,2001,-0.3375,2001,-0.3994,3,2,1,1,0,True
6982,2002,-0.3308,2001,-0.3178,3,1,1,2,1,True
6983,2002,-0.2374,1999,-0.2023,3,2,1,2,3,True
6984,2003,-0.2227,2004,-0.2686,3,2,1,2,-1,True
6985,2010,-0.1324,2004,-0.1705,3,2,1,2,6,True
6986,2007,-0.1513,2004,-0.1284,2,2,1,2,3,True
6987,2002,-0.1125,2003,-0.0911,3,2,1,2,-1,True
6988,2003,-0.069,2002,-0.0589,2,2,1,2,1,True
6989,2004,-0.111,2003,-0.1143,1,1,1,2,1,True
6990,2001,-0.0674,2010,-0.098,3,2,1,2,-9,True
6991,2001,-0.0573,2006,-0.0838,3,1,1,2,-5,True
6992,2004,-0.0546,2002,-0.0566,2,1,1,2,2,True
6993,2008,-0.0833,2008,-0.0524,3,2,1,3,0,True
6994,2008,-0.1181,2008,-0.2721,3,2,1,2,0,True
6995,2019,-0.0804,1996,-0.0263,6,3,0,3,23,False
6996,2003,-0.0877,2003,-0.0498,3,2,1,2,0,False
6997,2004,-0.4856,1995,-0.6399,3,3,1,2,9,True
6998,2003,-0.3952,2000,-0.458,2,1,1,2,3,True
6999,2003,-0.2905,2004,-0.2652,2,2,1,1,-1,True
7000,2009,-0.2733,2009,-0.1656,2,1,1,1,0,True
7001,2004,-0.0189,2011,-0.0029,2,2,1,2,-7,False
7002,2004,-0.0426,2011,-0.0186,3,3,1,3,-7,False
7003,1990,-0.0049,1995,-0.0011,4,4,0,2,-5,False
7004,2008,-0.3294,2009,-0.4424,3,1,1,1,-1,True
7005,2008,-0.2602,2009,-0.2452,3,1,1,1,-1,True
7006,2001,-0.0003,2006,-0.0019,3,3,2,3,-5,False
7007,2012,-0.2094,2012,-0.0846,5,2,1,1,0,True
7008,2013,-0.3598,2012,-0.3837,2,2,2,2,1,True
7009,1998,-0.105,2011,-0.1126,4,2,1,1,-13,True
7010,1999,-0.0231,1996,-0.0076,3,2,1,2,3,False
7011,2011,-0.251,2011,-0.097,2,1,1,1,0,True
7012,2009,-0.3529,2011,-0.4233,2,2,1,2,-2,True
7013,2011,-0.3738,2011,-0.4871,3,1,1,2,0,True
7014,2007,-0.2732,2007,-0.5407,3,2,1,1,0,True
7015,2012,-0.1029,2012,-0.0889,4,2,1,2,0,True
7016,2004,-0.0151,2003,-0.172,1,1,1,1,1,False
7017,2004,-0.1329,2004,-0.1916,1,1,1,1,0,True
7018,2006,-0.1227,2006,-0.0704,2,1,1,2,0,True
7019,2004,-0.3372,2004,-0.1239,1,1,1,1,0,True
7020,2003,-0.221,2003,-0.1041,2,2,1,1,0,True
7021,2011,-0.0941,2006,-0.0789,4,2,1,2,5,True
7022,2002,-0.3233,2001,-0.216,2,1,1,1,1,True
7023,2004,-0.2791,2004,-0.1611,2,1,1,1,0,True
7024,2004,-0.2043,2005,-0.1803,2,2,1,2,-1,True
7025,2003,-0.142,2003,-0.1432,1,1,1,2,0,True
7026,2005,-0.1465,2005,-0.108,2,2,1,2,0,True
7027,2001,-0.2011,2002,-0.2531,2,1,1,1,-1,True
7028,2001,-0.1341,2001,-0.1543,2,2,1,2,0,True
7029,2003,-0.3,2003,-0.2402,1,1,1,1,0,True
7030,2003,-0.2971,2003,-0.1668,1,1,1,2,0,True
7031,2005,-0.0738,2004,-0.0704,1,1,1,1,1,True
7032,1999,-0.2523,2003,-0.2243,2,2,1,2,-4,True
7033,2003,-0.037,2003,-0.0213,1,1,1,1,0,False
7034,2005,-0.1499,2002,-0.1426,3,2,1,1,3,True
7035,2014,0.0,2014,0.0,0,0,0,0,0,False
7036,1998,0.003,1998,0.0009,1,1,1,2,0,False
7037,2014,0.0,1998,0.0005,0,0,0,1,16,False
7038,2014,0.0,2014,0.0,0,0,0,0,0,False
7039,2014,0.0,2014,0.0,0,0,0,0,0,False
7040,2014,0.0,2014,0.0001,0,0,0,0,0,False
7041,2014,0.0,2014,0.0001,0,0,0,0,0,False
7042,1998,-0.0075,1998,-0.007,2,2,1,2,0,False
7043,1998,-0.0027,2003,-0.1099,4,3,1,2,-5,False
7044,2000,-0.0027,2003,-0.006,4,2,0,1,-3,False
7045,2001,-0.0299,2002,-0.0646,3,2,1,1,-1,False
7046,2002,-0.1195,2002,-0.1282,2,1,1,1,0,True
7047,2014,0.0,1996,-0.0007,0,0,0,2,18,False
7048,2014,0.0,2014,0.0,0,0,0,0,0,False
7049,2014,0.0,2014,0.0,0,0,0,0,0,False
7050,2014,0.0,2014,0.0,0,0,0,0,0,False
7051,2014,0.0,2014,-0.0,0,0,0,0,0,False
7052,1999,0.0009,1999,0.0013,2,1,1,1,0,False
7053,2000,0.0008,1999,0.001,3,1,1,1,1,False
7054,2014,0.0,2014,0.0,0,0,0,0,0,False
7055,1999,0.0022,1999,0.009,3,1,1,1,0,False
7056,2000,0.0021,1999,0.0016,3,2,1,1,1,False
7057,2014,0.0,2014,0.0,0,0,0,0,0,False
7058,2014,0.0,2014,0.0,0,0,0,0,0,False
7059,2014,0.0,2014,0.0,0,0,0,0,0,False
7060,2014,0.0,2014,0.0,0,0,0,0,0,False
7061,2014,0.0,2014,0.0,0,0,0,0,0,False
7062,2014,0.0,2014,0.0,0,0,0,0,0,False
7063,2014,0.0,2014,0.0,0,0,0,0,0,False
7064,2014,0.0,2014,0.0,0,0,0,0,0,False
7065,2014,0.0,2014,0.0,0,0,0,0,0,False
7066,1993,0.0007,1999,0.0013,4,2,0,2,-6,False
7067,2001,-0.0506,2001,-0.0104,1,1,1,1,0,False
7068,2004,-0.5963,2002,-0.5758,2,1,1,1,2,True
7069,2006,-0.4579,2006,-0.5014,1,1,1,1,0,True
7070,2011,-0.3746,2007,-0.3384,4,2,1,2,4,True
7071,2005,-0.5812,2006,-0.4506,2,2,1,2,-1,True
7072,1996,-0.5024,1997,-0.5247,2,2,2,2,-1,True
7073,2001,-0.2836,1997,-0.4821,2,2,1,2,4,True
7074,2001,-0.2602,1997,-0.3832,2,2,1,2,4,True
7075,2007,-0.2085,2005,-0.351,2,2,1,2,2,True
7076,2007,-0.3594,2007,-0.3909,2,2,1,2,0,True
7077,2005,-0.4735,2005,-0.55,2,2,1,1,0,True
7078,2004,-0.3862,2004,-0.3626,2,2,1,1,0,True
7079,1999,-0.3162,1998,-0.186,3,2,1,1,1,True
7080,2002,-0.4614,2004,-0.4952,2,1,1,1,-2,True
7081,2003,-0.5987,2003,-0.6901,2,1,1,1,0,True
7082,2005,-0.5677,2004,-0.5634,2,1,1,1,1,True
7083,1997,-0.2306,1998,-0.1951,3,2,1,2,-1,True
7084,1996,-0.094,2011,-0.0742,4,2,1,2,-15,True
7085,2012,-0.0634,2013,-0.0701,2,2,2,2,-1,True
7086,2001,-0.1481,1995,-0.2028,3,2,1,2,6,True
7087,2002,-0.2215,2002,-0.2399,3,2,1,2,0,True
7088,2002,-0.2184,2003,-0.2076,3,2,2,2,-1,True
7089,2004,-0.1779,2001,-0.1813,3,2,1,2,3,True
7090,2012,-0.1788,1998,-0.1195,3,2,1,2,14,True
7091,1997,-0.2058,1997,-0.1744,4,2,1,2,0,True
7092,2002,-0.2368,2002,-0.2452,3,2,1,2,0,True
7093,2000,-0.1414,1998,-0.2081,3,1,1,2,2,True
7094,2013,0.0206,1999,-0.0211,3,2,0,2,14,False
7095,1998,-0.0757,1999,-0.0948,3,2,1,2,-1,True
7096,1997,-0.1954,1999,-0.2006,3,1,1,2,-2,True
7097,2001,-0.3147,2000,-0.2965,2,2,1,1,1,True
7098,2002,-0.3339,2001,-0.2868,2,1,1,1,1,True
7099,2003,-0.1863,2003,-0.1278,2,2,2,2,0,True
7100,2004,-0.1811,2004,-0.1733,2,2,2,2,0,True
7101,2009,-0.181,2003,-0.1774,3,2,1,2,6,True
7102,2007,-0.161,2004,-0.2119,3,2,1,1,3,True
7103,2012,-0.1645,2010,-0.1422,3,2,2,3,2,True
7104,2012,-0.0377,1999,-0.0346,2,2,2,2,13,False
7105,2002,-0.1357,2003,-0.1011,3,2,1,2,-1,True
7106,1999,-0.1601,2003,-0.1118,2,2,1,2,-4,True
7107,2005,-0.0961,2005,-0.0729,2,1,1,2,0,True
7108,2006,-0.0854,2008,-0.0811,2,1,1,2,-2,True
7109,1999,-0.4438,1999,-0.3721,3,2,1,1,0,True
7110,1995,-0.2432,1996,-0.0884,3,2,1,2,-1,True
7111,1997,-0.3566,2011,-0.1287,3,2,1,2,-14,True
7112,2011,-0.1209,2013,-0.098,3,1,1,2,-2,True
7113,2014,-0.0703,2002,-0.0143,5,1,1,2,12,False
7114,2004,-0.3765,2005,-0.3441,2,2,1,2,-1,True
7115,2009,-0.4593,2004,-0.5017,2,2,1,2,5,True
7116,2008,-0.2154,2005,-0.3723,3,1,1,2,3,True
7117,2009,-0.0666,2009,-0.0338,3,2,1,2,0,False
7118,2010,-0.0437,2002,-0.03,3,2,1,2,8,False
7119,2010,-0.1876,2007,-0.2387,2,2,2,2,3,True
7120,2008,-0.2361,2011,-0.1219,2,1,1,2,-3,True
7121,2011,-0.1033,2011,-0.0459,3,3,1,3,0,False
7122,2011,-0.3125,2011,-0.3305,4,2,1,2,0,True
7123,2011,-0.0779,2011,-0.1327,5,2,0,2,0,True
7124,2015,-0.0223,2004,-0.0145,4,2,0,1,11,False
7125,2009,-0.2265,2011,-0.1253,2,1,1,2,-2,True
7126,2007,-0.2381,2008,-0.1203,2,2,1,2,-1,True
7127,1992,-0.0078,1994,-0.0057,4,2,1,2,-2,False
7128,1992,-0.0143,1993,-0.016,5,3,1,2,-1,False
7129,2004,-0.2553,2003,-0.3935,5,2,1,3,1,True
7130,2014,-0.0172,1997,-0.0048,3,3,1,2,17,False
7131,2002,-0.0436,2002,-0.0169,2,2,2,2,0,False
7132,2014,0.0003,2014,0.0,0,0,0,0,0,False
7133,2005,-0.033,2005,-0.012,1,1,1,1,0,False
7134,2005,-0.0569,2003,-0.0237,2,1,1,2,2,False
7135,2004,-0.266,2004,-0.1201,2,2,1,2,0,True
7136,2002,-0.1625,2003,-0.0583,2,2,1,2,-1,True
7137,2002,-0.0977,2002,-0.3492,2,1,1,1,0,True
7138,2002,-0.1364,2002,-0.0606,1,1,1,1,0,True
7139,2003,-0.097,2005,-0.0282,3,1,1,1,-2,False
7140,2010,-0.1111,2007,-0.0129,3,1,1,1,3,False
7141,2002,-0.314,2003,-0.361,2,2,1,1,-1,True
7142,2003,-0.1814,2003,-0.039,2,1,1,1,0,False
7143,2003,-0.2837,2003,-0.1796,3,1,1,2,0,True
7144,2003,-0.0516,2007,-0.0096,3,2,1,3,-4,False
7145,2003,-0.0261,1999,0.0043,3,1,1,2,4,False
7146,1999,0.0007,1999,0.0009,2,2,1,1,0,False
7147,2009,0.0012,1999,0.0031,3,2,1,1,10,False
7148,1999,0.0009,1999,0.0024,2,1,1,1,0,False
7149,2014,0.0,2014,0.0001,0,0,0,0,0,False
7150,2014,0.0,2014,0.0,0,0,0,0,0,False
7151,2014,0.0,2014,0.0,0,0,0,0,0,False
7152,2014,0.0,2014,0.0,0,0,0,0,0,False
7153,2014,0.0,2000,0.0002,0,0,0,2,14,False
7154,2014,0.0,2014,0.0,0,0,0,0,0,False
7155,2014,0.0,2014,0.0,0,0,0,0,0,False
7156,2014,0.0,2014,0.0,0,0,0,0,0,False
7157,2002,-0.0246,2004,-0.0109,2,2,2,2,-2,False
7158,2002,-0.1898,2002,-0.064,1,1,1,1,0,True
7159,2001,-0.1629,2000,-0.1153,2,1,1,1,1,True
7160,2001,-0.1224,1999,-0.0958,3,2,1,2,2,True
7161,2002,-0.1119,2002,-0.0508,2,2,1,2,0,True
7162,2012,-0.0252,2002,-0.0205,3,3,1,3,10,False
7163,2014,0.0,2014,0.0,0,0,0,0,0,False
7164,2014,0.0,2014,0.0,0,0,0,0,0,False
7165,2014,0.0,2014,0.0,0,0,0,0,0,False
7166,2014,0.0,2014,0.0,0,0,0,0,0,False
7167,2014,0.0,2014,0.0,0,0,0,0,0,False
7168,2014,0.0004,1999,0.0007,0,0,0,1,15,False
7169,2014,0.0,2014,0.0,0,0,0,0,0,False
7170,1999,0.0017,1999,0.0063,3,1,1,1,0,False
7171,2014,0.0,2014,0.0,0,0,0,0,0,False
7172,2014,0.0,2014,0.0,0,0,0,0,0,False
7173,2014,0.0,2014,0.0,0,0,0,0,0,False
7174,2014,0.0,2014,0.0,0,0,0,0,0,False
7175,2014,0.0005,1999,0.0005,0,0,0,2,15,False
7176,2014,0.0,2014,0.0,0,0,0,0,0,False
7177,2014,0.0,2014,0.0,0,0,0,0,0,False
7178,2014,0.0,2014,0.0,0,0,0,0,0,False
7179,2014,0.0,2014,0.0,0,0,0,0,0,False
7180,2017,0.0016,1999,0.0019,3,1,0,2,18,False
7181,2014,0.0005,1999,0.0012,0,0,0,2,15,False
7182,2014,0.0,2014,0.0,0,0,0,0,0,False
7183,2009,-0.1307,2008,-0.1981,3,2,1,1,1,True
7184,2007,-0.2804,2007,-0.5313,2,1,1,1,0,True
7185,2005,-0.3899,2005,-0.4168,2,1,1,1,0,True
7186,2005,-0.4391,2005,-0.5046,1,1,1,1,0,True
7187,2005,-0.3923,2005,-0.5213,1,1,1,1,0,True
7188,2005,-0.2406,2004,-0.2557,2,1,1,2,1,True
7189,2004,-0.1849,2006,-0.0932,2,1,1,1,-2,True
7190,2006,-0.3666,2004,-0.5322,2,1,1,1,2,True
7191,2007,-0.5026,2007,-0.5873,2,2,1,2,0,True
7192,2003,-0.6323,2004,-0.6188,2,1,1,1,-1,True
7193,2002,-0.5262,2003,-0.497,3,1,1,1,-1,True
7194,2001,-0.319,1997,-0.4909,3,2,1,2,4,True
7195,1997,-0.4309,2001,-0.3604,3,2,1,2,-4,True
7196,2000,-0.2402,1998,-0.2808,2,2,1,2,2,True
7197,2005,-0.3535,2005,-0.3963,2,2,1,1,0,True
7198,2012,-0.3566,2012,-0.3314,3,2,1,3,0,True
7199,1998,-0.1452,2012,-0.2682,3,2,2,3,-14,True
7200,2004,-0.1556,1997,-0.2609,2,2,1,2,7,True
7201,2005,-0.0826,2005,-0.0332,3,3,1,2,0,False
7202,2013,-0.0892,2013,-0.0903,3,2,1,2,0,True
7203,2004,-0.1853,2002,-0.1962,3,3,1,2,2,True
7204,2003,-0.2902,2002,-0.2174,2,2,1,2,1,True
7205,2005,-0.1836,2004,-0.2067,3,2,1,3,1,True
7206,1996,-0.1894,1996,-0.2325,4,2,1,2,0,True
7207,1999,-0.2441,1998,-0.2859,2,2,1,2,1,True
7208,1999,-0.238,1999,-0.2752,3,2,1,1,0,True
7209,1999,-0.0561,2012,0.0059,2,2,1,2,-13,False
7210,1998,-0.0316,2000,-0.0618,4,2,1,2,-2,False
7211,2000,-0.0726,2002,-0.1119,1,1,1,1,-2,True
7212,2003,-0.1334,2002,-0.1939,2,1,1,1,1,True
7213,2002,-0.2021,2002,-0.3333,2,2,1,1,0,True
7214,2002,-0.2485,2003,-0.2596,2,1,1,2,-1,True
7215,2001,-0.1262,2008,-0.2085,3,3,1,3,-7,True
7216,2002,-0.1954,2001,-0.1737,3,2,2,2,1,True
7217,2003,-0.2621,2004,-0.1665,2,2,2,2,-1,True
7218,2013,-0.124,2009,-0.1813,2,2,2,2,4,True
7219,2011,-0.0549,2010,-0.0532,2,2,1,2,1,True
7220,2002,-0.0394,2003,-0.0219,3,2,1,3,-1,False
7221,2003,-0.1449,2004,-0.0986,4,1,1,2,-1,True
7222,2004,-0.0793,2002,-0.0781,2,2,1,2,2,True
7223,1999,-0.2326,2000,-0.1268,3,1,1,2,-1,True
7224,1998,-0.5184,1998,-0.5909,3,2,1,2,0,True
7225,1995,-0.6508,1995,-0.5537,3,2,1,2,0,True
7226,2004,-0.4343,2004,-0.2108,3,2,1,3,0,True
7227,2014,-0.0696,2001,-0.0313,3,2,1,1,13,False
7228,2017,-0.1935,2004,-0.0755,5,1,0,2,13,True
7229,2006,-0.292,2006,-0.2745,4,2,1,2,0,True
7230,2000,-0.3166,1995,-0.3472,2,2,1,3,5,True
7231,2009,-0.0927,2008,-0.0402,3,1,1,2,1,False
7232,2003,-0.1447,2004,-0.0983,3,1,1,1,-1,True
7233,2013,-0.1001,2013,-0.0562,4,2,2,2,0,True
7234,2011,-0.1108,2011,-0.0574,2,2,2,2,0,True
7235,2000,-0.174,2009,-0.17,3,2,1,2,-9,True
7236,2009,-0.4176,2004,-0.5289,3,2,1,2,5,True
7237,2009,-0.5408,2009,-0.6245,3,1,1,2,0,True
7238,2009,-0.4042,2009,-0.4997,2,2,1,2,0,True
7239,2009,-0.1597,2009,-0.1376,2,1,1,2,0,True
7240,2011,-0.116,2011,-0.2537,3,1,1,1,0,True
7241,1999,0.0038,2008,0.0021,4,2,1,3,-9,False
7242,2003,-0.2921,2003,-0.1667,2,1,1,1,0,True
7243,2000,-0.2111,2009,-0.2418,2,1,1,2,-9,True
7244,2000,-0.2717,2009,-0.4523,3,2,1,2,-9,True
7245,2004,-0.116,2009,-0.1726,4,2,1,2,-5,True
7246,2014,0.0,2014,0.0,0,0,0,0,0,False
7247,2014,0.0003,1999,0.0003,0,0,0,2,15,False
7248,2014,0.0,2014,0.0,0,0,0,0,0,False
7249,2014,0.0,2014,-0.0003,0,0,0,0,0,False
7250,2014,-0.0081,2014,-0.0002,0,0,0,0,0,False
7251,2011,-0.0131,2011,-0.002,2,1,1,1,0,False
7252,2002,-0.2795,2003,-0.5264,1,1,1,1,-1,True
7253,1999,0.0063,1999,0.0042,2,1,1,1,0,False
7254,1999,0.0023,1999,0.0062,3,1,1,2,0,False
7255,1999,-0.0015,1999,-0.0001,3,3,1,3,0,False
7256,2010,-0.128,2007,-0.0442,3,1,1,2,3,False
7257,1999,0.0022,1999,-0.0004,3,3,1,3,0,False
7258,1993,-0.0181,1992,-0.0089,4,2,1,2,1,False
7259,2014,0.0002,1999,0.0003,0,0,0,2,15,False
7260,2014,0.0,1997,0.0002,0,0,0,1,17,False
7261,2014,0.0,2014,0.0,0,0,0,0,0,False
7262,2014,0.0,2014,0.0,0,0,0,0,0,False
7263,1998,0.002,1999,0.0024,2,1,1,1,-1,False
7264,2014,0.0,1998,0.0001,0,0,0,1,16,False
7265,2014,0.0,2014,0.0,0,0,0,0,0,False
7266,2014,0.0,1997,0.0001,0,0,0,1,17,False
7267,2014,0.0011,2014,0.0,0,0,0,0,0,False
7268,2014,0.0,2014,0.0,0,0,0,0,0,False
7269,2014,0.0,2014,0.0,0,0,0,0,0,False
7270,2014,0.0,2014,0.0,0,0,0,0,0,False
7271,2014,0.0,2014,0.0,0,0,0,0,0,False
7272,2003,-0.0586,2004,-0.2001,3,1,1,1,-1,True
7273,2001,-0.0198,2002,-0.0051,2,2,1,2,-1,False
7274,2002,-0.0682,2014,-0.0697,3,2,1,2,-12,True
7275,1999,-0.0266,1999,-0.0913,3,2,2,2,0,False
7276,2010,-0.0538,2010,-0.1047,2,2,1,2,0,True
7277,2014,0.0002,2010,-0.0002,0,0,0,1,4,False
7278,2014,0.0,2014,0.0,0,0,0,0,0,False
7279,2014,0.0,2014,0.0,0,0,0,0,0,False
7280,2014,0.0,2014,0.0,0,0,0,0,0,False
7281,2014,0.0,2014,0.0,0,0,0,0,0,False
7282,2014,0.0,2014,0.0,0,0,0,0,0,False
7283,2014,0.0,2014,0.0,0,0,0,0,0,False
7284,1999,0.0003,1999,0.0013,3,3,0,1,0,False
7285,1999,0.003,1999,0.0092,2,2,2,2,0,False
7286,2014,0.0,2014,0.0,0,0,0,0,0,False
7287,2014,0.0,2014,0.0,0,0,0,0,0,False
7288,2014,0.0,2014,0.0,0,0,0,0,0,False
7289,2014,0.0,2014,0.0,0,0,0,0,0,False
7290,2014,0.0008,2000,0.0001,0,0,0,2,14,False
7291,2014,0.0003,1999,0.0004,0,0,0,2,15,False
7292,1996,0.0037,1999,0.001,2,1,1,2,-3,False
7293,2014,0.0,2014,0.0,0,0,0,0,0,False
7294,2017,0.0016,1999,0.0022,5,1,0,2,18,False
7295,2014,0.0004,1999,0.0002,0,0,0,1,15,False
7296,2014,0.0,2014,0.0,0,0,0,0,0,False
7297,2014,0.0004,2014,0.0004,0,0,0,0,0,False
7298,2004,-0.0876,2002,-0.0398,2,1,1,2,2,False
7299,2005,-0.1874,2010,-0.1707,2,2,1,2,-5,True
7300,2006,-0.2218,2006,-0.1178,2,1,1,2,0,True
7301,2005,-0.2582,2004,-0.3455,2,2,1,1,1,True
7302,2006,-0.432,2005,-0.4956,2,1,1,1,1,True
7303,2004,-0.6288,2004,-0.6088,2,1,1,2,0,True
7304,2004,-0.2224,2003,-0.2801,2,1,1,1,1,True
7305,2004,-0.2476,2004,-0.3526,2,1,1,2,0,True
7306,2005,-0.646,2005,-0.5345,2,1,1,1,0,True
7307,2003,-0.4404,2002,-0.4114,2,1,1,2,1,True
7308,2002,-0.5309,2002,-0.54,2,2,1,2,0,True
7309,1996,-0.3597,1996,-0.2313,3,2,1,2,0,True
7310,1998,-0.3065,2001,-0.2586,2,2,1,2,-3,True
7311,1998,-0.3972,1998,-0.4295,2,2,1,2,0,True
7312,2004,-0.2754,2007,-0.1986,3,2,1,2,-3,True
7313,2003,-0.2554,2005,-0.3003,4,2,1,2,-2,True
7314,2012,-0.2312,2013,-0.1959,3,2,1,2,-1,True
7315,2012,-0.1844,2013,-0.2754,3,2,2,2,-1,True
7316,2003,-0.1627,2003,-0.1542,2,2,1,2,0,True
7317,2002,-0.3675,2003,-0.3319,2,1,1,1,-1,True
7318,2003,-0.192,1994,-0.3015,3,2,1,2,9,True
7319,2002,-0.1639,2002,-0.2085,3,2,1,2,0,True
7320,2001,-0.1628,1999,-0.1892,3,2,1,1,2,True
7321,1998,-0.1871,2000,-0.1999,3,2,1,2,-2,True
7322,1999,-0.2072,1999,-0.268,2,2,1,2,0,True
7323,1999,-0.335,1999,-0.3066,2,1,1,1,0,True
7324,2000,-0.1192,1999,-0.1115,2,1,1,1,1,True
7325,2008,0.0224,1998,-0.0319,5,1,1,3,10,False
7326,2011,0.0305,1995,0.0154,3,2,1,1,16,False
7327,2002,-0.1319,2002,-0.1335,3,2,1,1,0,True
7328,2001,-0.246,2001,-0.2754,2,1,1,1,0,True
7329,2003,-0.2157,2003,-0.1888,2,2,1,1,0,True
7330,2000,-0.258,2002,-0.262,2,2,1,2,-2,True
7331,1998,-0.2071,2000,-0.2037,3,2,1,1,-2,True
7332,2012,-0.1237,2001,-0.1073,2,2,1,1,11,True
7333,2001,-0.0349,2001,-0.0303,3,1,1,3,0,False
7334,2010,-0.0387,2009,-0.0393,3,1,1,2,1,False
7335,2009,-0.0306,2009,-0.034,4,2,1,2,0,False
7336,2009,-0.0762,2009,-0.0782,1,1,1,1,0,True
7337,2009,-0.1017,2007,-0.0764,2,2,1,2,2,True
7338,2005,-0.0486,2011,-0.084,2,2,1,3,-6,False
7339,2006,-0.3159,2009,-0.1631,2,1,1,2,-3,True
7340,2005,-0.5702,2005,-0.7403,1,1,1,1,0,True
7341,2004,-0.254,2004,-0.2205,1,1,1,1,0,True
7342,2005,-0.2618,2003,-0.1388,3,2,1,2,2,True
7343,2003,-0.2504,2003,-0.1739,3,2,1,1,0,True
7344,2010,-0.1988,2010,-0.2106,3,1,1,1,0,True
7345,2010,-0.3997,2003,-0.503,4,2,2,2,7,True
7346,2001,-0.2553,2003,-0.1925,2,2,2,2,-2,True
7347,1998,-0.1616,2003,-0.2509,2,2,1,2,-5,True
7348,1998,-0.0147,2000,-0.0392,2,1,1,2,-2,False
7349,2013,-0.1607,2013,-0.097,3,2,1,3,0,True
7350,2010,-0.3949,2009,-0.4624,2,2,1,2,1,True
7351,2009,-0.3785,2009,-0.1997,2,1,1,1,0,True
7352,2008,-0.5486,2011,-0.4842,3,1,1,2,-3,True
7353,2009,-0.4758,2011,-0.37,4,1,1,2,-2,True
7354,2004,-0.4234,2004,-0.2686,2,2,1,2,0,True
7355,2011,-0.2688,2011,-0.1301,2,2,1,2,0,True
7356,2003,-0.1783,2003,-0.1191,3,2,1,2,0,True
7357,2000,-0.5447,2000,-0.5776,3,2,1,1,0,True
7358,2000,-0.6233,2000,-0.701,2,1,1,2,0,True
7359,2003,-0.1351,2009,-0.061,2,2,1,3,-6,True
7360,2004,-0.0488,1992,-0.0581,3,1,1,4,12,False
7361,2014,0.0,2004,0.0001,0,0,0,1,10,False
7362,2014,0.0,1995,0.0005,0,0,0,2,19,False
7363,2014,0.0,2014,0.0,0,0,0,0,0,False
7364,2014,0.0,2014,0.0,0,0,0,0,0,False
7365,2014,0.0,2014,0.0,0,0,0,0,0,False
7366,1999,0.0031,1999,0.0018,2,1,1,1,0,False
7367,2004,-0.0422,2009,-0.0028,2,2,1,2,-5,False
7368,1999,0.007,1999,0.0007,2,1,1,2,0,False
7369,1999,0.0117,1999,0.0016,2,1,1,1,0,False
7370,1999,0.0026,1999,0.004,3,3,1,1,0,False
7371,1999,0.0025,2005,-0.0052,3,3,1,3,-6,False
7372,2014,0.0001,2014,0.0001,0,0,0,0,0,False
7373,2014,0.0002,1999,0.0014,0,0,0,1,15,False
7374,2014,0.0,1999,0.0002,0,0,0,2,15,False
7375,2014,0.0,2014,0.0,0,0,0,0,0,False
7376,2014,0.0,2006,-0.0003,0,0,0,1,8,False
7377,2014,0.0,2014,0.0,0,0,0,0,0,False
7378,2014,0.0001,1999,0.0012,0,0,0,1,15,False
7379,1995,0.0017,1999,0.0033,3,1,1,1,-4,False
7380,1997,0.0017,1997,0.0003,3,1,1,1,0,False
7381,2014,0.0,2014,0.0,0,0,0,0,0,False
7382,2014,0.0011,2014,0.0002,0,0,0,0,0,False
7383,2014,0.0,2014,0.0,0,0,0,0,0,False
7384,2014,0.0004,2017,-0.0006,0,0,0,0,-3,False
7385,2014,-0.0011,2014,-0.0002,0,0,0,0,0,False
7386,2002,-0.0586,2005,-0.0489,2,2,1,2,-3,False
7387,2006,-0.0329,2008,-0.0554,3,2,1,2,-2,False
7388,1997,-0.1595,1995,-0.1166,2,1,1,2,2,True
7389,2014,0.0,2014,-0.0,0,0,0,0,0,False
7390,2004,-0.1599,2004,-0.1182,3,2,1,2,0,True
7391,2004,-0.0185,2003,-0.0581,2,1,1,1,1,False
7392,2014,0.0,2014,-0.0001,0,0,0,0,0,False
7393,2014,0.0,2014,0.0,0,0,0,0,0,False
7394,2014,0.0,2014,0.0,0,0,0,0,0,False
7395,2014,0.0,1999,0.0003,0,0,0,2,15,False
7396,2014,0.0001,1999,0.0003,0,0,0,1,15,False
7397,2014,0.0,2014,0.0,0,0,0,0,0,False
7398,2014,0.0,2014,0.0,0,0,0,0,0,False
7399,1999,0.0007,2014,-0.0,2,2,1,0,-15,False
7400,1999,0.0019,1999,-0.0018,2,2,2,2,0,False
7401,1999,0.001,1999,0.0031,2,1,1,1,0,False
7402,2014,0.0,2014,0.0,0,0,0,0,0,False
7403,2014,0.0,2014,0.0,0,0,0,0,0,False
7404,2014,0.0,2014,0.0,0,0,0,0,0,False
7405,2014,0.0,2014,0.0,0,0,0,0,0,False
7406,2014,0.0,2014,0.0,0,0,0,0,0,False
7407,1996,0.0038,1999,0.0029,3,2,1,2,-3,False
7408,1999,0.0013,2000,0.0008,2,1,1,2,-1,False
7409,2000,0.0011,2000,0.0023,2,2,1,2,0,False
7410,2014,0.0,2014,0.0,0,0,0,0,0,False
7411,2014,0.0,2014,0.0,0,0,0,0,0,False
7412,2014,0.0003,2014,0.0005,0,0,0,0,0,False
7413,2011,-0.026,2011,-0.0182,2,1,1,2,0,False
7414,2007,-0.0983,2004,-0.1552,2,2,1,1,3,True
7415,2005,-0.1553,2006,-0.118,2,1,1,1,-1,True
7416,2004,-0.3374,2004,-0.3971,2,1,1,1,0,True
7417,2007,-0.3348,2005,-0.4451,3,2,1,1,2,True
7418,2004,-0.3684,2004,-0.3299,2,1,1,1,0,True
7419,2004,-0.3951,2004,-0.2707,1,1,1,1,0,True
7420,2003,-0.3054,2001,-0.5094,3,2,1,2,2,True
7421,2003,-0.2331,2001,-0.247,2,1,1,1,2,True
7422,2002,-0.4841,2002,-0.4824,2,1,1,1,0,True
7423,2001,-0.3355,2000,-0.4141,2,2,1,1,1,True
7424,2002,-0.2432,2002,-0.2661,2,2,1,1,0,True
7425,1996,-0.2331,1996,-0.2006,4,1,1,2,0,True
7426,2002,-0.4976,2001,-0.6229,2,2,1,2,1,True
7427,2000,-0.5407,2002,-0.4463,2,2,1,2,-2,True
7428,2003,-0.274,2012,-0.3926,3,2,1,2,-9,True
7429,2004,-0.1958,2013,-0.25,3,2,2,2,-9,True
7430,2002,-0.2453,2013,-0.3843,2,2,2,2,-11,True
7431,2002,-0.3266,2001,-0.2268,2,1,1,2,1,True
7432,2001,-0.4455,2000,-0.4331,2,2,1,1,1,True
7433,2000,-0.2417,2001,-0.2178,2,1,1,1,-1,True
7434,2002,-0.1386,2002,-0.2173,3,2,1,2,0,True
7435,1999,-0.2599,2001,-0.2417,2,2,1,2,-2,True
7436,1999,-0.2688,1999,-0.2025,3,2,1,2,0,True
7437,1998,-0.2917,1996,-0.2601,3,2,1,1,2,True
7438,1997,-0.3732,1998,-0.3106,3,2,1,1,-1,True
7439,1999,-0.1444,1998,-0.2139,3,2,1,2,1,True
7440,2000,-0.0555,2000,-0.04,2,2,1,2,0,False
7441,2001,-0.1863,2003,-0.2618,3,2,1,1,-2,True
7442,2001,-0.3256,2002,-0.258,3,1,1,1,-1,True
7443,2001,-0.1888,2001,-0.2389,2,2,1,2,0,True
7444,1999,-0.1146,2000,-0.189,2,2,1,2,-1,True
7445,1999,-0.2145,1998,-0.1682,2,2,1,2,1,True
7446,2003,-0.2072,2001,-0.2017,3,2,1,2,2,True
7447,2001,-0.1,2001,-0.0626,3,1,1,2,0,True
7448,2003,-0.0213,2009,-0.031,3,3,1,1,-6,False
7449,2011,-0.0301,2009,-0.0586,3,2,1,2,2,False
7450,1995,-0.0327,2002,-0.0311,3,3,1,1,-7,False
7451,2000,-0.0262,2002,-0.0256,4,3,0,2,-2,False
7452,2008,-0.0475,2012,-0.0587,2,2,1,2,-4,False
7453,2004,-0.0872,2003,-0.0559,4,2,1,2,1,True
7454,2004,-0.2094,2004,-0.1308,2,1,1,2,0,True
7455,2005,-0.4047,2004,-0.409,2,2,1,1,1,True
7456,2004,-0.4816,2003,-0.5882,2,2,1,1,1,True
7457,2004,-0.2365,2004,-0.0931,3,2,1,2,0,True
7458,2003,-0.1073,2003,-0.1517,4,2,1,2,0,True
7459,2008,-0.026,2015,-0.0573,6,2,1,2,-7,False
7460,2000,-0.0919,2011,-0.1578,4,2,1,3,-11,True
7461,2012,-0.128,2003,-0.1219,3,3,1,2,9,True
7462,2003,-0.1776,2011,-0.2105,3,2,1,2,-8,True
7463,2004,-0.1611,1999,-0.1027,2,2,1,2,5,True
7464,2004,-0.1444,2005,-0.1858,3,1,1,2,-1,True
7465,2010,-0.266,2013,-0.1991,2,2,1,2,-3,True
7466,2009,-0.4278,2009,-0.515,2,1,1,1,0,True
7467,2009,-0.6891,2007,-0.8023,3,2,1,2,2,True
7468,2011,-0.596,2014,-0.618,3,2,1,2,-3,True
7469,2009,-0.4558,2006,-0.2868,2,2,1,2,3,True
7470,2009,-0.3126,2005,-0.3512,2,2,1,2,4,True
7471,2007,-0.0179,1999,-0.0005,4,3,1,3,8,False
7472,2012,-0.213,2013,-0.4796,4,3,2,2,-1,True
7473,2003,-0.329,2009,-0.4649,3,2,2,2,-6,True
7474,2003,-0.1265,2004,-0.0446,3,2,1,2,-1,False
7475,2003,-0.1342,2003,-0.0869,3,2,1,1,0,True
7476,2014,0.0,1999,0.0004,0,0,0,1,15,False
7477,2014,0.0,1999,0.0011,0,0,0,1,15,False
7478,2014,0.0,2014,0.0,0,0,0,0,0,False
7479,2014,0.0,2014,0.0,0,0,0,0,0,False
7480,1996,0.0062,1996,0.0044,3,2,1,1,0,False
7481,1999,0.0052,1997,0.0019,3,2,1,1,2,False
7482,1999,0.0019,1999,0.0014,1,1,1,2,0,False
7483,2014,0.0,2014,0.0,0,0,0,0,0,False
7484,1999,0.0055,1999,0.0033,2,1,1,1,0,False
7485,2014,0.0,2014,0.0,0,0,0,0,0,False
7486,2014,0.0,2014,0.0,0,0,0,0,0,False
7487,2014,0.0,1999,0.0002,0,0,0,1,15,False
7488,2014,0.0,2014,0.0001,0,0,0,0,0,False
7489,2014,0.0,2014,0.0,0,0,0,0,0,False
7490,2014,0.0007,1999,0.0001,0,0,0,1,15,False
7491,2014,-0.0008,2003,-0.0002,0,0,0,1,11,False
7492,2014,0.0007,2014,0.0,0,0,0,0,0,False
7493,2014,0.0007,2014,0.0,0,0,0,0,0,False
7494,1998,0.0021,1999,0.0012,2,2,1,1,-1,False
7495,2014,0.0004,1999,0.0009,0,0,0,1,15,False
7496,2014,0.0,1999,0.0005,0,0,0,2,15,False
7497,2014,0.0,2014,0.0,0,0,0,0,0,False
7498,2014,0.0,2014,0.0,0,0,0,0,0,False
7499,1995,-0.0283,1995,-0.0196,2,2,1,2,0,False
7500,2005,-0.1641,2005,-0.0924,2,2,1,2,0,True
7501,2003,-0.3391,2003,-0.4303,3,2,1,1,0,True
7502,2002,-0.2301,2002,-0.2315,3,3,1,3,0,True
7503,1995,-0.3335,2004,-0.2466,3,2,2,2,-9,True
7504,2002,-0.1479,2002,-0.1453,4,2,1,2,0,True
7505,2004,-0.2571,2005,-0.358,3,2,1,2,-1,True
7506,2007,-0.2137,2007,-0.0799,3,2,1,2,0,True
7507,2014,0.0,2014,0.0,0,0,0,0,0,False
7508,2014,0.0,2014,-0.0002,0,0,0,0,0,False
7509,2014,0.0,2014,0.0,0,0,0,0,0,False
7510,2014,0.0,2014,-0.0,0,0,0,0,0,False
7511,2014,0.0001,1999,0.0012,0,0,0,1,15,False
7512,2014,0.0,2014,0.0,0,0,0,0,0,False
7513,2014,0.0,2014,0.0,0,0,0,0,0,False
7514,2014,0.0,2014,0.0,0,0,0,0,0,False
7515,1996,0.0014,1999,0.0035,3,2,1,2,-3,False
7516,2014,0.0,2014,0.0,0,0,0,0,0,False
7517,2014,0.0,2014,0.0,0,0,0,0,0,False
7518,2014,0.0,2014,0.0,0,0,0,0,0,False
7519,2014,0.0,2014,0.0,0,0,0,0,0,False
7520,2014,0.0,2014,0.0,0,0,0,0,0,False
7521,2014,0.0,2014,0.0,0,0,0,0,0,False
7522,1999,0.0024,1999,0.0029,2,2,1,2,0,False
7523,1999,0.0038,2000,0.001,2,2,1,2,-1,False
7524,2000,0.0019,1999,0.0026,1,1,1,2,1,False
7525,2014,0.0,2014,0.0,0,0,0,0,0,False
7526,2014,0.0,1999,0.0002,0,0,0,2,15,False
7527,2014,0.0,2014,0.0,0,0,0,0,0,False
7528,2014,0.0,2014,0.0,0,0,0,0,0,False
7529,2006,-0.0164,2006,-0.0029,2,1,1,2,0,False
7530,2005,-0.3406,2006,-0.4181,2,1,1,1,-1,True
7531,2004,-0.3048,2005,-0.3293,1,1,1,1,-1,True
7532,2002,-0.3216,2002,-0.3127,3,2,1,1,0,True
7533,2004,-0.1907,2003,-0.2345,3,2,1,2,1,True
7534,2003,-0.2091,2002,-0.3752,2,1,1,1,1,True
7535,2003,-0.352,2003,-0.2959,1,1,1,1,0,True
7536,2002,-0.5149,2002,-0.359,2,1,1,1,0,True
7537,2004,-0.5477,2003,-0.4391,2,1,1,1,1,True
7538,2002,-0.5859,2003,-0.4893,2,1,1,1,-1,True
7539,1997,-0.3274,1996,-0.2509,4,2,1,2,1,True
7540,2002,-0.2898,2002,-0.3213,2,2,1,2,0,True
7541,2002,-0.6009,2002,-0.5785,2,2,1,2,0,True
7542,2002,-0.5332,1999,-0.5395,2,2,1,2,3,True
7543,2000,-0.4118,1999,-0.4212,3,2,1,2,1,True
7544,2005,-0.293,2004,-0.2295,2,2,1,2,1,True
7545,2003,-0.216,2003,-0.2311,4,2,1,2,0,True
7546,2000,-0.2958,2001,-0.2165,2,2,1,2,-1,True
7547,1998,-0.3966,1998,-0.4891,3,2,1,2,0,True
7548,1998,-0.3524,1998,-0.3915,3,2,1,2,0,True
7549,1998,-0.1575,1998,-0.196,3,1,1,2,0,True
7550,2002,-0.1923,1999,-0.186,3,2,1,2,3,True
7551,2004,-0.2717,1996,-0.279,3,2,2,2,8,True
7552,1998,-0.4894,1998,-0.4869,3,2,1,2,0,True
7553,1997,-0.3021,1997,-0.3839,3,1,1,2,0,True
7554,1998,-0.1694,1998,-0.1911,4,2,1,2,0,True
7555,2002,-0.0819,1999,-0.0815,2,2,1,2,3,True
7556,1999,-0.1191,2000,-0.096,3,1,1,1,-1,True
7557,2006,-0.34,2005,-0.2796,4,2,1,1,1,True
7558,2001,-0.1848,2001,-0.1889,2,2,1,1,0,True
7559,2002,-0.2778,2008,-0.2643,2,2,1,2,-6,True
7560,2000,-0.1898,2000,-0.2362,2,2,1,2,0,True
7561,2009,-0.1197,2009,-0.142,2,2,2,2,0,True
7562,2007,-0.1366,2009,-0.1226,2,2,1,2,-2,True
7563,2010,-0.0217,2003,-0.0281,2,2,1,2,7,False
7564,2000,-0.0197,2001,-0.0282,3,3,1,3,-1,False
7565,2001,-0.042,2001,-0.0325,3,3,1,3,0,False
7566,2002,-0.0327,2003,-0.0311,3,3,1,3,-1,False
7567,2010,-0.113,2009,-0.1672,3,2,1,2,1,True
7568,2004,-0.0967,2003,-0.0907,3,2,1,2,1,True
7569,2006,-0.1255,2006,-0.1274,3,2,1,2,0,True
7570,2003,-0.4503,2003,-0.4477,2,1,1,1,0,True
7571,2003,-0.3945,2003,-0.447,3,2,1,1,0,True
7572,2005,-0.3427,2004,-0.3602,2,2,1,1,1,True
7573,2003,-0.1763,2002,-0.1015,3,2,2,2,1,True
7574,2014,-0.0883,2012,-0.1123,5,2,0,2,2,True
7575,2003,-0.1511,2003,-0.2573,2,2,1,1,0,True
7576,2003,-0.1642,2012,-0.2248,3,3,1,3,-9,True
7577,2004,-0.3951,2004,-0.2715,3,1,1,1,0,True
7578,2004,-0.3393,2004,-0.3729,2,1,1,1,0,True
7579,2011,-0.0655,2007,-0.0685,4,2,1,3,4,True
7580,2011,-0.086,2011,-0.0085,4,3,1,3,0,False
7581,2003,-0.2275,2002,-0.2188,2,2,1,1,1,True
7582,2003,-0.4492,2006,-0.4829,3,2,1,1,-3,True
7583,2004,-0.2779,2003,-0.2837,2,1,1,1,1,True
7584,2004,-0.2589,2011,-0.3983,2,2,1,2,-7,True
7585,2007,-0.2614,2007,-0.2053,3,2,1,2,0,True
7586,2008,-0.2377,2013,-0.2149,3,2,1,2,-5,True
7587,2012,-0.1796,2011,-0.3938,3,1,1,1,1,True
7588,2012,-0.19,2012,-0.3046,5,1,1,2,0,True
7589,2003,-0.1551,2009,-0.2388,3,3,1,2,-6,True
7590,2003,-0.3576,2003,-0.2974,3,2,1,2,0,True
7591,1999,0.0009,1999,0.0019,4,2,1,1,0,False
7592,1999,0.0006,2014,-0.0,1,1,1,0,-15,False
7593,2014,0.0,2014,0.0,0,0,0,0,0,False
7594,2014,0.0,2014,0.0,0,0,0,0,0,False
7595,1995,0.0012,1999,0.0042,5,1,1,1,-4,False
7596,2014,0.0,2014,0.0001,0,0,0,0,0,False
7597,2014,0.0,2014,0.0,0,0,0,0,0,False
7598,2014,0.0,2014,0.0,0,0,0,0,0,False
7599,2014,0.0,2014,0.0,0,0,0,0,0,False
7600,2014,0.0,2014,0.0,0,0,0,0,0,False
7601,2014,0.0,2014,0.0,0,0,0,0,0,False
7602,2014,0.0,1999,0.0001,0,0,0,1,15,False
7603,2014,0.0,1999,0.0008,0,0,0,1,15,False
7604,2014,0.0,1999,0.0001,0,0,0,1,15,False
7605,2014,0.0007,1999,0.0001,0,0,0,1,15,False
7606,2014,-0.0008,2014,-0.0,0,0,0,0,0,False
7607,2014,0.0,2014,0.0,0,0,0,0,0,False
7608,2014,0.0,2014,0.0,0,0,0,0,0,False
7609,2014,0.0,2014,0.0,0,0,0,0,0,False
7610,2014,0.0,2014,0.0,0,0,0,0,0,False
7611,2014,0.0,2006,-0.0002,0,0,0,1,8,False
7612,2014,0.0,2014,-0.0001,0,0,0,0,0,False
7613,1997,-0.0074,2002,0.0003,2,2,1,3,-5,False
7614,2001,-0.1234,2002,-0.0616,2,2,1,2,-1,True
7615,2002,-0.2019,2003,-0.1272,3,3,1,2,-1,True
7616,2002,-0.2002,2002,-0.2395,3,1,1,1,0,True
7617,2002,-0.1909,2011,-0.351,3,2,2,2,-9,True
7618,2003,-0.1124,2003,-0.0633,4,2,1,2,0,True
7619,2004,-0.1648,2003,-0.1547,2,2,1,2,1,True
7620,2000,-0.0681,1999,-0.0564,2,2,1,2,1,True
7621,2009,-0.1144,2004,-0.0281,4,3,1,3,5,False
7622,2014,0.0,2014,-0.0,0,0,0,0,0,False
7623,2014,0.0,2014,0.0,0,0,0,0,0,False
7624,2014,0.0,2014,0.0,0,0,0,0,0,False
7625,2014,0.0,2014,0.0,0,0,0,0,0,False
7626,2014,0.0,2014,0.0,0,0,0,0,0,False
7627,2008,0.0005,1999,0.0017,1,1,1,2,9,False
7628,2014,0.0,2014,0.0,0,0,0,0,0,False
7629,2014,0.0,2014,0.0,0,0,0,0,0,False
7630,1999,0.0019,1999,0.0008,2,1,1,1,0,False
7631,2014,0.0,2014,0.0,0,0,0,0,0,False
7632,2014,0.0,2014,0.0,0,0,0,0,0,False
7633,2014,0.0,1997,0.0001,0,0,0,1,17,False
7634,2014,0.0,2014,0.0,0,0,0,0,0,False
7635,2014,0.0,2014,0.0,0,0,0,0,0,False
7636,2000,0.002,2000,0.0012,2,1,1,2,0,False
7637,2000,0.0025,2000,0.0021,3,1,1,2,0,False
7638,2014,0.0,2014,0.0,0,0,0,0,0,False
7639,2014,0.0,2014,0.0,0,0,0,0,0,False
7640,2014,0.0,2014,0.0,0,0,0,0,0,False
7641,2014,0.0001,2014,0.0,0,0,0,0,0,False
7642,2014,0.0001,2014,0.0,0,0,0,0,0,False
7643,2014,0.0,2014,0.0,0,0,0,0,0,False
7644,2014,0.0,2014,0.0,0,0,0,0,0,False
7645,2004,-0.1783,2005,-0.1465,1,1,1,1,-1,True
7646,1998,-0.1285,1998,-0.0688,3,1,1,1,0,True
7647,1998,-0.2658,2000,-0.1295,3,2,1,2,-2,True
7648,1996,-0.2289,1996,-0.3026,4,1,1,2,0,True
7649,2003,-0.1925,2001,-0.1564,2,2,1,1,2,True
7650,2004,-0.2677,2005,-0.3769,1,1,1,1,-1,True
7651,2005,-0.5562,2005,-0.5297,2,2,1,2,0,True
7652,2004,-0.6086,2004,-0.6436,2,1,1,1,0,True
7653,2002,-0.4885,2002,-0.3715,2,2,1,1,0,True
7654,1998,-0.2647,1998,-0.3348,2,2,1,1,0,True
7655,1996,-0.344,1997,-0.4063,5,2,1,2,-1,True
7656,1998,-0.3911,1997,-0.3819,3,2,1,2,1,True
7657,2000,-0.4994,1999,-0.5731,2,2,1,2,1,True
7658,1998,-0.3915,1998,-0.3316,3,2,1,2,0,True
7659,2001,-0.3063,2003,-0.3414,3,2,1,2,-2,True
7660,2000,-0.1896,1997,-0.2183,3,3,1,2,3,True
7661,1995,-0.1785,2001,-0.172,5,2,1,2,-6,True
7662,1996,-0.2447,1998,-0.2422,3,2,1,2,-2,True
7663,1998,-0.2725,1998,-0.2857,3,2,1,2,0,True
7664,1998,-0.0929,1998,-0.1726,3,2,1,2,0,True
7665,2004,-0.1422,1997,-0.1329,2,2,1,2,7,True
7666,1996,-0.4002,1996,-0.3072,4,2,1,2,0,True
7667,1998,-0.3822,1998,-0.4056,3,2,1,2,0,True
7668,1998,-0.3039,1998,-0.3013,3,2,1,2,0,True
7669,1996,-0.1567,1998,-0.1826,4,1,1,2,-2,True
7670,1998,-0.0929,1996,-0.0913,4,2,1,1,2,True
7671,2007,-0.2277,2002,-0.2819,2,2,1,1,5,True
7672,2003,-0.3543,2003,-0.2722,2,2,1,2,0,True
7673,2002,-0.2424,2003,-0.2352,2,2,1,2,-1,True
7674,2003,-0.1864,2000,-0.2732,3,2,1,2,3,True
7675,2000,-0.2462,2000,-0.2552,2,1,1,2,0,True
7676,2001,-0.1497,2001,-0.1072,3,2,1,2,0,True
7677,2009,-0.1368,2009,-0.1183,3,2,2,2,0,True
7678,2001,-0.1338,2001,-0.0724,3,2,1,2,0,True
7679,2003,-0.1007,2011,-0.1133,3,2,1,2,-8,True
7680,2003,-0.0842,2002,-0.0798,2,2,1,1,1,True
7681,2008,-0.0478,2004,-0.0592,4,1,1,2,4,False
7682,2012,-0.0671,2006,-0.1647,4,2,1,2,6,True
7683,2013,-0.1299,2014,-0.1025,3,2,1,2,-1,True
7684,2005,-0.1046,2005,-0.1826,3,2,1,2,0,True
7685,2004,-0.3006,2005,-0.2548,2,2,1,2,-1,True
7686,2005,-0.1837,2011,-0.3697,2,2,1,2,-6,True
7687,2001,-0.2454,2003,-0.2683,3,2,1,2,-2,True
7688,2008,-0.1038,2008,-0.115,5,2,1,2,0,True
7689,2000,-0.0776,2004,-0.0495,2,2,1,3,-4,False
7690,2005,-0.1742,2006,-0.2266,4,3,1,2,-1,True
7691,2005,-0.3034,2005,-0.1654,1,1,1,2,0,True
7692,2001,-0.2043,2012,-0.204,3,2,1,2,-11,True
7693,2005,-0.3105,2005,-0.2366,2,1,1,2,0,True
7694,2006,-0.1835,2011,-0.2578,2,2,1,2,-5,True
7695,2004,-0.0152,2006,-0.0226,2,1,1,2,-2,False
7696,2003,-0.1268,2004,-0.0911,1,1,1,1,-1,True
7697,2003,-0.3137,2003,-0.2322,1,1,1,1,0,True
7698,2007,-0.0861,1999,-0.073,5,2,0,2,8,True
7699,2004,-0.3077,2009,-0.4003,2,2,1,3,-5,True
7700,2000,-0.1385,2000,-0.1015,3,2,1,2,0,True
7701,2014,-0.1457,2014,-0.0317,3,2,0,1,0,False
7702,2007,-0.2211,2009,-0.3368,4,1,1,3,-2,True
7703,2007,-0.2462,2007,-0.1695,3,2,1,2,0,True
7704,2006,-0.1325,2006,-0.2602,3,2,1,2,0,True
7705,1992,-0.1578,2003,-0.19,3,2,2,2,-11,True
7706,2004,0.0029,1999,0.0027,3,1,1,1,5,False
7707,2003,0.004,1999,0.0006,3,1,1,1,4,False
7708,2014,0.0004,2014,-0.0001,0,0,0,0,0,False
7709,2014,0.0004,2014,0.0,0,0,0,0,0,False
7710,1999,0.0018,1997,0.0025,3,2,1,1,2,False
7711,2014,0.0003,1999,0.0005,0,0,0,1,15,False
7712,2014,0.0,2014,0.0,0,0,0,0,0,False
7713,2014,0.0,2014,0.0,0,0,0,0,0,False
7714,2014,0.0,2014,0.0,0,0,0,0,0,False
7715,2014,0.0,2014,0.0,0,0,0,0,0,False
7716,2014,0.0,2014,0.0,0,0,0,0,0,False
7717,2014,0.0001,2001,0.0018,0,0,0,1,13,False
7718,2014,0.0,1999,0.0002,0,0,0,2,15,False
7719,2014,0.0,2014,0.0,0,0,0,0,0,False
7720,2014,0.0,1999,0.0002,0,0,0,1,15,False
7721,2014,0.0,2014,0.0,0,0,0,0,0,False
7722,2014,0.0,2014,0.0,0,0,0,0,0,False
7723,2014,0.0,1997,0.0001,0,0,0,1,17,False
7724,2014,0.0,2014,0.0,0,0,0,0,0,False
7725,2014,0.0,2014,-0.0004,0,0,0,0,0,False
7726,2014,-0.0003,2014,-0.0001,0,0,0,0,0,False
7727,2003,-0.0293,2003,-0.1123,2,2,1,2,0,False
7728,2001,-0.2156,1996,-0.1728,2,1,1,2,5,True
7729,2001,-0.1397,2002,-0.1475,3,2,1,2,-1,True
7730,1995,-0.0953,2004,-0.1276,4,3,1,2,-9,True
7731,2003,-0.2504,2002,-0.2475,2,1,1,2,1,True
7732,2003,-0.2277,2003,-0.1884,2,1,1,3,0,True
7733,2003,-0.3518,2003,-0.2364,2,2,1,2,0,True
7734,2004,-0.1848,2004,-0.3081,3,2,1,3,0,True
7735,2012,-0.09,2000,-0.0209,4,2,1,2,12,False
7736,2014,0.0,2014,-0.0002,0,0,0,0,0,False
7737,2014,0.0,2014,-0.0,0,0,0,0,0,False
7738,2014,0.0,2014,0.0,0,0,0,0,0,False
7739,1995,-0.0021,2014,0.0,4,2,2,0,-19,False
7740,2014,0.0,2014,0.0,0,0,0,0,0,False
7741,2014,0.0,2014,0.0,0,0,0,0,0,False
7742,1999,0.0014,1999,0.0017,3,2,2,1,0,False
7743,1999,0.0032,1999,0.001,1,1,1,1,0,False
7744,1999,0.0026,1999,0.0003,2,1,1,1,0,False
7745,2001,0.0018,2000,0.0019,2,2,1,2,1,False
7746,2014,0.0,2014,0.0,0,0,0,0,0,False
7747,2014,0.0,2014,0.0,0,0,0,0,0,False
7748,2014,0.0,2014,0.0,0,0,0,0,0,False
7749,2014,0.0,2014,0.0,0,0,0,0,0,False
7750,2014,0.0,2014,0.0,0,0,0,0,0,False
7751,1998,0.0018,1999,0.0017,3,2,1,1,-1,False
7752,2014,0.0017,1999,0.0009,0,0,0,2,15,False
7753,2014,0.0,2014,0.0,0,0,0,0,0,False
7754,2014,0.0,2014,0.0,0,0,0,0,0,False
7755,2014,0.0,2014,0.0,0,0,0,0,0,False
7756,1999,0.0001,1999,0.0004,1,1,1,2,0,False
7757,2014,-0.0006,1999,0.0004,0,0,0,1,15,False
7758,2014,0.0,2014,0.0,0,0,0,0,0,False
7759,2014,0.0,2014,-0.0001,0,0,0,0,0,False
7760,1997,-0.0006,1997,-0.0051,2,2,0,3,0,False
7761,2012,-0.0014,2005,-0.0005,5,1,1,1,7,False
7762,2000,-0.1039,2002,-0.1197,3,1,1,1,-2,True
7763,2004,-0.1013,1996,-0.1459,2,2,2,3,8,True
7764,2004,-0.3032,2004,-0.27,2,2,1,2,0,True
7765,1998,-0.3057,1998,-0.2134,2,2,1,2,0,True
7766,2005,-0.1486,2006,-0.0814,2,1,1,2,-1,True
7767,1998,-0.3815,2001,-0.5382,3,2,1,2,-3,True
7768,2002,-0.4444,1999,-0.5326,2,1,1,2,3,True
7769,1998,-0.2597,1999,-0.2517,3,1,1,1,-1,True
7770,1996,-0.3882,1997,-0.3796,4,2,1,1,-1,True
7771,1996,-0.2418,1996,-0.1852,3,3,1,3,0,True
7772,1997,-0.2962,1997,-0.3917,4,2,1,2,0,True
7773,1997,-0.159,1998,-0.1864,4,2,1,2,-1,True
7774,2003,-0.2355,2003,-0.2512,2,2,1,2,0,True
7775,2002,-0.2466,2001,-0.2916,2,2,1,2,1,True
7776,1997,-0.2011,1999,-0.2046,3,2,1,2,-2,True
7777,1996,-0.2774,1996,-0.2815,3,2,1,2,0,True
7778,1996,-0.323,1998,-0.2502,3,2,1,2,-2,True
7779,1997,-0.3464,1998,-0.2681,3,2,1,1,-1,True
7780,1996,-0.3464,1996,-0.2707,3,2,1,2,0,True
7781,1996,-0.4625,1996,-0.4888,2,1,1,1,0,True
7782,1998,-0.3559,1998,-0.4305,3,2,1,2,0,True
7783,1997,-0.2468,1998,-0.2796,4,2,1,2,-1,True
7784,1996,-0.1419,1995,-0.1097,3,2,1,2,1,True
7785,1999,-0.0916,1999,-0.0983,4,2,1,2,0,True
7786,2003,-0.1405,2002,-0.1011,2,2,1,2,1,True
7787,2004,-0.2728,2003,-0.2448,2,2,1,2,1,True
7788,2005,-0.243,2006,-0.2961,2,2,1,2,-1,True
7789,2003,-0.2696,2002,-0.2857,3,2,1,1,1,True
7790,2001,-0.226,1997,-0.2116,3,2,1,2,4,True
7791,2002,-0.1339,2002,-0.1078,2,2,1,2,0,True
7792,2011,-0.1701,2012,-0.2115,2,2,2,2,-1,True
7793,2012,-0.2729,2011,-0.2098,2,2,2,2,1,True
7794,2004,-0.2521,2003,-0.1676,2,2,1,2,1,True
7795,2001,-0.1551,2001,-0.0862,3,2,1,2,0,True
7796,2009,-0.0825,2014,-0.0594,3,2,1,3,-5,True
7797,2004,-0.1947,2007,-0.1327,2,2,1,2,-3,True
7798,2004,-0.199,2004,-0.4111,3,3,1,2,0,True
7799,2003,-0.1962,2003,-0.2068,3,2,1,2,0,True
7800,2005,-0.1603,2004,-0.1524,3,1,1,2,1,True
7801,2004,-0.0794,2008,-0.1368,3,2,1,2,-4,True
7802,2000,-0.1222,2003,-0.1873,3,2,2,2,-3,True
7803,1996,-0.2408,2000,-0.1684,3,2,1,2,-4,True
7804,1998,-0.1624,1998,-0.0918,3,1,1,2,0,True
7805,2007,-0.0667,2003,-0.023,3,3,1,2,4,False
7806,2011,-0.0633,2001,-0.1302,4,2,0,2,10,True
7807,2007,-0.1884,2004,-0.2814,3,2,1,2,3,True
7808,2005,-0.2371,2008,-0.2565,4,2,1,3,-3,True
7809,2003,-0.2823,1997,-0.1792,3,2,1,2,6,True
7810,2011,-0.1474,2001,-0.1449,2,2,2,2,10,True
7811,2009,-0.0467,2009,-0.0235,3,2,1,2,0,False
7812,1998,-0.0624,1999,-0.1698,3,2,1,3,-1,True
7813,2011,-0.229,2013,-0.2888,3,2,2,2,-2,True
7814,2012,-0.2576,2012,-0.2423,4,3,1,3,0,True
7815,2012,-0.0986,2003,-0.075,3,2,2,3,9,True
7816,2004,-0.0074,2002,-0.0036,3,1,0,2,2,False
7817,2005,-0.0047,2004,-0.0056,5,2,0,2,1,False
7818,2009,-0.2059,2011,-0.1272,3,2,1,2,-2,True
7819,2009,-0.3425,2012,-0.2963,4,2,1,3,-3,True
7820,2011,-0.2234,2000,-0.0834,2,2,2,2,11,True
7821,1999,0.0039,1999,0.0022,2,1,1,1,0,False
7822,1999,0.0024,1999,0.0024,3,1,1,1,0,False
7823,2014,0.0,2014,0.0,0,0,0,0,0,False
7824,2014,0.0,2014,-0.0,0,0,0,0,0,False
7825,2000,0.0007,1998,0.003,2,1,1,1,2,False
7826,2014,0.0,2014,0.0,0,0,0,0,0,False
7827,2014,0.0,2014,0.0,0,0,0,0,0,False
7828,2014,0.0,2014,0.0,0,0,0,0,0,False
7829,2014,0.0,2014,0.0,0,0,0,0,0,False
7830,2014,0.0,2014,0.0,0,0,0,0,0,False
7831,2014,0.0001,1999,0.0003,0,0,0,2,15,False
7832,2014,0.0,2014,0.0,0,0,0,0,0,False
7833,2014,0.0,2014,0.0,0,0,0,0,0,False
7834,2014,0.0,2014,0.0,0,0,0,0,0,False
7835,2014,0.0,2014,0.0,0,0,0,0,0,False
7836,2014,0.0,2014,0.0,0,0,0,0,0,False
7837,2014,0.0,2014,-0.0001,0,0,0,0,0,False
7838,2014,0.0,2014,-0.0,0,0,0,0,0,False
7839,2014,0.0,2014,-0.0001,0,0,0,0,0,False
7840,2014,0.0,2014,0.0,0,0,0,0,0,False
7841,2005,-0.0309,2003,-0.0112,1,1,1,2,2,False
7842,2004,-0.0912,2004,-0.1482,2,2,1,1,0,True
7843,2006,-0.1579,2005,-0.1315,1,1,1,2,1,True
7844,2004,-0.311,2007,-0.3067,3,2,1,2,-3,True
7845,2006,-0.2475,2008,-0.2312,3,2,1,2,-2,True
7846,2003,-0.4955,2009,-0.3796,2,2,1,2,-6,True
7847,2003,-0.3469,2003,-0.3573,2,2,1,2,0,True
7848,2003,-0.2914,2004,-0.2441,3,2,1,2,-1,True
7849,2003,-0.191,2005,-0.1371,3,3,1,2,-2,True
7850,2010,-0.0359,2011,-0.0079,3,2,1,1,-1,False
7851,2014,0.0,2014,0.0,0,0,0,0,0,False
7852,2014,0.0,2014,0.0,0,0,0,0,0,False
7853,2014,0.0,2014,0.0,0,0,0,0,0,False
7854,2014,0.0,2014,-0.0,0,0,0,0,0,False
7855,1995,-0.0021,2014,0.0,4,2,2,0,-19,False
7856,2014,0.0,2014,-0.0001,0,0,0,0,0,False
7857,1999,0.0031,1999,0.0012,3,2,1,1,0,False
7858,1999,0.0024,1999,0.0032,3,2,1,2,0,False
7859,2005,0.0029,1999,0.0011,4,2,1,2,6,False
7860,2007,0.0027,1999,0.0032,3,1,1,1,8,False
7861,2014,0.0,2014,-0.0,0,0,0,0,0,False
7862,2014,0.0,2014,0.0,0,0,0,0,0,False
7863,2014,0.0,2014,0.0,0,0,0,0,0,False
7864,2014,0.0,2014,0.0,0,0,0,0,0,False
7865,2014,0.0,2014,0.0,0,0,0,0,0,False
7866,2000,0.0008,2000,0.0023,3,2,1,1,0,False
7867,1998,0.0008,2000,0.0005,1,1,1,2,-2,False
7868,2014,0.0,2014,0.0,0,0,0,0,0,False
7869,2014,0.0,2014,0.0,0,0,0,0,0,False
7870,1999,0.0017,2014,0.0,1,1,1,0,-15,False
7871,1999,0.0013,1999,0.0034,1,1,1,2,0,False
7872,2014,0.0,2014,0.0,0,0,0,0,0,False
7873,2014,0.0,2014,-0.0003,0,0,0,0,0,False
7874,2014,0.0,2014,0.0,0,0,0,0,0,False
7875,1997,-0.0006,2014,-0.0,2,2,0,0,-17,False
7876,2016,-0.0186,2013,-0.0359,5,3,0,2,3,False
7877,2014,-0.0003,2008,-0.0043,0,0,0,2,6,False
7878,2014,0.0,2014,0.0,0,0,0,0,0,False
7879,1998,-0.16,2002,-0.037,2,2,1,2,-4,False
7880,2002,-0.4468,2002,-0.5513,2,1,1,1,0,True
7881,2003,-0.37,1997,-0.5859,2,2,1,2,6,True
7882,1998,-0.3849,1998,-0.3779,4,1,1,2,0,True
7883,1997,-0.5561,1996,-0.4237,3,2,1,1,1,True
7884,1996,-0.4042,1996,-0.4538,3,1,1,1,0,True
7885,1996,-0.2674,1996,-0.3344,4,2,1,1,0,True
7886,1996,-0.1253,1997,-0.085,4,2,1,1,-1,True
7887,1993,-0.128,1996,-0.1027,3,2,1,3,-3,True
7888,1998,-0.1802,1996,-0.214,4,2,1,3,2,True
7889,1998,-0.2565,1998,-0.208,3,2,1,2,0,True
7890,1999,-0.3276,1998,-0.2743,2,2,1,2,1,True
7891,1997,-0.3055,2000,-0.2421,3,2,1,2,-3,True
7892,1998,-0.356,1998,-0.3755,3,2,1,2,0,True
7893,1996,-0.4378,1997,-0.4806,3,2,1,2,-1,True
7894,1996,-0.4544,1997,-0.5235,3,2,1,2,-1,True
7895,1996,-0.4843,1998,-0.4462,4,1,1,2,-2,True
7896,1996,-0.3761,1992,-0.4604,5,1,1,2,4,True
7897,1996,-0.2493,1992,-0.2703,3,2,1,2,4,True
7898,2013,-0.0051,1992,-0.2446,4,2,0,2,21,False
7899,1998,-0.1483,1998,-0.1138,5,2,1,2,0,True
7900,1998,-0.113,1998,-0.1509,4,2,1,2,0,True
7901,1997,-0.087,1999,-0.0642,4,2,1,2,-2,True
7902,1999,-0.1305,2004,-0.1305,3,2,1,2,-5,True
7903,2005,-0.2168,2010,-0.2051,4,2,1,3,-5,True
7904,2002,-0.1923,2003,-0.204,2,2,1,2,-1,True
7905,2001,-0.1606,2003,-0.1523,3,2,1,2,-2,True
7906,2013,-0.2669,2013,-0.193,4,2,1,2,0,True
7907,2008,-0.2281,2012,-0.3531,3,2,1,2,-4,True
7908,2003,-0.192,2007,-0.2601,3,2,1,2,-4,True
7909,2004,-0.2835,2002,-0.2377,2,2,1,2,2,True
7910,2004,-0.1716,2004,-0.1334,2,2,1,2,0,True
7911,2004,-0.2567,2010,-0.1513,2,1,1,2,-6,True
7912,2004,-0.3491,2004,-0.2062,2,2,1,2,0,True
7913,2004,-0.259,2004,-0.2071,3,2,1,2,0,True
7914,2011,-0.1123,2011,-0.1106,4,1,1,2,0,True
7915,2015,-0.1254,2014,-0.0781,4,3,0,1,1,True
7916,2010,-0.0577,2004,-0.0618,3,2,2,3,6,True
7917,2000,-0.2101,2003,-0.1112,2,2,1,2,-3,True
7918,1995,-0.2695,2003,-0.2773,3,2,2,2,-8,True
7919,1998,-0.1334,2000,-0.128,3,2,1,1,-2,True
7920,2008,-0.0733,2004,-0.08,4,3,1,2,4,True
7921,2005,-0.1449,2004,-0.1422,2,1,1,2,1,True
7922,2005,-0.1666,2005,-0.2153,3,3,1,2,0,True
7923,2003,-0.1483,2003,-0.1344,3,3,1,2,0,True
7924,2005,-0.3662,2003,-0.328,2,2,1,2,2,True
7925,2003,-0.264,2005,-0.2764,3,2,1,2,-2,True
7926,2005,-0.1573,2007,-0.113,4,2,1,2,-2,True
7927,1997,-0.1336,2000,-0.1605,3,2,2,2,-3,True
7928,1994,-0.0758,2001,-0.0705,4,2,1,2,-7,True
7929,2011,-0.2264,2011,-0.1628,3,2,1,2,0,True
7930,2011,-0.0313,2010,-0.0478,4,3,1,3,1,False
7931,1993,-0.175,1997,-0.2701,3,3,1,2,-4,True
7932,1995,-0.1361,1994,-0.0936,4,1,1,2,1,True
7933,2009,-0.103,2004,-0.0746,2,2,1,2,5,True
7934,2004,-0.1204,2009,-0.2525,3,3,1,2,-5,True
7935,2012,-0.0977,2015,-0.1045,3,3,1,2,-3,True
7936,2004,0.0043,1999,0.0034,2,2,1,2,5,False
7937,2014,0.0006,2006,-0.0001,0,0,0,1,8,False
7938,2014,0.0006,2014,0.0,0,0,0,0,0,False
7939,1999,0.0042,1999,0.0012,1,1,1,1,0,False
7940,1996,0.0007,1998,0.0028,2,1,1,1,-2,False
7941,2014,0.0,2014,0.0,0,0,0,0,0,False
7942,2014,0.0,2014,0.0,0,0,0,0,0,False
7943,2014,0.0,2014,0.0,0,0,0,0,0,False
7944,2014,0.0,2014,0.0,0,0,0,0,0,False
7945,1999,0.0006,1999,0.0007,2,1,1,1,0,False
7946,2014,0.0001,1999,0.001,0,0,0,1,15,False
7947,2014,0.0,2014,-0.0,0,0,0,0,0,False
7948,2014,0.0,2014,0.0,0,0,0,0,0,False
7949,2014,0.0,1999,0.0001,0,0,0,1,15,False
7950,2014,0.0,2014,0.0,0,0,0,0,0,False
7951,2014,-0.0008,2014,-0.0001,0,0,0,0,0,False
7952,2014,-0.0008,2014,-0.0004,0,0,0,0,0,False
7953,2014,0.0,2014,0.0,0,0,0,0,0,False
7954,2014,0.0,2014,0.0,0,0,0,0,0,False
7955,2014,0.0007,2014,0.0,0,0,0,0,0,False
7956,2002,-0.0533,2001,-0.0178,2,2,1,2,1,False
7957,2003,-0.1863,2003,-0.1553,2,2,2,2,0,True
7958,2005,-0.2929,2004,-0.2229,3,2,2,2,1,True
7959,2003,-0.2769,2003,-0.2695,3,2,1,1,0,True
7960,2003,-0.2878,2002,-0.3683,3,2,1,2,1,True
7961,2002,-0.3526,2000,-0.4045,3,1,1,2,2,True
7962,2003,-0.278,2003,-0.3169,2,1,1,1,0,True
7963,2004,-0.3566,2004,-0.3504,2,2,1,2,0,True
7964,2004,-0.1346,2012,-0.1451,2,2,1,2,-8,True
7965,1999,0.0009,1999,0.0,1,1,1,2,0,False
7966,2014,0.0,2014,0.0,0,0,0,0,0,False
7967,2014,0.0,2014,0.0,0,0,0,0,0,False
7968,2014,0.0,2000,0.0001,0,0,0,2,14,False
7969,2014,0.0,2014,0.0,0,0,0,0,0,False
7970,2014,0.0,2014,0.0,0,0,0,0,0,False
7971,2014,0.0,2014,0.0,0,0,0,0,0,False
7972,2014,0.0,2014,0.0,0,0,0,0,0,False
7973,2014,0.0,2014,0.0,0,0,0,0,0,False
7974,2014,-0.0002,2007,0.0001,0,0,0,1,7,False
7975,1999,0.0048,1999,0.0021,2,1,1,1,0,False
7976,1999,0.0059,1999,0.006,2,1,1,1,0,False
7977,2014,-0.0012,2014,0.0,0,0,0,0,0,False
7978,2014,0.0,1999,0.0001,0,0,0,2,15,False
7979,2014,0.0,2014,0.0,0,0,0,0,0,False
7980,2014,0.0,2014,0.0,0,0,0,0,0,False
7981,2000,0.0028,1999,0.0018,2,1,1,1,1,False
7982,2014,0.0,2014,0.0,0,0,0,0,0,False
7983,2014,0.0,2014,0.0,0,0,0,0,0,False
7984,2014,0.0,2014,0.0,0,0,0,0,0,False
7985,1999,0.001,1999,0.0017,4,1,1,1,0,False
7986,1999,0.0012,1999,0.0023,4,1,1,1,0,False
7987,2014,0.0,2014,0.0,0,0,0,0,0,False
7988,2014,0.0,2014,0.0,0,0,0,0,0,False
7989,2014,0.0,2014,-0.0002,0,0,0,0,0,False
7990,2014,0.0,2014,0.0,0,0,0,0,0,False
7991,2014,-0.0178,2003,-0.004,4,1,1,2,11,False
7992,2014,-0.02,2010,-0.0134,4,1,0,2,4,False
7993,2021,0.0011,1996,0.0005,5,0,0,2,25,False
7994,2014,-0.0008,2014,-0.0001,0,0,0,0,0,False
7995,2011,-0.0711,2010,-0.052,3,1,1,2,1,True
7996,2003,-0.4021,2002,-0.5603,3,2,1,1,1,True
7997,1998,-0.5861,1997,-0.5501,3,2,1,2,1,True
7998,1997,-0.6009,1996,-0.4547,4,1,1,2,1,True
7999,1997,-0.4655,1997,-0.4045,3,1,1,1,0,True
8000,1996,-0.2714,1997,-0.2632,2,1,1,2,-1,True
8001,1999,-0.1891,1999,-0.1323,2,2,1,1,0,True
8002,1996,-0.2685,1996,-0.1604,4,2,1,2,0,True
8003,1998,-0.3287,1997,-0.3817,2,2,1,2,1,True
8004,1997,-0.2699,1994,-0.1799,4,1,1,2,3,True
8005,1998,-0.2609,1998,-0.2109,3,2,1,2,0,True
8006,1998,-0.2846,1999,-0.2716,3,2,1,2,-1,True
8007,1998,-0.325,1998,-0.352,3,2,1,2,0,True
8008,1998,-0.2807,1998,-0.4199,3,1,1,2,0,True
8009,1998,-0.4352,1998,-0.3886,3,2,1,2,0,True
8010,1998,-0.3938,1998,-0.4324,3,2,1,2,0,True
8011,1994,-0.2291,1996,-0.2057,4,3,0,2,-2,True
8012,2005,-0.0637,1992,-0.152,3,2,0,2,13,True
8013,1991,-0.1925,1992,-0.181,4,2,0,2,-1,True
8014,2013,0.0101,1999,-0.0888,4,3,0,2,14,False
8015,2000,-0.1,1996,-0.1084,4,3,1,2,4,True
8016,2001,-0.2147,2000,-0.1648,2,2,1,2,1,True
8017,2002,-0.1796,2002,-0.1502,3,2,1,2,0,True
8018,2001,-0.1725,2013,-0.1104,4,2,2,2,-12,True
8019,2001,-0.1526,2005,-0.1403,3,2,2,2,-4,True
8020,2001,-0.2115,2003,-0.1716,3,2,1,2,-2,True
8021,2003,-0.2049,2002,-0.1637,3,2,1,2,1,True
8022,2004,-0.2773,2009,-0.2977,3,2,2,2,-5,True
8023,1995,-0.1077,2013,-0.1099,3,2,2,2,-18,True
8024,2007,-0.1833,2011,-0.1654,3,2,1,2,-4,True
8025,2011,-0.188,2008,-0.2366,3,2,2,2,3,True
8026,2008,-0.1403,2010,-0.1388,3,2,1,2,-2,True
8027,2012,-0.1001,2012,-0.1713,4,2,1,2,0,True
8028,2014,-0.1167,2014,-0.0866,2,2,2,2,0,True
8029,2011,-0.0745,2010,-0.0814,2,2,1,2,1,True
8030,2014,-0.1124,2013,-0.1136,3,2,1,2,1,True
8031,1998,-0.0941,2001,-0.0478,3,2,1,2,-3,False
8032,2006,-0.1303,1998,-0.0768,3,2,1,3,8,True
8033,2007,-0.2026,2003,-0.3357,2,2,1,2,4,True
8034,2012,-0.1515,2008,-0.1836,4,2,1,2,4,True
8035,2009,-0.2166,2000,-0.1312,3,3,1,2,9,True
8036,2007,-0.1104,2008,-0.1424,3,2,1,2,-1,True
8037,2005,-0.1018,2004,-0.1452,2,1,1,2,1,True
8038,2006,-0.2301,2003,-0.1266,2,2,1,3,3,True
8039,2010,-0.1398,2014,-0.2068,3,3,1,2,-4,True
8040,2006,-0.2877,2003,-0.3306,3,2,1,2,3,True
8041,2006,-0.2645,2004,-0.336,3,2,1,2,2,True
8042,2010,-0.1115,2005,-0.1001,3,3,1,2,5,True
8043,2011,-0.2117,2011,-0.2679,3,1,1,2,0,True
8044,2011,-0.0648,2003,-0.0197,3,2,1,3,8,False
8045,2000,-0.0134,2002,-0.043,4,3,1,2,-2,False
8046,1994,-0.1651,1994,-0.0726,4,2,1,2,0,True
8047,1999,-0.0438,2003,-0.0344,3,2,1,2,-4,False
8048,2005,-0.0218,2005,-0.0404,1,1,1,1,0,False
8049,2004,-0.1233,2004,-0.2807,3,1,1,1,0,True
8050,2000,-0.217,2000,-0.3198,2,2,1,2,0,True
8051,2014,0.0,2014,0.0,0,0,0,0,0,False
8052,2014,0.0,2014,0.0,0,0,0,0,0,False
8053,2014,0.0,2014,0.0,0,0,0,0,0,False
8054,1999,0.0048,1999,0.0083,1,1,1,1,0,False
8055,1999,0.0031,1997,0.0031,1,1,1,2,2,False
8056,2014,0.0,2014,0.0,0,0,0,0,0,False
8057,2014,0.0,2014,0.0,0,0,0,0,0,False
8058,2014,0.0,2014,0.0,0,0,0,0,0,False
8059,2014,0.0,1999,0.0001,0,0,0,1,15,False
8060,1996,0.0023,1999,0.0033,1,1,1,1,-3,False
8061,2014,0.0,2014,-0.0,0,0,0,0,0,False
8062,2014,0.0,2014,0.0,0,0,0,0,0,False
8063,2014,0.0,2014,0.0,0,0,0,0,0,False
8064,2002,-0.02,2002,-0.004,1,1,1,2,0,False
8065,2014,0.0,2014,0.0,0,0,0,0,0,False
8066,2014,0.0,2008,-0.0005,0,0,0,2,6,False
8067,2014,0.0,2014,0.0,0,0,0,0,0,False
8068,2012,-0.0008,2011,-0.0046,5,3,0,2,1,False
8069,2014,0.0,2014,0.0001,0,0,0,0,0,False
8070,2014,0.0,2014,0.0001,0,0,0,0,0,False
8071,2001,-0.0204,2002,-0.0233,5,2,0,1,-1,False
8072,2001,-0.0102,2004,-0.0584,3,2,1,1,-3,False
8073,2012,-0.4443,2003,-0.1892,4,2,1,2,9,True
8074,2008,-0.4482,2003,-0.4675,3,2,2,2,5,True
8075,2003,-0.3072,2002,-0.3523,3,2,1,2,1,True
8076,2002,-0.4222,2001,-0.2744,3,1,1,1,1,True
8077,2003,-0.4364,2003,-0.2621,2,2,1,2,0,True
8078,2008,-0.3101,2011,-0.3986,3,2,1,3,-3,True
8079,2009,-0.153,2008,-0.1799,4,3,1,3,1,True
8080,1999,-0.0206,1999,-0.0202,3,2,1,2,0,False
8081,2014,0.0,2014,0.0,0,0,0,0,0,False
8082,1999,0.0018,1999,0.0037,3,1,1,1,0,False
8083,1999,0.0008,1999,0.0016,2,2,1,1,0,False
8084,2014,0.0,2014,0.0,0,0,0,0,0,False
8085,2014,0.0,2014,0.0,0,0,0,0,0,False
8086,2014,0.0,2014,0.0,0,0,0,0,0,False
8087,2014,0.0,2014,0.0,0,0,0,0,0,False
8088,2014,0.0,2014,0.0,0,0,0,0,0,False
8089,2014,0.0,2014,0.0,0,0,0,0,0,False
8090,2014,0.0,2014,0.0,0,0,0,0,0,False
8091,1999,0.0033,1999,0.0077,2,2,1,1,0,False
8092,1999,0.0044,1999,0.0046,2,2,1,1,0,False
8093,2014,0.0001,1999,0.0003,0,0,0,1,15,False
8094,2014,0.0,2014,0.0,0,0,0,0,0,False
8095,2000,0.0042,1999,0.0022,1,1,1,1,1,False
8096,2000,0.005,1999,0.0017,2,1,1,1,1,False
8097,2014,0.0,2014,0.0,0,0,0,0,0,False
8098,2014,0.0,2014,0.0,0,0,0,0,0,False
8099,2014,0.0,2014,0.0,0,0,0,0,0,False
8100,2014,0.0,2014,0.0001,0,0,0,0,0,False
8101,1999,0.0017,1999,0.0031,1,1,1,1,0,False
8102,1999,0.0031,1999,0.0007,3,2,1,3,0,False
8103,2014,0.0,2014,0.0,0,0,0,0,0,False
8104,2014,0.0,2014,0.0,0,0,0,0,0,False
8105,2014,0.0,2014,-0.0003,0,0,0,0,0,False
8106,2014,0.0,2014,0.0,0,0,0,0,0,False
8107,2014,-0.0168,2007,-0.016,0,0,0,2,7,False
8108,2014,-0.0014,1991,-0.0022,0,0,0,2,23,False
8109,2000,-0.0143,2009,-0.0079,4,2,1,2,-9,False
8110,2008,-0.0459,2012,-0.0328,4,3,0,3,-4,False
8111,2000,-0.1966,2000,-0.129,3,2,1,2,0,True
8112,1999,-0.3032,1998,-0.2613,2,1,1,1,1,True
8113,1997,-0.5573,1998,-0.4159,3,1,1,1,-1,True
8114,2000,-0.4894,2000,-0.5425,3,2,1,2,0,True
8115,1997,-0.3613,1998,-0.3298,3,1,1,2,-1,True
8116,1997,-0.1539,1998,-0.1701,2,1,1,1,-1,True
8117,1999,-0.3269,2000,-0.3713,2,1,1,1,-1,True
8118,2000,-0.1816,1998,-0.3115,3,2,1,2,2,True
8119,1997,-0.2582,1997,-0.3219,4,2,1,2,0,True
8120,1999,-0.3821,1997,-0.2957,3,2,1,2,2,True
8121,2005,-0.2439,1997,-0.1966,3,2,1,2,8,True
8122,2003,-0.2364,1999,-0.2539,3,2,1,2,4,True
8123,1999,-0.3965,1999,-0.3851,2,2,1,2,0,True
8124,1997,-0.3281,1997,-0.3215,3,2,1,2,0,True
8125,1997,-0.2371,1995,-0.2964,5,1,1,2,2,True
8126,1997,-0.1843,1992,-0.133,3,2,1,3,5,True
8127,1992,-0.1972,2005,-0.0328,4,2,0,2,-13,False
8128,1998,-0.1913,1995,-0.1607,3,2,1,1,3,True
8129,1994,-0.1423,2005,-0.0548,3,2,0,2,-11,True
8130,1996,-0.1394,1996,-0.1983,4,2,1,1,0,True
8131,1995,-0.0899,1996,-0.1393,4,2,1,2,-1,True
8132,1999,-0.0703,2001,-0.0933,3,1,1,1,-2,True
8133,2002,-0.2216,2003,-0.1857,3,2,1,1,-1,True
8134,2003,-0.1477,2002,-0.1147,2,2,1,2,1,True
8135,1996,-0.1429,1995,-0.1384,3,2,1,2,1,True
8136,1997,-0.0857,1995,-0.0871,3,2,1,2,2,True
8137,1995,-0.0771,1996,-0.0354,2,2,1,1,-1,False
8138,2002,-0.1008,2003,-0.0841,2,2,1,2,-1,True
8139,1998,-0.1047,1998,-0.0957,3,2,1,2,0,True
8140,2012,-0.0606,1998,-0.0853,3,2,1,2,14,True
8141,2013,-0.1517,1998,-0.0723,2,2,2,2,15,True
8142,1999,-0.1176,1999,-0.1097,2,2,2,2,0,True
8143,2012,-0.1782,2011,-0.1064,3,2,1,2,1,True
8144,2012,-0.13,1998,-0.0912,3,2,1,2,14,True
8145,1990,-0.0913,2001,-0.0504,4,3,2,3,-11,True
8146,2001,-0.0709,2001,-0.0785,3,3,1,2,0,True
8147,2008,-0.1206,2007,-0.1882,3,2,1,2,1,True
8148,2001,-0.2977,2000,-0.3522,3,1,1,2,1,True
8149,2000,-0.2468,2001,-0.2788,4,2,1,2,-1,True
8150,2001,-0.2144,2003,-0.1989,3,2,1,2,-2,True
8151,2001,-0.1134,2004,-0.1601,3,2,1,2,-3,True
8152,2005,-0.1245,2008,-0.084,3,2,1,2,-3,True
8153,2006,-0.0559,2006,-0.0514,3,2,1,1,0,True
8154,2007,-0.0886,2007,-0.0807,2,1,1,1,0,True
8155,2006,-0.1502,2007,-0.1318,3,2,1,1,-1,True
8156,2003,-0.2333,2004,-0.2123,2,1,1,1,-1,True
8157,2013,-0.2543,2004,-0.3122,3,2,2,2,9,True
8158,2014,-0.1461,2005,-0.137,3,2,1,2,9,True
8159,1993,-0.0426,2016,-0.0826,4,2,0,2,-23,False
8160,2016,-0.1053,2016,-0.0908,4,2,0,3,0,True
8161,2017,-0.1098,2011,-0.1393,3,3,0,2,6,True
8162,2007,-0.0329,2008,-0.0602,4,2,1,2,-1,False
8163,2007,-0.0328,2016,-0.0228,4,2,1,3,-9,False
8164,1999,-0.0825,2000,-0.0651,3,3,1,2,-1,True
8165,2002,-0.0604,2014,-0.1541,3,1,1,2,-12,True
8166,2014,0.0,2014,0.0,0,0,0,0,0,False
8167,2014,0.0,2014,0.0,0,0,0,0,0,False
8168,2014,0.0,1999,0.0004,0,0,0,1,15,False
8169,1996,0.0013,1997,0.0066,2,1,1,1,-1,False
8170,1999,0.002,1999,0.0012,2,1,1,2,0,False
8171,2014,0.0,1998,0.0003,0,0,0,2,16,False
8172,2014,0.0,1998,0.0005,0,0,0,2,16,False
8173,1999,0.0021,1999,0.0032,3,1,1,1,0,False
8174,2001,0.0017,1999,0.0008,3,2,1,1,2,False
8175,2001,0.0022,1999,0.0026,2,1,1,1,2,False
8176,2014,0.0,2014,0.0,0,0,0,0,0,False
8177,2014,0.0,2014,0.0,0,0,0,0,0,False
8178,2002,-0.0848,2002,-0.0668,2,1,1,1,0,True
8179,2002,-0.0947,2003,-0.0562,1,1,1,2,-1,True
8180,2002,-0.0383,2003,-0.0576,1,1,1,1,-1,False
8181,2002,-0.0066,2003,-0.0171,4,3,0,2,-1,False
8182,2014,0.0019,2002,-0.0006,0,0,0,3,12,False
8183,1999,0.001,2002,-0.0034,4,4,0,2,-3,False
8184,2014,0.0,2010,-0.0004,0,0,0,2,4,False
8185,2003,-0.0736,2003,-0.0611,1,1,1,1,0,True
8186,2003,-0.0386,2003,-0.017,2,2,1,1,0,False
8187,2006,-0.0834,2007,-0.1076,3,2,1,2,-1,True
8188,2003,-0.2304,2003,-0.3287,3,1,1,1,0,True
8189,2002,-0.5218,2001,-0.59,2,1,1,1,1,True
8190,2001,-0.2709,2002,-0.2385,2,2,1,1,-1,True
8191,2001,-0.284,2002,-0.2289,3,3,1,2,-1,True
8192,2008,-0.2239,2008,-0.2196,2,2,1,2,0,True
8193,2011,-0.3407,2011,-0.2869,3,1,1,2,0,True
8194,2011,-0.2616,2011,-0.3018,3,1,1,1,0,True
8195,2012,-0.1021,2012,-0.0621,5,2,2,2,0,True
8196,1999,0.0046,1999,0.0019,2,1,1,1,0,False
8197,1999,0.0049,1999,0.0005,2,1,1,1,0,False
8198,2014,0.0,2014,0.0,0,0,0,0,0,False
8199,2014,0.0,2014,0.0,0,0,0,0,0,False
8200,2014,0.0,2014,0.0,0,0,0,0,0,False
8201,2014,0.0,2014,0.0,0,0,0,0,0,False
8202,2014,0.0,2014,0.0,0,0,0,0,0,False
8203,2014,0.0,2014,0.0,0,0,0,0,0,False
8204,2014,0.0,2014,0.0,0,0,0,0,0,False
8205,2014,0.0,2014,0.0,0,0,0,0,0,False
8206,2011,0.0028,1999,0.0053,2,2,1,2,12,False
8207,2014,0.0,2014,0.0,0,0,0,0,0,False
8208,2014,0.0,2014,0.0,0,0,0,0,0,False
8209,2014,0.0,2014,0.0,0,0,0,0,0,False
8210,2008,0.0027,1999,0.0001,3,2,1,2,9,False
8211,2000,0.0007,2000,0.0017,2,1,1,2,0,False
8212,2014,0.0,1999,0.0001,0,0,0,2,15,False
8213,2014,0.0,2014,0.0,0,0,0,0,0,False
8214,2014,0.0,2014,0.0,0,0,0,0,0,False
8215,2014,0.0,2014,0.0,0,0,0,0,0,False
8216,1999,0.001,2000,0.0031,4,2,1,1,-1,False
8217,1999,0.0024,1999,0.0011,4,2,1,2,0,False
8218,1999,0.0008,1999,0.0014,3,2,1,1,0,False
8219,2014,0.0,2014,0.0,0,0,0,0,0,False
8220,2014,0.0,1999,0.0024,0,0,0,1,15,False
8221,2014,0.0001,2014,0.0,0,0,0,0,0,False
8222,2014,0.0,2014,0.0,0,0,0,0,0,False
8223,1996,0.0017,1993,0.0004,5,1,1,1,3,False
8224,2000,-0.0095,2008,-0.0069,6,1,1,1,-8,False
8225,2014,-0.0001,2014,-0.0003,0,0,0,0,0,False
8226,2005,-0.1458,2005,-0.0827,3,2,1,2,0,True
8227,1999,-0.3934,2000,-0.2953,2,1,1,1,-1,True
8228,2000,-0.5152,1999,-0.5096,3,2,1,1,1,True
8229,2005,-0.3195,2005,-0.3028,2,2,2,2,0,True
8230,1996,-0.1965,1997,-0.3185,3,1,1,2,-1,True
8231,1997,-0.2613,1998,-0.209,3,1,1,1,-1,True
8232,1997,-0.138,1996,-0.1639,3,2,1,1,1,True
8233,2000,-0.2502,2000,-0.2446,3,1,1,2,0,True
8234,1997,-0.4003,1998,-0.3164,2,2,1,2,-1,True
8235,1999,-0.4164,2000,-0.3499,3,2,1,2,-1,True
8236,2003,-0.2135,2009,-0.1707,2,2,1,2,-6,True
8237,1998,-0.2657,2006,-0.2905,4,3,1,2,-8,True
8238,1999,-0.3135,1999,-0.3796,2,2,1,2,0,True
8239,1998,-0.2726,1996,-0.2913,5,2,1,1,2,True
8240,1996,-0.1345,1995,-0.1867,4,1,1,3,1,True
8241,1995,-0.1967,1994,-0.2562,3,2,0,2,1,True
8242,1998,-0.2367,1997,-0.1776,3,2,1,1,1,True
8243,2000,-0.2244,1997,-0.3382,2,2,1,2,3,True
8244,1994,-0.1975,1994,-0.2434,4,1,1,1,0,True
8245,1995,-0.2354,1995,-0.2334,3,2,1,1,0,True
8246,1995,-0.1177,1998,-0.1418,4,2,1,1,-3,True
8247,1995,-0.1144,1998,-0.1297,4,2,1,2,-3,True
8248,2001,-0.09,2001,-0.1461,2,1,1,1,0,True
8249,2004,-0.1278,2000,-0.1082,2,2,2,3,4,True
8250,1999,-0.0831,2002,-0.1059,3,2,2,2,-3,True
8251,1995,-0.0702,2003,-0.1041,3,2,1,2,-8,True
8252,2004,-0.0725,2004,-0.0573,2,1,1,2,0,True
8253,2003,-0.0576,2003,-0.0595,3,2,1,2,0,True
8254,2011,-0.1319,2004,-0.114,2,2,1,2,7,True
8255,2012,-0.1054,2004,-0.1193,3,2,2,2,8,True
8256,2001,-0.0165,2003,-0.0394,4,1,0,2,-2,False
8257,2011,-0.0506,1998,-0.0317,3,2,1,2,13,False
8258,2012,-0.0754,2000,-0.1051,2,2,2,2,12,True
8259,2014,-0.0151,1996,-0.0201,3,2,1,2,18,False
8260,2000,-0.0556,2001,-0.037,3,3,1,2,-1,False
8261,2000,-0.0456,2000,-0.0191,2,1,1,2,0,False
8262,2003,-0.0751,2002,-0.1352,3,2,1,1,1,True
8263,2005,-0.1291,2001,-0.1682,2,1,1,2,4,True
8264,2000,-0.3003,2000,-0.3424,3,2,1,1,0,True
8265,2008,-0.1152,2006,-0.07,3,2,1,1,2,True
8266,2002,-0.0659,2007,-0.0877,3,2,1,2,-5,True
8267,2003,-0.1802,2000,-0.2657,2,1,1,1,3,True
8268,2004,-0.2482,2004,-0.1865,2,2,1,2,0,True
8269,2006,-0.128,2009,-0.1257,3,2,1,2,-3,True
8270,2006,-0.1155,2009,-0.0938,2,2,1,1,-3,True
8271,2005,-0.1168,2003,-0.0944,3,1,1,1,2,True
8272,2004,-0.1268,2004,-0.1473,3,1,1,2,0,True
8273,2004,-0.0679,2004,-0.0819,3,2,2,2,0,True
8274,2016,-0.0936,2017,-0.1115,4,2,0,2,-1,True
8275,2017,-0.2,2004,-0.1385,3,2,2,3,13,True
8276,1993,-0.074,2007,-0.0994,5,2,0,2,-14,True
8277,2006,-0.0655,2004,-0.0667,4,3,1,2,2,True
8278,2015,-0.0832,1993,-0.0585,3,3,1,2,22,True
8279,2014,-0.0816,2002,-0.0394,4,2,1,2,12,False
8280,2003,-0.0149,2000,-0.0117,3,1,1,1,3,False
8281,2014,0.0,2014,0.0,0,0,0,0,0,False
8282,2014,0.0,2014,0.0001,0,0,0,0,0,False
8283,2011,-0.0002,1997,0.0036,2,0,0,1,14,False
8284,1999,0.0083,1999,0.0015,2,1,1,1,0,False
8285,1999,0.0061,1999,0.0018,1,1,1,2,0,False
8286,1999,0.0046,1999,0.0032,3,1,1,2,0,False
8287,2014,0.0003,1999,0.0012,0,0,0,1,15,False
8288,1999,0.0012,1999,0.0035,2,2,1,2,0,False
8289,1999,0.0014,1999,0.0018,1,1,1,1,0,False
8290,2014,0.0,2014,0.0,0,0,0,0,0,False
8291,2014,0.0,2014,0.0,0,0,0,0,0,False
8292,2014,-0.0032,2014,-0.0003,0,0,0,0,0,False
8293,2005,-0.042,2013,-0.0389,2,2,1,2,-8,False
8294,2014,-0.0019,2008,-0.0095,0,0,0,2,6,False
8295,2010,-0.0013,2003,-0.0077,4,3,1,2,7,False
8296,2010,-0.0013,2004,-0.0129,3,2,1,3,6,False
8297,1999,0.0011,2003,-0.0145,2,2,2,1,-4,False
8298,1999,-0.0157,2003,-0.0579,5,3,1,1,-4,False
8299,2014,0.0015,2005,-0.0001,0,0,0,2,9,False
8300,2003,-0.1248,2003,-0.0706,1,1,1,1,0,True
8301,2003,-0.1427,2003,-0.0144,1,1,1,1,0,False
8302,2006,-0.2037,2006,-0.3306,2,1,1,1,0,True
8303,2006,-0.4894,2007,-0.3747,2,1,1,2,-1,True
8304,2003,-0.3686,2003,-0.2833,3,2,1,1,0,True
8305,2001,-0.441,2002,-0.2885,2,1,1,1,-1,True
8306,2003,-0.3604,2003,-0.2843,3,2,1,2,0,True
8307,2005,-0.1331,2007,-0.1602,2,2,1,2,-2,True
8308,2004,-0.1107,2004,-0.0859,1,1,1,1,0,True
8309,2012,-0.324,2012,-0.3038,4,2,1,2,0,True
8310,1999,0.0009,1999,0.0019,2,2,0,2,0,False
8311,1996,0.0025,1999,0.0011,3,1,1,1,-3,False
8312,1996,0.0008,1999,0.0015,2,2,1,2,-3,False
8313,2014,0.0,2014,0.0,0,0,0,0,0,False
8314,2014,0.0,2014,0.0,0,0,0,0,0,False
8315,2014,0.0,2014,0.0,0,0,0,0,0,False
8316,2014,0.0,2014,0.0,0,0,0,0,0,False
8317,2014,0.0,2014,0.0,0,0,0,0,0,False
8318,2014,0.0,2014,0.0,0,0,0,0,0,False
8319,2014,0.0,2014,0.0,0,0,0,0,0,False
8320,1999,0.0052,1999,0.0013,3,2,1,2,0,False
8321,1996,0.002,2007,0.0037,2,1,0,2,-11,False
8322,2014,0.0,2014,0.0,0,0,0,0,0,False
8323,2014,0.0,2014,0.0,0,0,0,0,0,False
8324,2014,0.0,2014,0.0,0,0,0,0,0,False
8325,2014,0.0,2014,0.0,0,0,0,0,0,False
8326,2009,0.0038,2000,0.0011,3,3,1,2,9,False
8327,2011,-0.0002,1999,0.0009,5,1,0,1,12,False
8328,2014,0.0,2014,0.0,0,0,0,0,0,False
8329,2014,0.0,2014,0.0,0,0,0,0,0,False
8330,2014,0.0,2014,0.0,0,0,0,0,0,False
8331,2014,0.0,2014,0.0,0,0,0,0,0,False
8332,2014,0.0,2014,0.0,0,0,0,0,0,False
8333,2014,0.0002,1999,0.0014,0,0,0,3,15,False
8334,2001,0.0031,2006,0.0001,3,2,1,1,-5,False
8335,2014,0.0006,1999,0.0009,0,0,0,1,15,False
8336,2014,-0.0012,2014,-0.0002,0,0,0,0,0,False
8337,2014,-0.0012,2014,-0.0001,0,0,0,0,0,False
8338,2014,0.0,2014,0.0,0,0,0,0,0,False
8339,1994,0.0007,1994,0.0004,3,1,1,1,0,False
8340,2014,-0.0001,2014,-0.0002,0,0,0,0,0,False
8341,2005,-0.2658,2005,-0.3609,2,2,1,2,0,True
8342,2000,-0.6156,1999,-0.5261,2,2,1,1,1,True
8343,1998,-0.4095,1999,-0.3932,2,2,1,2,-1,True
8344,2000,-0.3353,1999,-0.3797,2,2,1,2,1,True
8345,1999,-0.3603,1999,-0.3392,2,2,1,2,0,True
8346,1999,-0.2711,1998,-0.3297,2,2,1,2,1,True
8347,1997,-0.2521,1997,-0.336,3,1,1,2,0,True
8348,1997,-0.2919,1998,-0.2677,3,2,1,2,-1,True
8349,1999,-0.3493,2000,-0.3352,2,2,1,1,-1,True
8350,1999,-0.2314,1999,-0.2403,2,2,1,2,0,True
8351,1998,-0.3133,1998,-0.3763,3,3,1,2,0,True
8352,1998,-0.3868,1998,-0.3544,3,2,1,2,0,True
8353,1998,-0.3469,1998,-0.37,3,2,1,2,0,True
8354,1997,-0.3699,1997,-0.3696,2,2,1,2,0,True
8355,1997,-0.1705,1994,-0.2185,4,2,1,2,3,True
8356,1996,-0.182,1996,-0.2145,4,1,1,1,0,True
8357,1995,-0.1056,1995,-0.1544,4,2,1,1,0,True
8358,1994,-0.2106,1994,-0.1835,4,2,1,2,0,True
8359,1998,-0.4618,1998,-0.3487,2,2,1,2,0,True
8360,1997,-0.2229,1995,-0.2359,3,2,1,3,2,True
8361,1994,-0.1184,1994,-0.0437,4,2,1,2,0,False
8362,1994,-0.1569,1997,-0.1825,3,2,1,1,-3,True
8363,2008,-0.085,2001,-0.1121,3,2,1,3,7,True
8364,2006,-0.1155,2003,-0.1164,3,3,1,2,3,True
8365,2004,-0.0994,2003,-0.1025,3,3,1,1,1,True
8366,2003,-0.0588,1996,-0.0575,2,2,1,2,7,True
8367,1997,-0.1132,2001,-0.0857,3,2,1,2,-4,True
8368,2008,-0.2179,2010,-0.1933,3,2,1,2,-2,True
8369,2011,-0.1953,2011,-0.1855,2,2,1,2,0,True
8370,2012,-0.0542,2003,-0.0404,3,2,1,2,9,False
8371,2012,-0.0323,2014,-0.0248,3,1,1,2,-2,False
8372,2014,0.0,1996,-0.0003,0,0,0,2,18,False
8373,2000,-0.0054,1993,-0.0047,2,1,1,3,7,False
8374,1989,-0.0041,2014,-0.0094,5,1,0,2,-25,False
8375,1994,-0.0238,2004,-0.0583,3,1,1,2,-10,False
8376,2001,-0.0779,2001,-0.1026,3,2,1,1,0,True
8377,2007,-0.0897,2004,-0.0641,3,2,1,3,3,True
8378,2006,-0.1778,2002,-0.2102,3,2,1,2,4,True
8379,2004,-0.2197,2003,-0.2354,3,1,1,1,1,True
8380,2004,-0.207,2003,-0.2297,2,2,1,2,1,True
8381,2003,-0.0943,2006,-0.0702,3,2,1,2,-3,True
8382,2003,-0.1951,2001,-0.2115,3,1,1,2,2,True
8383,2004,-0.2355,2004,-0.0983,2,2,1,2,0,True
8384,2011,-0.1134,2005,-0.1258,4,1,1,2,6,True
8385,2014,-0.1878,2005,-0.104,3,2,1,2,9,True
8386,2003,-0.1371,2003,-0.1335,2,2,1,2,0,True
8387,2003,-0.029,2004,-0.084,5,2,0,2,-1,False
8388,2010,-0.0507,1999,-0.0267,4,2,1,2,11,False
8389,2016,-0.1247,2016,-0.1237,4,2,2,2,0,True
8390,1994,-0.0947,2002,-0.0862,3,2,2,2,-8,True
8391,2004,-0.0967,2005,-0.0738,2,2,1,2,-1,True
8392,2013,-0.0406,2004,-0.0251,3,3,1,2,9,False
8393,2002,-0.019,2013,-0.0491,4,2,1,1,-11,False
8394,2003,-0.0547,2004,-0.0467,2,2,1,2,-1,False
8395,2005,-0.0121,2003,-0.0459,4,2,1,2,2,False
8396,1998,0.0023,2001,0.0012,3,1,1,1,-3,False
8397,2014,0.0,2004,0.0001,0,0,0,3,10,False
8398,2005,-0.0001,1997,0.0075,3,2,0,1,8,False
8399,1999,0.0071,1999,0.0039,3,1,1,1,0,False
8400,1999,0.0064,1999,0.0019,1,1,1,1,0,False
8401,1999,0.0064,1999,0.0018,1,1,1,1,0,False
8402,1999,0.0031,1999,0.0021,3,1,1,1,0,False
8403,2014,0.0,2014,0.0,0,0,0,0,0,False
8404,2014,0.0,2014,0.0,0,0,0,0,0,False
8405,2014,0.0,2014,0.0,0,0,0,0,0,False
8406,2014,0.0,2014,0.0,0,0,0,0,0,False
8407,2005,-0.0444,2005,-0.0131,2,1,1,2,0,False
8408,2005,-0.0403,1997,-0.0837,3,2,1,2,8,False
8409,2015,-0.0026,2014,-0.0071,4,3,1,1,1,False
8410,2014,-0.0005,2014,-0.0037,0,0,0,0,0,False
8411,2003,0.0005,2004,0.0001,2,1,1,2,-1,False
8412,1999,0.0015,2003,-0.0322,3,1,1,1,-4,False
8413,2001,-0.024,2008,-0.0691,4,2,1,2,-7,False
8414,2001,-0.0128,2003,-0.043,5,2,1,1,-2,False
8415,2003,-0.0718,2003,-0.0492,2,2,1,2,0,False
8416,2005,-0.1464,2003,-0.1924,2,1,1,1,2,True
8417,2006,-0.1627,2006,-0.0887,2,1,1,2,0,True
8418,2007,-0.2363,2006,-0.3017,3,1,1,2,1,True
8419,2007,-0.3205,2005,-0.2401,3,2,1,2,2,True
8420,2002,-0.3842,2002,-0.3371,3,1,1,2,0,True
8421,2003,-0.2031,2003,-0.1291,3,2,1,3,0,True
8422,2003,-0.2806,2002,-0.1504,2,2,1,2,1,True
8423,2007,-0.1503,2009,-0.0487,3,2,1,3,-2,False
8424,1999,0.0024,1998,0.0005,4,2,1,2,1,False
8425,1999,0.0012,1999,0.0015,2,1,1,2,0,False
8426,1999,0.0018,1999,0.0016,3,2,1,1,0,False
8427,1991,0.0006,1999,0.0002,6,1,0,3,-8,False
8428,2014,0.0,2014,0.0,0,0,0,0,0,False
8429,2014,0.0,2014,0.0,0,0,0,0,0,False
8430,2014,0.0,2014,0.0,0,0,0,0,0,False
8431,2014,0.0,1999,0.0007,0,0,0,1,15,False
8432,2014,0.0,2014,0.0,0,0,0,0,0,False
8433,2014,0.0,2014,0.0,0,0,0,0,0,False
8434,2014,0.0,2000,0.0002,0,0,0,1,14,False
8435,1999,0.001,1999,0.0046,4,1,1,2,0,False
8436,1999,0.0052,1999,0.0019,2,2,1,2,0,False
8437,2014,0.0,2014,0.0,0,0,0,0,0,False
8438,2014,0.0,2014,0.0,0,0,0,0,0,False
8439,2014,0.0,2014,-0.0003,0,0,0,0,0,False
8440,2014,0.0,2014,0.0,0,0,0,0,0,False
8441,1997,0.0031,1997,0.0008,3,2,1,2,0,False
8442,1997,0.0059,1997,0.0031,3,3,1,2,0,False
8443,2014,0.0,2014,0.0,0,0,0,0,0,False
8444,2014,0.0,2014,0.0,0,0,0,0,0,False
8445,2014,0.0,2014,0.0,0,0,0,0,0,False
8446,2014,0.0,2014,0.0,0,0,0,0,0,False
8447,2014,0.0,2014,0.0,0,0,0,0,0,False
8448,2001,0.0039,2011,0.0017,2,2,1,2,-10,False
8449,1999,0.0061,1999,0.0009,2,1,1,2,0,False
8450,2014,0.0006,1999,0.0013,0,0,0,1,15,False
8451,2014,0.0,2014,0.0,0,0,0,0,0,False
8452,2014,0.0,2014,-0.0002,0,0,0,0,0,False
8453,2008,-0.0006,2014,0.0,6,1,0,0,-6,False
8454,1993,0.0018,1993,0.0005,5,2,0,2,0,False
8455,2008,-0.0065,2017,-0.0146,3,2,1,2,-9,False
8456,2000,-0.2561,2000,-0.1701,2,2,1,2,0,True
8457,1998,-0.4016,2000,-0.4927,3,2,1,2,-2,True
8458,2005,-0.4031,1998,-0.4523,2,2,1,2,7,True
8459,2003,-0.2688,2005,-0.3675,3,2,1,3,-2,True
8460,1997,-0.2733,1997,-0.287,4,2,1,3,0,True
8461,2000,-0.3497,2009,-0.2763,2,2,1,2,-9,True
8462,1997,-0.4402,1997,-0.394,4,2,1,2,0,True
8463,1997,-0.3367,1997,-0.2237,3,2,1,2,0,True
8464,1998,-0.2836,1997,-0.2385,3,2,1,2,1,True
8465,1996,-0.3494,1998,-0.3221,3,1,1,2,-2,True
8466,1998,-0.4033,1998,-0.4171,2,2,1,2,0,True
8467,1998,-0.5488,1998,-0.5636,3,2,1,2,0,True
8468,1997,-0.5815,1998,-0.5247,2,2,1,2,-1,True
8469,1998,-0.5892,1998,-0.6811,2,2,1,2,0,True
8470,1998,-0.4034,1998,-0.3009,3,2,1,2,0,True
8471,1997,-0.2835,1996,-0.1831,3,1,1,2,1,True
8472,1999,-0.1359,2000,-0.1068,2,2,1,2,-1,True
8473,1997,-0.2448,1999,-0.1785,3,2,1,2,-2,True
8474,1997,-0.2979,1996,-0.3253,4,2,1,1,1,True
8475,1999,-0.1799,1997,-0.1706,3,2,1,1,2,True
8476,1996,-0.067,2000,-0.0345,4,1,1,2,-4,False
8477,1994,-0.1201,1998,-0.0842,3,3,1,2,-4,True
8478,1995,-0.1172,1998,-0.075,2,2,1,2,-3,True
8479,1998,-0.1043,1997,-0.059,2,2,1,2,1,True
8480,1998,-0.0804,2002,-0.0666,3,1,1,1,-4,True
8481,2011,-0.1302,2011,-0.0791,3,2,1,2,0,True
8482,2007,-0.1752,2001,-0.1303,2,2,1,2,6,True
8483,2008,-0.2087,2010,-0.2226,2,2,1,2,-2,True
8484,2011,-0.1293,2003,-0.0555,2,2,1,2,8,True
8485,2004,-0.0142,2005,-0.0111,3,1,1,3,-1,False
8486,2003,-0.0289,2002,-0.0148,2,1,1,1,1,False
8487,2002,-0.0198,2001,-0.0228,4,1,1,2,1,False
8488,2000,-0.006,2004,0.0057,3,2,1,1,-4,False
8489,2002,-0.0568,2004,-0.0425,3,2,1,2,-2,False
8490,2007,-0.0846,2001,-0.0653,4,2,1,3,6,True
8491,2002,-0.1902,2001,-0.1866,4,2,1,2,1,True
8492,2002,-0.1673,2002,-0.2263,2,2,1,2,0,True
8493,2004,-0.2295,2003,-0.3041,3,2,1,2,1,True
8494,2004,-0.2664,2002,-0.2882,2,2,1,2,2,True
8495,2001,-0.1926,2002,-0.122,3,2,1,2,-1,True
8496,2004,-0.2046,2004,-0.1901,3,2,1,2,0,True
8497,2002,-0.1968,2004,-0.1444,3,1,1,2,-2,True
8498,2001,-0.1513,2000,-0.1353,2,2,2,2,1,True
8499,2007,-0.011,2003,-0.0154,4,2,0,2,4,False
8500,2004,-0.0859,2004,-0.1157,2,2,2,2,0,True
8501,2003,-0.0873,2003,-0.0506,3,2,1,2,0,True
8502,2002,-0.0849,2006,-0.0457,2,2,1,2,-4,False
8503,2001,-0.2874,2003,-0.365,2,2,1,2,-2,True
8504,2003,-0.1674,2014,-0.1574,2,1,1,2,-11,True
8505,2003,-0.0816,2012,-0.0986,4,2,1,2,-9,True
8506,2004,-0.0082,2014,-0.013,3,2,0,1,-10,False
8507,1999,-0.1002,2001,-0.0766,2,2,2,2,-2,True
8508,1999,-0.2439,2000,-0.1089,3,2,1,2,-1,True
8509,2012,-0.342,2003,-0.3633,2,2,2,2,9,True
8510,2011,-0.1428,2011,-0.1486,3,2,1,3,0,True
8511,2000,0.0024,2004,0.0026,3,1,1,2,-4,False
8512,1997,0.003,1997,0.0066,2,2,1,2,0,False
8513,1997,0.0046,1998,0.0066,2,2,1,1,-1,False
8514,1999,0.0041,1999,0.006,2,1,1,1,0,False
8515,1999,0.0085,1999,0.0083,2,1,1,1,0,False
8516,2014,0.0,2014,0.0,0,0,0,0,0,False
8517,2014,0.0,2014,0.0,0,0,0,0,0,False
8518,2014,0.0,2014,0.0,0,0,0,0,0,False
8519,2014,0.0,2014,0.0,0,0,0,0,0,False
8520,2014,-0.009,2013,-0.0135,0,0,0,1,1,False
8521,2014,-0.0067,2011,-0.007,0,0,0,1,3,False
8522,2014,-0.0079,2014,-0.0011,0,0,0,0,0,False
8523,2003,-0.0208,2011,-0.0346,2,2,1,2,-8,False
8524,2002,-0.0683,2002,-0.0136,2,2,1,1,0,False
8525,2004,-0.0242,2003,-0.0437,1,1,1,1,1,False
8526,2019,-0.0045,2014,-0.0108,4,1,0,2,5,False
8527,1999,-0.0045,1999,-0.0022,3,2,0,3,0,False
8528,2002,-0.0045,2003,-0.0064,2,1,1,1,-1,False
8529,2014,0.0001,2003,-0.0008,0,0,0,1,11,False
8530,2000,-0.0541,2001,-0.0148,3,1,1,3,-1,False
8531,2003,-0.1013,2002,-0.1078,2,2,1,1,1,True
8532,2002,-0.1733,2006,-0.3519,4,3,1,2,-4,True
8533,2007,-0.3028,2006,-0.286,3,2,1,2,1,True
8534,2003,-0.319,2006,-0.3393,3,2,1,2,-3,True
8535,2003,-0.3815,2003,-0.4204,2,2,1,1,0,True
8536,2005,-0.2296,2003,-0.2177,3,2,1,1,2,True
8537,2005,-0.1267,2005,-0.1006,3,3,1,2,0,True
8538,2005,-0.1106,2008,-0.0521,3,3,1,2,-3,True
8539,1998,0.0006,1998,0.0013,6,1,1,3,0,False
8540,1999,0.0027,1999,0.003,3,1,1,1,0,False
8541,1999,0.0035,1999,0.0037,2,1,1,1,0,False
8542,2014,0.0,2014,0.0,0,0,0,0,0,False
8543,2014,0.0,2014,-0.0,0,0,0,0,0,False
8544,2014,0.0,2014,0.0,0,0,0,0,0,False
8545,2014,0.0,2014,0.0,0,0,0,0,0,False
8546,1999,0.0009,1999,0.0011,4,1,1,1,0,False
8547,2014,0.0002,1999,0.0007,0,0,0,2,15,False
8548,2014,0.0,2014,0.0,0,0,0,0,0,False
8549,2014,0.0003,1999,0.0021,0,0,0,2,15,False
8550,2014,0.0,2014,0.0,0,0,0,0,0,False
8551,2014,0.0,2014,0.0,0,0,0,0,0,False
8552,2014,0.0,2014,0.0,0,0,0,0,0,False
8553,2014,0.0,2014,-0.0,0,0,0,0,0,False
8554,2014,0.0,2014,0.0,0,0,0,0,0,False
8555,2014,0.0,2014,0.0,0,0,0,0,0,False
8556,2014,0.0,2014,0.0,0,0,0,0,0,False
8557,2000,0.0019,1999,0.0024,2,1,1,2,1,False
8558,2000,0.0029,1999,0.0005,1,1,1,2,1,False
8559,2014,0.0,2014,0.0,0,0,0,0,0,False
8560,2014,0.0,2014,0.0,0,0,0,0,0,False
8561,2014,0.0,2014,0.0,0,0,0,0,0,False
8562,2014,-0.0001,2014,0.0,0,0,0,0,0,False
8563,2014,0.0,2014,0.0,0,0,0,0,0,False
8564,1999,0.0017,2014,-0.0054,4,1,1,2,-15,False
8565,1999,0.008,1999,0.0014,1,1,1,1,0,False
8566,2009,-0.0007,1996,0.001,4,3,0,1,13,False
8567,1997,0.0014,1999,0.0006,3,3,1,2,-2,False
8568,1998,0.0008,1993,0.0007,2,1,1,2,5,False
8569,2019,-0.0062,2015,-0.0029,4,3,0,3,4,False
8570,2014,-0.0063,2010,-0.0015,0,0,0,2,4,False
8571,2007,-0.0048,2009,-0.008,5,3,0,2,-2,False
8572,1998,-0.2645,1998,-0.2751,3,2,1,2,0,True
8573,1997,-0.4599,1998,-0.4575,3,2,1,2,-1,True
8574,1998,-0.3393,2000,-0.3638,3,1,1,1,-2,True
8575,2012,-0.2618,2004,-0.4289,2,2,2,2,8,True
8576,1999,-0.2118,2014,-0.1302,2,2,2,2,-15,True
8577,1997,-0.4973,1997,-0.4006,3,2,1,2,0,True
8578,1997,-0.4626,1997,-0.3815,2,2,1,1,0,True
8579,1997,-0.2537,1998,-0.2477,3,2,1,2,-1,True
8580,1998,-0.2757,1997,-0.3595,4,2,1,1,1,True
8581,1998,-0.4356,1998,-0.3995,3,2,1,2,0,True
8582,1998,-0.2874,1997,-0.4151,3,2,1,1,1,True
8583,1999,-0.4558,1997,-0.4064,2,2,1,2,2,True
8584,1997,-0.4288,1997,-0.4389,4,2,1,2,0,True
8585,1994,-0.4613,1996,-0.4143,3,3,1,2,-2,True
8586,2002,-0.0856,1994,-0.1334,2,1,1,3,8,True
8587,2001,-0.1196,1999,-0.058,4,2,1,3,2,True
8588,2000,-0.0866,2015,0.0315,3,2,1,1,-15,False
8589,2010,-0.0276,1993,-0.129,3,2,1,2,17,False
8590,2012,0.0026,1994,-0.21,4,3,0,1,18,False
8591,2000,-0.068,2006,0.0166,2,2,1,2,-6,False
8592,1999,-0.1185,1997,-0.0643,3,2,1,2,2,True
8593,1999,-0.1981,1995,-0.1332,2,2,1,2,4,True
8594,1995,-0.1164,2008,-0.0995,3,3,2,2,-13,True
8595,2012,-0.1537,2012,-0.1206,3,2,1,2,0,True
8596,2002,-0.0977,2002,-0.0967,4,3,1,3,0,True
8597,2001,-0.0727,2003,-0.0784,4,2,2,3,-2,True
8598,2004,-0.028,2009,-0.0379,2,2,1,2,-5,False
8599,2010,-0.1033,2010,-0.1564,2,2,1,2,0,True
8600,2010,-0.1225,2010,-0.1045,2,2,1,2,0,True
8601,2003,-0.0198,1999,-0.0138,2,2,1,1,4,False
8602,2012,-0.1155,2013,-0.0422,3,2,1,2,-1,False
8603,2005,-0.0753,2013,-0.0374,2,2,1,2,-8,False
8604,2006,-0.1095,2006,-0.1311,3,2,1,2,0,True
8605,2000,-0.1331,2005,-0.1604,4,2,2,2,-5,True
8606,2000,-0.1786,2001,-0.1922,3,2,1,2,-1,True
8607,2012,-0.205,2000,-0.1531,3,2,1,2,12,True
8608,1997,-0.1414,2005,-0.0809,3,2,1,2,-8,True
8609,1998,-0.17,2001,-0.1544,4,2,1,2,-3,True
8610,2002,-0.1997,2005,-0.1656,3,2,1,2,-3,True
8611,2001,-0.1616,2000,-0.1575,3,2,1,2,1,True
8612,2002,-0.1228,2002,-0.0926,3,2,1,2,0,True
8613,2015,-0.038,2002,-0.0142,5,1,0,2,13,False
8614,1999,-0.3095,1999,-0.4309,2,2,1,2,0,True
8615,1999,-0.1118,2001,-0.0597,2,1,1,1,-2,True
8616,2003,-0.0446,2003,-0.0085,1,1,1,1,0,False
8617,2003,-0.1674,2000,-0.2356,3,2,1,2,3,True
8618,2008,-0.0854,2012,-0.0374,2,1,1,2,-4,False
8619,2001,-0.1879,2004,-0.1234,2,2,1,2,-3,True
8620,2014,-0.0132,2014,-0.0202,0,0,0,1,0,False
8621,2012,-0.041,2012,-0.0785,4,2,1,1,0,False
8622,2014,-0.0962,2002,-0.0285,4,1,1,2,12,False
8623,1996,-0.1527,2012,-0.1743,2,2,1,2,-16,True
8624,2003,-0.1676,2003,-0.1067,3,2,1,2,0,True
8625,2011,-0.3759,2011,-0.286,3,3,1,2,0,True
8626,1996,0.013,1997,0.0053,1,1,1,1,-1,False
8627,1996,0.022,1996,0.0054,3,1,1,2,0,False
8628,2000,0.001,2003,0.0058,4,2,1,2,-3,False
8629,2014,0.0,2014,0.0,0,0,0,0,0,False
8630,2014,0.0,1996,0.0002,0,0,0,1,18,False
8631,2014,0.0002,1999,0.0002,0,0,0,1,15,False
8632,2014,0.0,2014,0.0,0,0,0,0,0,False
8633,2014,0.0,2014,-0.0004,0,0,0,0,0,False
8634,1999,-0.0032,2012,-0.0313,4,2,2,2,-13,False
8635,2007,-0.0984,2003,-0.0645,4,2,2,1,4,True
8636,2014,-0.0055,2014,-0.0194,0,0,0,0,0,False
8637,1997,-0.0018,2014,-0.0013,3,2,1,1,-17,False
8638,2002,-0.0305,2002,-0.0931,2,2,1,2,0,False
8639,2002,-0.088,2002,-0.029,2,2,1,2,0,False
8640,2000,-0.0605,1997,-0.0735,2,2,1,1,3,True
8641,2000,-0.0485,2000,-0.03,2,2,1,2,0,False
8642,2008,-0.0208,2004,-0.0798,2,1,1,1,4,False
8643,2008,-0.0265,2007,-0.0072,2,1,1,3,1,False
8644,1996,-0.011,2003,-0.0474,2,2,1,1,-7,False
8645,1999,-0.0555,1999,-0.0126,3,1,1,2,0,False
8646,2003,-0.108,2003,-0.1336,3,3,1,2,0,True
8647,2003,-0.1133,2003,-0.0721,3,2,1,3,0,True
8648,2002,-0.2438,2003,-0.3149,2,2,1,2,-1,True
8649,2002,-0.2927,2002,-0.2621,3,2,1,2,0,True
8650,2003,-0.4525,2003,-0.3559,3,1,1,2,0,True
8651,2010,-0.4495,2005,-0.2848,3,2,1,2,5,True
8652,2005,-0.4036,2005,-0.3641,2,2,1,2,0,True
8653,2006,-0.1347,2006,-0.0599,2,2,1,3,0,True
8654,2019,-0.0035,2008,-0.0043,5,1,0,2,11,False
8655,2014,0.0,2014,0.0,0,0,0,0,0,False
8656,1996,0.0007,2014,0.0,3,1,1,0,-18,False
8657,1996,0.0007,2014,-0.0001,3,1,1,0,-18,False
8658,2014,0.0,2014,0.0,0,0,0,0,0,False
8659,2014,0.0,2014,0.0,0,0,0,0,0,False
8660,2014,0.0,2014,0.0,0,0,0,0,0,False
8661,2014,0.0002,1998,0.0018,0,0,0,1,16,False
8662,1999,0.001,1999,0.0007,4,1,1,1,0,False
8663,1998,0.0013,1999,0.0018,2,1,1,2,-1,False
8664,1998,0.0012,2007,0.0017,3,2,1,2,-9,False
8665,2014,0.0003,2014,0.0,0,0,0,0,0,False
8666,2014,0.0,2014,0.0,0,0,0,0,0,False
8667,2014,0.0,2014,-0.0,0,0,0,0,0,False
8668,2014,0.0,2014,0.0,0,0,0,0,0,False
8669,2014,0.0,2014,0.0,0,0,0,0,0,False
8670,2001,0.0009,1999,0.0004,1,1,1,1,2,False
8671,2007,-0.1454,2005,-0.1423,2,1,1,1,2,True
8672,2009,-0.022,2016,-0.0065,2,2,1,1,-7,False
8673,2006,-0.0686,2006,-0.0628,3,3,1,2,0,True
8674,2014,-0.0153,2014,-0.0007,0,0,0,0,0,False
8675,2006,-0.168,2006,-0.1169,1,1,1,1,0,True
8676,2003,-0.0064,2003,-0.001,2,2,1,3,0,False
8677,2014,0.0,2014,0.0,0,0,0,0,0,False
8678,2014,-0.0001,2014,-0.0001,0,0,0,0,0,False
8679,2014,0.0,2014,0.0,0,0,0,0,0,False
8680,2005,-0.0026,2007,-0.0154,4,2,0,1,-2,False
8681,2009,-0.0007,1995,-0.0054,5,2,0,1,14,False
8682,1995,0.0011,1999,0.0013,3,1,1,2,-4,False
8683,1998,-0.0722,1999,-0.0201,2,2,1,1,-1,False
8684,2014,-0.0016,2014,-0.002,0,0,0,0,0,False
8685,2017,-0.0145,2003,-0.0066,6,3,0,2,14,False
8686,1998,-0.0063,1988,-0.003,4,1,1,4,10,False
8687,2000,-0.2691,1999,-0.3222,3,1,1,2,1,True
8688,1998,-0.3221,1997,-0.3828,2,2,1,2,1,True
8689,2000,-0.2923,2000,-0.3822,3,2,1,1,0,True
8690,2000,-0.426,2000,-0.3849,3,1,1,2,0,True
8691,2000,-0.4621,2000,-0.4402,2,1,1,1,0,True
8692,1997,-0.4056,1998,-0.4643,2,2,1,2,-1,True
8693,1997,-0.4102,1997,-0.2337,3,2,1,1,0,True
8694,1997,-0.2984,1997,-0.2536,3,2,1,2,0,True
8695,1998,-0.2568,1997,-0.3208,3,2,1,2,1,True
8696,1999,-0.2994,1998,-0.3462,3,2,1,2,1,True
8697,1996,-0.1494,1998,-0.1314,4,1,1,2,-2,True
8698,1997,-0.3247,1997,-0.4572,4,2,1,2,0,True
8699,1997,-0.4717,1998,-0.3405,3,1,1,2,-1,True
8700,1998,-0.2323,1999,-0.4207,3,2,1,1,-1,True
8701,1998,-0.1236,2002,-0.118,3,2,1,2,-4,True
8702,2013,-0.0002,2014,0.0491,3,2,1,2,-1,False
8703,1991,-0.1049,1992,-0.0935,5,2,0,3,-1,True
8704,1992,-0.1117,1994,-0.1338,5,3,1,2,-2,True
8705,2000,-0.1767,2000,-0.2887,3,2,1,2,0,True
8706,2005,0.0574,2005,0.0277,3,1,1,2,0,False
8707,1994,-0.0733,2000,-0.0742,3,2,1,2,-6,True
8708,1995,-0.139,1995,-0.1928,3,2,1,1,0,True
8709,1995,-0.1115,1991,-0.0996,4,1,1,1,4,True
8710,1997,-0.0959,2001,-0.0761,4,1,1,3,-4,True
8711,1997,-0.1012,2008,-0.1144,3,2,1,2,-11,True
8712,2001,-0.1146,2006,-0.133,5,2,1,2,-5,True
8713,2007,-0.1246,2004,-0.123,2,2,1,2,3,True
8714,2010,-0.2179,2010,-0.1133,3,2,1,2,0,True
8715,2010,-0.1793,2010,-0.226,2,2,1,2,0,True
8716,1997,-0.0846,2006,-0.0548,4,2,2,2,-9,True
8717,2005,-0.1483,2005,-0.1754,3,2,1,2,0,True
8718,2005,-0.205,2004,-0.2225,3,2,1,2,1,True
8719,2003,-0.2076,2005,-0.2682,3,2,1,2,-2,True
8720,2003,-0.1905,2002,-0.1577,3,2,1,2,1,True
8721,2002,-0.2073,2002,-0.2117,4,2,1,2,0,True
8722,2012,-0.1391,2012,-0.1173,2,2,2,2,0,True
8723,2007,-0.2371,2004,-0.2132,3,3,1,2,3,True
8724,2007,-0.2,2007,-0.2519,2,2,1,2,0,True
8725,2007,-0.3172,2004,-0.2593,3,2,1,2,3,True
8726,2004,-0.2873,2003,-0.2567,3,2,1,2,1,True
8727,2004,-0.1717,2004,-0.1678,2,2,1,2,0,True
8728,1999,-0.146,1999,-0.3503,2,2,1,2,0,True
8729,1999,-0.092,2002,-0.1298,3,1,1,1,-3,True
8730,1999,-0.1643,1999,-0.1226,2,2,1,1,0,True
8731,2014,0.0003,2014,0.0,0,0,0,0,0,False
8732,2007,-0.0097,2006,-0.0105,2,1,1,1,1,False
8733,2014,0.0,2014,0.0,0,0,0,0,0,False
8734,2014,0.0001,2013,0.0002,0,0,0,1,1,False
8735,2014,0.0,2007,-0.0,0,0,0,3,7,False
8736,1993,0.0027,2012,-0.0043,2,2,1,2,-19,False
8737,2019,-0.1201,2012,-0.026,0,0,0,2,7,False
8738,2003,-0.0632,2002,-0.034,3,2,1,2,1,False
8739,2006,-0.177,2006,-0.0983,4,2,1,2,0,True
8740,2012,-0.1021,2001,-0.0447,3,3,1,2,11,False
8741,2003,0.0023,1997,0.0073,4,1,0,2,6,False
8742,1998,0.0097,1998,0.0023,2,1,1,1,0,False
8743,2000,0.0015,2000,0.0003,2,1,1,1,0,False
8744,2014,0.0001,2013,0.0004,0,0,0,0,1,False
8745,1999,0.0049,1999,0.0036,1,1,1,1,0,False
8746,2014,0.0002,2014,0.0,0,0,0,0,0,False
8747,2014,-0.0004,2014,-0.0,0,0,0,0,0,False
8748,2014,-0.0215,2011,-0.0336,3,1,1,2,3,False
8749,2007,-0.0865,2006,-0.0244,3,2,1,2,1,False
8750,2002,-0.0724,2001,-0.0758,4,2,1,2,1,True
8751,2014,-0.0425,2013,-0.0093,0,0,0,1,1,False
8752,1992,-0.0154,2017,-0.0241,4,3,1,1,-25,False
8753,2011,-0.0243,2004,-0.0175,6,1,1,2,7,False
8754,2008,-0.014,2012,-0.0161,3,1,1,1,-4,False
8755,1993,-0.0167,2013,-0.0191,2,2,1,2,-20,False
8756,2013,-0.0067,1999,-0.0034,4,3,1,2,14,False
8757,2000,-0.0318,2006,-0.0847,2,2,1,2,-6,False
8758,2004,-0.0075,2005,-0.0016,1,1,1,1,-1,False
8759,2003,-0.0458,2005,-0.0583,1,1,1,1,-2,False
8760,2003,-0.1109,2003,-0.0776,1,1,1,1,0,True
8761,2003,-0.1629,2005,-0.0349,2,2,1,2,-2,False
8762,2003,-0.2634,2002,-0.2049,2,2,1,1,1,True
8763,2005,-0.1776,2003,-0.3167,3,2,1,2,2,True
8764,1999,-0.2273,2001,-0.2309,4,2,1,2,-2,True
8765,1996,-0.2597,1996,-0.3206,3,2,2,2,0,True
8766,2006,-0.4048,2003,-0.4129,2,2,1,2,3,True
8767,2007,-0.3549,2008,-0.3684,2,2,1,2,-1,True
8768,2020,-0.0017,1998,0.0007,6,1,0,2,22,False
8769,2014,0.0,2014,0.0,0,0,0,0,0,False
8770,2014,0.0,2014,0.0,0,0,0,0,0,False
8771,2014,0.0,2014,0.0,0,0,0,0,0,False
8772,2014,0.0,2014,0.0,0,0,0,0,0,False
8773,2014,0.0,2014,0.0,0,0,0,0,0,False
8774,2014,0.0,2014,0.0,0,0,0,0,0,False
8775,1998,0.0015,2014,0.0,4,3,1,0,-16,False
8776,1998,0.0029,1998,0.0025,5,2,1,2,0,False
8777,1999,0.0032,1999,0.002,4,1,0,2,0,False
8778,1999,0.0024,1998,0.0003,3,1,1,2,1,False
8779,2014,0.0,2014,0.0,0,0,0,0,0,False
8780,2014,0.0,2014,0.0,0,0,0,0,0,False
8781,2014,0.0,2014,0.0,0,0,0,0,0,False
8782,2014,0.0,2014,0.0,0,0,0,0,0,False
8783,2014,0.0514,2014,0.0125,4,2,1,2,0,False
8784,2014,0.0365,1996,-0.0829,4,2,1,2,18,False
8785,2006,-0.0546,2006,-0.1232,2,1,1,3,0,True
8786,2003,-0.0996,2004,-0.1296,3,2,1,2,-1,True
8787,2006,-0.2265,2006,-0.1353,2,1,1,2,0,True
8788,2003,-0.1221,2007,-0.1427,3,2,1,2,-4,True
8789,2007,-0.24,2006,-0.244,2,2,1,2,1,True
8790,2007,-0.3825,2007,-0.3381,2,1,1,1,0,True
8791,2002,-0.1444,2002,-0.1538,2,2,1,1,0,True
8792,1998,-0.3017,2000,-0.4364,2,2,1,2,-2,True
8793,1997,-0.1504,2002,-0.0792,2,2,1,2,-5,True
8794,2001,-0.2309,2002,-0.1719,2,1,1,1,-1,True
8795,1997,-0.1394,2002,-0.0837,2,2,1,2,-5,True
8796,2001,-0.3891,1998,-0.5059,2,2,1,2,3,True
8797,1997,-0.3208,1997,-0.2618,2,2,1,2,0,True
8798,1998,-0.5195,1998,-0.5276,2,2,1,2,0,True
8799,1997,-0.0743,1993,-0.0151,2,2,1,2,4,False
8800,2000,-0.0896,2015,-0.1102,3,3,1,2,-15,True
8801,1999,-0.1145,1997,-0.0769,3,1,1,2,2,True
8802,2000,-0.356,2000,-0.3305,3,1,1,2,0,True
8803,2000,-0.2928,2000,-0.2965,3,2,1,2,0,True
8804,2000,-0.2944,2000,-0.3465,2,2,1,2,0,True
8805,2000,-0.4801,2000,-0.4891,2,1,1,1,0,True
8806,1999,-0.43,1999,-0.4937,3,2,1,1,0,True
8807,1997,-0.5627,1997,-0.4433,4,2,1,2,0,True
8808,1997,-0.5039,1997,-0.4009,3,1,1,1,0,True
8809,1998,-0.2392,1997,-0.3576,2,1,1,1,1,True
8810,1997,-0.2965,2000,-0.3293,3,1,1,2,-3,True
8811,1999,-0.1774,1998,-0.0973,3,2,1,2,1,True
8812,1996,-0.1784,1995,-0.1573,3,1,1,1,1,True
8813,1997,-0.1771,1997,-0.139,3,1,1,1,0,True
8814,1996,-0.2664,1995,-0.2548,4,2,1,2,1,True
8815,1999,-0.3526,1999,-0.2379,2,2,1,1,0,True
8816,2001,-0.2877,2000,-0.3642,2,1,1,1,1,True
8817,1996,-0.2018,1997,-0.1491,4,1,1,1,-1,True
8818,1996,-0.2815,1998,-0.254,2,2,1,2,-2,True
8819,2000,-0.2112,2002,-0.2888,2,1,1,2,-2,True
8820,2003,-0.3813,2001,-0.3402,2,2,1,2,2,True
8821,2002,-0.1059,1999,-0.1084,3,2,1,2,3,True
8822,1999,-0.1082,1996,-0.1095,4,2,1,3,3,True
8823,1992,-0.1216,1995,-0.1617,4,2,1,2,-3,True
8824,1991,-0.1554,2004,-0.0408,3,3,1,3,-13,False
8825,2001,-0.0887,1992,-0.1338,4,2,1,2,9,True
8826,2000,-0.0548,2000,-0.0544,3,2,1,2,0,True
8827,2004,-0.1664,2004,-0.2253,2,2,1,2,0,True
8828,2004,-0.1274,2003,-0.1428,2,2,1,2,1,True
8829,2011,-0.1253,2012,-0.1571,3,2,1,2,-1,True
8830,2008,-0.1747,2010,-0.2093,3,2,1,2,-2,True
8831,2002,-0.1369,2002,-0.1631,2,2,1,2,0,True
8832,2001,-0.1841,2001,-0.2171,3,3,1,2,0,True
8833,2006,-0.2084,2002,-0.2439,3,2,1,2,4,True
8834,2006,-0.2594,2006,-0.2468,3,2,1,2,0,True
8835,2004,-0.2059,2004,-0.2069,3,2,1,2,0,True
8836,1998,-0.0984,2004,-0.096,3,2,1,2,-6,True
8837,2007,-0.1989,2007,-0.2649,3,2,1,2,0,True
8838,2004,-0.2539,2005,-0.3186,3,2,1,2,-1,True
8839,2008,-0.2595,2007,-0.2583,3,2,1,2,1,True
8840,2005,-0.2462,2002,-0.195,4,2,1,2,3,True
8841,2006,-0.2724,2001,-0.2105,3,2,1,2,5,True
8842,2015,-0.0782,2006,-0.0324,5,1,0,2,9,False
8843,2003,-0.0277,2004,-0.0392,5,2,0,3,-1,False
8844,2014,0.0006,2004,-0.0222,0,0,0,2,10,False
8845,2014,0.0003,1994,0.0003,0,0,0,3,20,False
8846,2014,-0.0025,2003,0.0001,0,0,0,2,11,False
8847,2014,0.0,2014,0.0,0,0,0,0,0,False
8848,2014,0.0,1996,0.0002,0,0,0,2,18,False
8849,2014,0.0,2014,0.0,0,0,0,0,0,False
8850,2014,0.0005,2007,-0.0012,0,0,0,2,7,False
8851,2014,0.0007,1997,-0.0005,0,0,0,2,17,False
8852,2014,-0.0489,2000,-0.0078,6,2,0,3,14,False
8853,2005,-0.1563,2000,-0.1258,4,3,1,3,5,True
8854,2005,-0.1153,2011,-0.147,3,2,1,2,-6,True
8855,2006,-0.0508,2001,-0.0304,3,2,1,2,5,False
8856,1996,0.0013,1997,0.0025,3,1,1,1,-1,False
8857,2014,0.0001,2002,0.0002,0,0,0,2,12,False
8858,2014,0.0,1998,0.0006,0,0,0,2,16,False
8859,2014,0.0006,1999,0.0062,0,0,0,1,15,False
8860,2000,0.0048,1999,0.0081,1,1,1,1,1,False
8861,2014,0.0,2014,-0.0018,0,0,0,0,0,False
8862,2014,-0.0008,2014,-0.0001,0,0,0,0,0,False
8863,2011,-0.0068,2013,-0.0209,5,2,1,1,-2,False
8864,2014,-0.0245,2014,-0.0087,0,0,0,1,0,False
8865,2014,-0.0069,2014,-0.0002,0,0,0,0,0,False
8866,1998,-0.0291,2002,-0.0333,3,2,1,3,-4,False
8867,2002,-0.033,2002,-0.0274,3,2,1,2,0,False
8868,2018,-0.0461,2013,-0.0432,5,2,0,2,5,False
8869,1999,-0.0121,1999,-0.0061,3,2,0,2,0,False
8870,2003,-0.0216,2011,-0.0352,4,3,1,2,-8,False
8871,2003,-0.0369,2005,-0.0164,4,2,1,3,-2,False
8872,2005,-0.0091,2004,-0.0043,1,1,1,2,1,False
8873,2014,0.0011,2003,-0.001,0,0,0,2,11,False
8874,2003,-0.0052,2003,-0.0086,2,1,1,1,0,False
8875,2007,-0.0588,2006,-0.0591,2,1,1,2,1,True
8876,2003,-0.2177,2005,-0.1904,3,2,1,1,-2,True
8877,2006,-0.2169,2006,-0.2157,2,1,1,2,0,True
8878,2003,-0.3085,1999,-0.3046,3,2,1,2,4,True
8879,2001,-0.3765,2000,-0.3543,2,2,1,2,1,True
8880,2001,-0.3357,2002,-0.3013,2,2,1,2,-1,True
8881,2001,-0.3199,2001,-0.4156,3,2,1,1,0,True
8882,2004,-0.2458,2007,-0.2082,2,1,1,1,-3,True
8883,1991,0.0009,1998,0.0003,4,1,0,2,-7,False
8884,2014,0.0,2014,0.0,0,0,0,0,0,False
8885,2014,0.0,2014,0.0,0,0,0,0,0,False
8886,2014,0.0,2014,0.0,0,0,0,0,0,False
8887,2014,0.0,2014,0.0,0,0,0,0,0,False
8888,2014,0.0,2014,0.0,0,0,0,0,0,False
8889,2014,0.0,2014,0.0,0,0,0,0,0,False
8890,1998,0.0026,1998,0.0009,5,2,1,1,0,False
8891,1994,0.0013,1998,0.0001,4,2,1,1,-4,False
8892,1991,0.0036,2005,0.0019,4,1,0,2,-14,False
8893,2014,0.0,2014,0.0,0,0,0,0,0,False
8894,2014,0.0,2014,0.0,0,0,0,0,0,False
8895,2014,0.0,2014,0.0,0,0,0,0,0,False
8896,2014,0.0,2014,0.0,0,0,0,0,0,False
8897,2014,0.0,2002,-0.0451,0,0,0,1,12,False
8898,1995,-0.0383,2002,-0.0614,2,2,2,1,-7,False
8899,2002,-0.0219,2002,-0.0589,3,3,1,1,0,False
8900,2017,-0.058,2003,-0.0983,0,0,0,2,14,True
8901,2002,-0.2067,2003,-0.3031,2,1,1,1,-1,True
8902,2005,-0.2231,2005,-0.1834,2,1,1,2,0,True
8903,2002,-0.2334,2004,-0.2403,2,1,1,1,-2,True
8904,2004,-0.2505,2005,-0.3113,2,1,1,2,-1,True
8905,2004,-0.2485,2003,-0.3784,2,2,1,1,1,True
8906,2002,-0.4967,2004,-0.3695,2,1,1,2,-2,True
8907,2000,-0.3101,2001,-0.3087,3,1,1,2,-1,True
8908,2001,-0.3573,2000,-0.3654,3,2,1,2,1,True
8909,2000,-0.3284,2000,-0.3734,2,2,1,2,0,True
8910,2000,-0.3983,1998,-0.4347,2,2,1,2,2,True
8911,1997,-0.6441,1998,-0.5942,3,2,1,2,-1,True
8912,1997,-0.6216,1997,-0.6021,3,2,1,2,0,True
8913,1997,-0.4659,1998,-0.5135,4,1,1,2,-1,True
8914,1997,-0.3278,1997,-0.3849,2,2,1,2,0,True
8915,1997,-0.3386,1997,-0.3344,3,2,1,2,0,True
8916,1998,-0.3152,1999,-0.3622,2,2,1,2,-1,True
8917,1998,-0.2336,1998,-0.2667,2,2,1,2,0,True
8918,1999,-0.2619,1998,-0.3328,2,2,1,2,1,True
8919,1997,-0.2257,1997,-0.3047,4,2,1,2,0,True
8920,1997,-0.3077,2000,-0.3278,3,2,1,2,-3,True
8921,1997,-0.3117,1997,-0.4016,4,2,1,2,0,True
8922,1997,-0.4105,1997,-0.4897,3,2,1,2,0,True
8923,1998,-0.6524,1997,-0.6501,3,2,1,2,1,True
8924,1997,-0.5257,1997,-0.5822,3,2,1,1,0,True
8925,2000,-0.4248,1997,-0.5345,2,2,1,2,3,True
8926,1997,-0.2388,1998,-0.3551,4,1,1,2,-1,True
8927,1998,-0.1947,1997,-0.3233,4,3,1,2,1,True
8928,1998,-0.2559,1998,-0.1821,3,2,1,2,0,True
8929,2000,-0.2346,1997,-0.3425,3,2,1,1,3,True
8930,1995,-0.1445,1993,-0.1798,2,1,1,2,2,True
8931,2000,-0.3163,2002,-0.397,2,2,1,2,-2,True
8932,2000,-0.3274,2000,-0.3467,2,2,1,2,0,True
8933,2002,-0.2596,1998,-0.2807,3,2,1,1,4,True
8934,2003,-0.4902,2002,-0.3808,2,2,1,2,1,True
8935,2000,-0.3533,1999,-0.3003,2,2,1,2,1,True
8936,2000,-0.1808,1998,-0.0785,2,1,1,3,2,True
8937,1998,-0.2334,1997,-0.2209,3,2,1,2,1,True
8938,1991,-0.1556,1994,-0.1874,3,3,1,3,-3,True
8939,1997,-0.274,1998,-0.2784,4,2,1,2,-1,True
8940,2001,-0.1287,2002,-0.1439,3,2,1,2,-1,True
8941,1996,-0.1426,1996,-0.1297,3,1,1,1,0,True
8942,2002,-0.0976,2003,-0.1905,3,2,2,2,-1,True
8943,2001,-0.1194,2003,-0.1346,3,2,1,3,-2,True
8944,2013,-0.0364,2013,-0.1048,3,3,0,2,0,False
8945,2004,-0.1457,2002,-0.1043,3,2,1,2,2,True
8946,2002,-0.1161,2002,-0.1261,2,2,1,2,0,True
8947,1999,-0.182,2000,-0.1816,3,2,2,2,-1,True
8948,2001,-0.2232,2007,-0.1866,3,2,1,2,-6,True
8949,2005,-0.1857,2003,-0.1695,3,2,1,3,2,True
8950,2004,-0.1485,2003,-0.1555,3,2,1,2,1,True
8951,2002,-0.1244,1999,-0.0854,3,2,1,2,3,True
8952,2002,-0.2132,2000,-0.1968,3,2,1,2,2,True
8953,2005,-0.1485,1999,-0.1418,3,2,1,2,6,True
8954,2005,-0.2372,2006,-0.2294,3,2,1,2,-1,True
8955,2005,-0.2164,2007,-0.2386,4,3,1,2,-2,True
8956,2010,-0.1684,2001,-0.2147,3,2,1,2,9,True
8957,1999,-0.0878,2003,-0.0548,3,3,1,2,-4,True
8958,2015,-0.068,2005,-0.0256,4,1,0,2,10,False
8959,2004,-0.0417,2003,-0.0434,3,2,1,2,1,False
8960,2014,0.0,2001,-0.0008,0,0,0,2,13,False
8961,2014,-0.0025,1990,-0.0013,0,0,0,4,24,False
8962,2014,-0.0013,2014,-0.0001,0,0,0,0,0,False
8963,2011,-0.088,2012,-0.0593,3,2,1,1,-1,True
8964,2014,0.0,2014,0.0,0,0,0,0,0,False
8965,2014,0.0005,2002,-0.0007,0,0,0,3,12,False
8966,2014,0.0002,2002,-0.0018,0,0,0,1,12,False
8967,2013,-0.0311,1999,-0.0186,4,2,2,2,14,False
8968,2005,-0.0626,2003,-0.0364,3,2,1,2,2,False
8969,2003,-0.0589,2000,-0.0353,5,2,1,2,3,False
8970,2001,-0.0555,2002,-0.0354,4,2,1,2,-1,False
8971,2014,0.0,2014,0.0,0,0,0,0,0,False
8972,2014,0.0,2014,0.0,0,0,0,0,0,False
8973,2014,0.0007,2002,0.005,0,0,0,1,12,False
8974,2014,0.0,1998,0.0003,0,0,0,2,16,False
8975,2014,-0.0,2014,-0.0,0,0,0,0,0,False
8976,2014,-0.0132,2010,-0.014,0,0,0,2,4,False
8977,2014,-0.0123,2014,-0.0154,0,0,0,0,0,False
8978,2014,-0.0043,2014,-0.0033,0,0,0,3,0,False
8979,2014,-0.0008,2014,-0.0008,0,0,0,0,0,False
8980,2014,-0.007,2014,-0.0028,0,0,0,1,0,False
8981,2002,-0.0506,1991,-0.0168,2,2,1,2,11,False
8982,2011,-0.0267,2005,-0.0224,4,4,1,2,6,False
8983,2010,-0.0468,2010,-0.0288,2,2,1,2,0,False
8984,2003,-0.1382,2010,-0.214,3,2,1,2,-7,True
8985,2012,-0.1493,2013,-0.1369,4,2,1,1,-1,True
8986,1990,-0.0282,2012,-0.0288,3,2,0,3,-22,False
8987,2013,-0.0245,2013,-0.0038,3,2,1,1,0,False
8988,2015,-0.0057,2014,-0.0193,5,1,0,1,1,False
8989,2003,-0.0507,2003,-0.0299,2,1,1,1,0,False
8990,2003,-0.1321,2003,-0.0603,1,1,1,2,0,True
8991,2004,-0.0747,2005,-0.0574,4,2,1,2,-1,True
8992,2003,-0.1517,2004,-0.0806,5,2,1,3,-1,True
8993,2005,-0.3462,2001,-0.2375,3,2,1,1,4,True
8994,2002,-0.3766,2002,-0.3161,3,2,1,2,0,True
8995,2001,-0.426,2001,-0.3425,2,2,1,1,0,True
8996,2002,-0.306,2005,-0.4073,3,2,1,2,-3,True
8997,2008,-0.2025,2007,-0.2406,2,2,1,1,1,True
8998,1998,0.001,1998,0.0007,3,2,1,2,0,False
8999,2014,0.0,2014,0.0,0,0,0,0,0,False
9000,2014,0.0004,1998,0.0005,0,0,0,1,16,False
9001,2014,0.0,2014,0.0,0,0,0,0,0,False
9002,2014,0.0,2014,0.0,0,0,0,0,0,False
9003,2014,0.0,2014,0.0,0,0,0,0,0,False
9004,1995,0.0018,1999,0.0015,4,3,1,1,-4,False
9005,2006,0.0016,1999,0.0018,4,2,1,1,7,False
9006,2014,0.0,2014,0.0,0,0,0,0,0,False
9007,2000,0.0018,2010,0.0035,4,3,1,1,-10,False
9008,2005,0.0017,2002,-0.0091,3,2,1,1,3,False
9009,2014,0.0001,2002,-0.0104,0,0,0,1,12,False
9010,2014,0.0,2014,0.0,0,0,0,0,0,False
9011,2014,0.0,2014,0.0001,0,0,0,0,0,False
9012,2014,0.0013,2002,-0.0386,0,0,0,2,12,False
9013,2003,-0.0101,2015,0.0005,3,3,0,2,-12,False
9014,2004,-0.0419,2004,-0.0133,3,2,1,2,0,False
9015,2002,-0.068,2004,-0.065,2,2,1,2,-2,True
9016,2003,-0.1546,2003,-0.1903,1,1,1,1,0,True
9017,2003,-0.3931,2002,-0.2964,1,1,1,1,1,True
9018,2004,-0.3082,2005,-0.2033,1,1,1,1,-1,True
9019,2003,-0.2272,2003,-0.3511,2,1,1,1,0,True
9020,2004,-0.2936,2006,-0.2327,3,1,1,2,-2,True
9021,2003,-0.3263,2003,-0.3069,2,1,1,1,0,True
9022,2002,-0.1808,2002,-0.2262,3,3,1,2,0,True
9023,1998,-0.3381,2000,-0.351,2,2,1,2,-2,True
9024,1998,-0.4049,1998,-0.4618,3,2,1,2,0,True
9025,1998,-0.4442,1998,-0.4665,3,2,1,2,0,True
9026,1997,-0.51,1997,-0.5714,3,2,1,2,0,True
9027,1997,-0.5891,1997,-0.6044,3,1,1,1,0,True
9028,1997,-0.5642,1997,-0.581,4,1,1,1,0,True
9029,1997,-0.4188,1997,-0.3636,3,1,1,1,0,True
9030,1997,-0.4245,1997,-0.4246,3,2,1,1,0,True
9031,1998,-0.3238,1998,-0.3143,3,2,1,2,0,True
9032,1999,-0.1105,2000,-0.1927,3,1,1,1,-1,True
9033,2012,0.0278,1996,-0.1067,5,2,2,2,16,False
9034,1995,-0.0219,2012,0.02,5,1,1,2,-17,False
9035,1997,-0.2496,1998,-0.3031,3,2,1,2,-1,True
9036,1998,-0.4477,1998,-0.3736,2,1,1,2,0,True
9037,1998,-0.5327,1997,-0.4669,3,2,1,2,1,True
9038,1997,-0.4845,1997,-0.5809,4,2,1,2,0,True
9039,1997,-0.5242,1997,-0.5924,3,2,1,1,0,True
9040,1996,-0.5194,1996,-0.5884,3,2,1,2,0,True
9041,1997,-0.2961,1997,-0.2366,4,2,1,3,0,True
9042,1998,-0.239,1997,-0.2555,4,2,1,2,1,True
9043,1997,-0.3631,1997,-0.225,3,2,1,2,0,True
9044,2003,-0.2351,1998,-0.2168,4,2,1,2,5,True
9045,1999,-0.1541,1994,-0.187,5,2,1,3,5,True
9046,1995,-0.257,1997,-0.3319,4,1,1,1,-2,True
9047,1996,-0.18,1995,-0.1551,3,1,1,2,1,True
9048,1999,-0.2829,1999,-0.3497,4,2,1,2,0,True
9049,2000,-0.4095,2000,-0.3966,2,2,1,2,0,True
9050,1998,-0.3794,1999,-0.432,3,2,1,2,-1,True
9051,1997,-0.2261,1998,-0.3657,3,2,1,2,-1,True
9052,1998,-0.2333,1998,-0.2759,3,2,1,2,0,True
9053,1997,-0.2315,1997,-0.2196,3,2,1,2,0,True
9054,1997,-0.4239,1997,-0.4267,4,2,1,2,0,True
9055,1995,-0.4015,1995,-0.2604,5,2,1,2,0,True
9056,2003,-0.2432,1998,-0.1824,3,2,1,2,5,True
9057,2004,-0.1398,1997,-0.1274,3,2,1,2,7,True
9058,1999,-0.1211,1998,-0.148,3,2,1,1,1,True
9059,1998,-0.0771,1999,-0.0978,2,2,1,3,-1,True
9060,1999,-0.1039,1997,-0.1217,4,2,1,2,2,True
9061,2000,-0.1469,2000,-0.135,3,2,2,2,0,True
9062,2000,-0.2288,1999,-0.1624,3,1,1,2,1,True
9063,2003,-0.1614,2002,-0.1693,3,2,1,2,1,True
9064,2006,-0.2221,2005,-0.2,3,2,1,2,1,True
9065,2004,-0.1988,2005,-0.2054,2,2,2,2,-1,True
9066,2006,-0.1644,2004,-0.1291,2,2,1,2,2,True
9067,1998,-0.1091,2000,-0.1158,2,2,1,2,-2,True
9068,2012,-0.1736,2012,-0.101,3,2,2,3,0,True
9069,2004,-0.1476,2007,-0.1492,4,3,1,2,-3,True
9070,2006,-0.1606,2010,-0.1544,4,3,1,3,-4,True
9071,2010,-0.2112,2002,-0.2184,3,2,2,2,8,True
9072,2011,-0.1521,2001,-0.1429,3,2,2,2,10,True
9073,2004,-0.0831,2005,-0.0841,3,2,1,2,-1,True
9074,2006,-0.0198,2002,-0.0053,2,1,1,2,4,False
9075,2006,-0.0013,1993,-0.0008,2,2,1,2,13,False
9076,2005,-0.0098,2004,-0.0177,3,2,1,1,1,False
9077,2014,-0.1117,2011,-0.1998,4,1,1,1,3,True
9078,2015,-0.0614,2006,-0.0535,4,2,1,2,9,True
9079,2014,0.0006,2011,-0.0,0,0,0,3,3,False
9080,2014,-0.0008,2014,-0.0001,0,0,0,0,0,False
9081,1997,-0.0064,1999,-0.0068,2,2,1,2,-2,False
9082,2004,-0.045,2004,-0.0771,2,2,1,2,0,False
9083,2000,-0.0207,2005,-0.0266,3,3,1,2,-5,False
9084,2004,-0.0594,2002,-0.0424,3,2,1,2,2,False
9085,2005,-0.108,2006,-0.097,3,2,2,2,-1,True
9086,2014,0.0,2014,0.0001,0,0,0,0,0,False
9087,2014,0.0,2014,0.0,0,0,0,0,0,False
9088,2014,0.0,1999,0.0003,0,0,0,1,15,False
9089,2014,0.0,2014,0.0,0,0,0,0,0,False
9090,2019,-0.0239,2002,-0.0035,3,3,0,2,17,False
9091,2002,-0.0122,2002,-0.0078,3,3,0,2,0,False
9092,2014,-0.0136,2010,-0.0083,0,0,0,3,4,False
9093,2014,0.0,2014,0.0,0,0,0,0,0,False
9094,2014,0.0,2014,0.0,0,0,0,0,0,False
9095,2014,-0.0027,2014,-0.0005,0,0,0,0,0,False
9096,2012,-0.0125,2015,-0.011,4,3,1,2,-3,False
9097,2005,-0.0534,2003,-0.0838,3,2,1,1,2,True
9098,2006,-0.1081,2004,-0.1171,3,1,1,2,2,True
9099,2001,-0.063,2005,-0.06,3,2,1,3,-4,True
9100,2001,-0.1759,2012,-0.1714,2,2,2,2,-11,True
9101,2003,-0.1348,2004,-0.1331,3,2,1,2,-1,True
9102,2003,-0.0655,2002,-0.0217,3,2,2,3,1,False
9103,2003,-0.0671,2003,-0.028,2,2,2,2,0,False
9104,2003,-0.011,2002,-0.0105,3,2,1,2,1,False
9105,2006,-0.1477,2006,-0.0608,2,2,1,2,0,True
9106,2003,-0.1936,2004,-0.2171,2,2,1,2,-1,True
9107,2014,-0.0452,2003,-0.1487,0,0,0,3,11,False
9108,2005,-0.3566,2001,-0.2505,3,2,1,2,4,True
9109,2003,-0.5392,2004,-0.5576,2,1,1,1,-1,True
9110,2003,-0.326,2008,-0.2259,3,2,1,2,-5,True
9111,2003,-0.4796,2005,-0.465,2,2,1,2,-2,True
9112,2008,-0.2576,2007,-0.2029,3,2,1,2,1,True
9113,2008,-0.2328,2010,-0.2289,3,1,1,2,-2,True
9114,2014,0.0005,1998,0.0004,0,0,0,1,16,False
9115,2014,0.0001,1998,0.0004,0,0,0,1,16,False
9116,2014,0.0,2014,0.0,0,0,0,0,0,False
9117,2014,0.0,2014,0.0,0,0,0,0,0,False
9118,2014,0.0,2014,-0.0001,0,0,0,0,0,False
9119,1996,0.0008,1998,0.0012,4,3,1,1,-2,False
9120,1996,0.0012,1998,0.0004,3,3,1,1,-2,False
9121,2000,0.0038,2003,-0.0191,2,2,1,1,-3,False
9122,2003,-0.0245,2003,-0.0474,1,1,1,1,0,False
9123,2003,-0.0296,2003,-0.0016,1,1,1,1,0,False
9124,2000,-0.05,2000,-0.0654,2,2,1,1,0,True
9125,2008,-0.0862,2007,-0.0474,3,2,1,2,1,False
9126,2014,-0.0032,2009,0.0006,0,0,0,2,5,False
9127,2021,-0.2157,2004,-0.0419,0,0,0,2,17,False
9128,2002,-0.0481,2003,-0.0358,2,2,1,2,-1,False
9129,2006,-0.0853,2005,-0.1246,3,2,1,2,1,True
9130,2005,-0.1663,2004,-0.0965,3,2,1,2,1,True
9131,2003,-0.288,2005,-0.2077,1,1,1,1,-2,True
9132,2003,-0.2657,2004,-0.3111,2,1,1,1,-1,True
9133,2003,-0.2655,2004,-0.2101,1,1,1,1,-1,True
9134,2003,-0.3649,2004,-0.3127,2,1,1,2,-1,True
9135,2003,-0.4078,2004,-0.5214,2,1,1,2,-1,True
9136,2002,-0.4468,2002,-0.4203,2,1,1,2,0,True
9137,2000,-0.432,2001,-0.4302,2,2,1,2,-1,True
9138,1998,-0.4001,1998,-0.3896,2,2,1,2,0,True
9139,2000,-0.4151,2000,-0.3662,2,2,1,2,0,True
9140,1997,-0.3931,1997,-0.3638,3,2,1,2,0,True
9141,1997,-0.4705,2000,-0.4047,3,2,1,2,-3,True
9142,1998,-0.5419,1998,-0.5743,2,2,1,2,0,True
9143,1998,-0.5374,1997,-0.5598,3,3,1,2,1,True
9144,1998,-0.5159,1997,-0.4989,3,2,1,2,1,True
9145,1998,-0.4719,1997,-0.4625,2,2,1,3,1,True
9146,1997,-0.1597,1998,-0.1017,3,2,1,2,-1,True
9147,2014,0.0,2014,-0.0012,0,0,0,0,0,False
9148,2014,0.0,2014,0.0,0,0,0,0,0,False
9149,2016,-0.0076,2006,-0.0068,6,2,1,2,10,False
9150,2004,-0.1212,1997,-0.086,2,2,1,2,7,True
9151,2005,-0.1633,2006,-0.1493,3,2,1,2,-1,True
9152,1997,-0.4982,1996,-0.4594,3,2,1,3,1,True
9153,1996,-0.3196,1997,-0.499,2,2,1,2,-1,True
9154,1996,-0.551,1996,-0.602,2,2,1,2,0,True
9155,1996,-0.4691,1996,-0.4854,4,3,1,1,0,True
9156,1998,-0.2483,1997,-0.2819,4,2,1,3,1,True
9157,1991,-0.252,1992,-0.1758,4,3,0,3,-1,True
9158,2003,-0.1622,1999,-0.1034,4,2,1,2,4,True
9159,2001,-0.3003,1997,-0.283,3,2,1,2,4,True
9160,1997,-0.3676,1997,-0.3224,3,1,1,1,0,True
9161,1999,-0.4284,2000,-0.4611,3,2,1,2,-1,True
9162,1997,-0.4079,1997,-0.4032,4,1,1,1,0,True
9163,1997,-0.5324,1997,-0.4252,3,2,1,2,0,True
9164,1997,-0.3672,1997,-0.4152,3,1,1,1,0,True
9165,1997,-0.4846,1997,-0.4857,4,2,1,2,0,True
9166,1998,-0.3691,1998,-0.3876,3,2,1,2,0,True
9167,1998,-0.2137,1998,-0.3207,3,2,1,2,0,True
9168,1999,-0.2846,1999,-0.347,3,2,1,2,0,True
9169,1997,-0.4695,1998,-0.4388,3,2,1,2,-1,True
9170,1996,-0.3415,1995,-0.2939,4,2,1,2,1,True
9171,2009,-0.0981,2010,-0.129,3,2,1,2,-1,True
9172,2004,-0.1236,2002,-0.1257,3,2,2,2,2,True
9173,1998,-0.1301,2000,-0.1217,3,2,1,2,-2,True
9174,1999,-0.0802,1997,-0.0794,2,2,1,2,2,True
9175,1999,-0.0624,2001,-0.0698,3,2,1,2,-2,True
9176,2000,-0.1536,2001,-0.1004,3,2,1,2,-1,True
9177,2002,-0.1796,2004,-0.1181,2,2,1,2,-2,True
9178,2001,-0.2313,2003,-0.2022,3,2,1,3,-2,True
9179,2003,-0.1895,2002,-0.2029,3,3,1,3,1,True
9180,2012,-0.2727,2005,-0.2259,2,2,1,2,7,True
9181,2004,-0.1726,2005,-0.2353,2,2,1,2,-1,True
9182,2011,-0.1879,2012,-0.1796,3,2,2,2,-1,True
9183,2012,-0.1913,2012,-0.1723,3,2,1,3,0,True
9184,1996,-0.1069,2012,-0.2149,3,3,2,2,-16,True
9185,2003,-0.1247,1998,-0.1444,4,2,1,2,5,True
9186,2003,-0.2521,2005,-0.2807,4,2,1,2,-2,True
9187,2007,-0.1414,2003,-0.107,2,2,1,2,4,True
9188,2014,-0.054,2013,-0.0337,3,2,1,2,1,False
9189,2007,-0.0259,2006,-0.0133,4,4,1,2,1,False
9190,2005,-0.0007,1995,-0.0019,4,2,1,3,10,False
9191,2011,0.003,2005,-0.0025,4,2,0,1,6,False
9192,2005,-0.015,2002,-0.0091,2,1,1,2,3,False
9193,2008,-0.001,2002,-0.0046,2,2,2,2,6,False
9194,1997,0.0011,2006,-0.0023,5,2,0,2,-9,False
9195,2014,0.0,2002,-0.0012,0,0,0,1,12,False
9196,2004,-0.0263,2004,-0.009,1,1,1,2,0,False
9197,2004,-0.0367,2003,-0.062,3,2,1,2,1,False
9198,2012,-0.057,2005,-0.0415,4,3,1,2,7,False
9199,2005,-0.1047,2003,-0.1209,3,2,1,2,2,True
9200,2004,-0.0524,2012,-0.1161,3,2,1,3,-8,True
9201,2014,-0.0018,2014,-0.0094,0,0,0,0,0,False
9202,2014,0.0003,2014,0.0,0,0,0,0,0,False
9203,2014,0.0,2001,0.0001,0,0,0,1,13,False
9204,2014,0.0,2010,-0.0005,0,0,0,2,4,False
9205,2014,-0.0082,1992,-0.0013,0,0,0,3,22,False
9206,2003,-0.0123,2003,-0.0068,3,2,1,3,0,False
9207,1999,0.0011,1998,0.0011,3,2,2,2,1,False
9208,1999,0.0008,2014,-0.0003,3,3,1,0,-15,False
9209,2014,0.0,2014,0.0,0,0,0,0,0,False
9210,2014,-0.0011,2014,-0.0001,0,0,0,0,0,False
9211,2017,-0.0003,2017,-0.0028,5,1,0,3,0,False
9212,2003,-0.0007,2002,-0.0075,5,3,0,3,1,False
9213,1993,-0.025,1992,-0.0268,5,3,1,2,1,False
9214,2014,-0.0223,2012,-0.0319,2,2,1,3,2,False
9215,2012,-0.0532,2012,-0.1005,4,2,1,1,0,True
9216,1997,-0.0721,2011,-0.0601,3,3,1,3,-14,True
9217,2007,-0.0919,2007,-0.1129,2,2,1,2,0,True
9218,2004,-0.0773,2012,-0.1632,3,2,1,2,-8,True
9219,2000,-0.001,2010,-0.003,5,1,0,2,-10,False
9220,2006,-0.0117,2007,-0.0197,3,2,1,2,-1,False
9221,2006,-0.1359,2008,-0.0756,2,2,1,2,-2,True
9222,2004,-0.1062,2003,-0.2111,4,3,1,2,1,True
9223,2003,-0.28,2003,-0.3481,2,1,1,1,0,True
9224,2003,-0.3552,2005,-0.3652,3,2,1,2,-2,True
9225,2005,-0.5098,2006,-0.5937,3,2,1,2,-1,True
9226,2003,-0.3762,2005,-0.2924,2,2,1,2,-2,True
9227,2008,-0.5989,2009,-0.4803,2,1,1,2,-1,True
9228,2007,-0.4433,2007,-0.5141,2,1,1,1,0,True
9229,1998,0.0015,1999,0.0034,1,1,1,2,-1,False
9230,2014,0.0,2014,0.0,0,0,0,0,0,False
9231,2014,0.0,2014,0.0,0,0,0,0,0,False
9232,2014,0.0,2014,0.0,0,0,0,0,0,False
9233,2014,0.0,2014,0.0,0,0,0,0,0,False
9234,1998,0.0013,1998,0.0014,4,2,0,1,0,False
9235,2014,0.0002,1999,0.0003,0,0,0,2,15,False
9236,2002,-0.066,2002,-0.1041,1,1,1,1,0,True
9237,2002,-0.09,2003,-0.035,1,1,1,1,-1,False
9238,2014,0.0,2014,0.0,0,0,0,0,0,False
9239,2000,-0.1074,2001,-0.1124,3,2,1,2,-1,True
9240,2006,-0.1723,2004,-0.3465,4,2,1,2,2,True
9241,2003,-0.1589,2003,-0.2141,2,1,1,2,0,True
9242,2005,-0.1757,2006,-0.1829,3,2,1,2,-1,True
9243,2020,-0.4684,2006,-0.1238,0,0,0,2,14,True
9244,2002,-0.158,2003,-0.1959,2,1,1,2,-1,True
9245,2003,-0.2604,2003,-0.3469,3,1,1,2,0,True
9246,2005,-0.3104,2004,-0.318,2,1,1,2,1,True
9247,2003,-0.3262,2003,-0.3487,2,1,1,1,0,True
9248,2006,-0.2959,2006,-0.3177,1,1,1,1,0,True
9249,2005,-0.4614,2006,-0.5264,2,1,1,1,-1,True
9250,2003,-0.3739,2001,-0.2538,2,2,1,2,2,True
9251,1996,-0.407,1996,-0.5023,3,2,1,2,0,True
9252,1997,-0.5037,2000,-0.4913,2,2,1,2,-3,True
9253,2000,-0.5487,1999,-0.4965,2,2,1,2,1,True
9254,2000,-0.4022,2001,-0.4395,3,2,1,1,-1,True
9255,1998,-0.4213,2001,-0.2929,2,2,1,2,-3,True
9256,1997,-0.5419,1997,-0.6167,2,2,1,2,0,True
9257,1999,-0.4422,2001,-0.3718,3,2,1,2,-2,True
9258,1999,-0.5448,1998,-0.5435,3,2,1,2,1,True
9259,1997,-0.5852,1998,-0.4903,4,2,1,2,-1,True
9260,1998,-0.387,1999,-0.5026,3,2,1,2,-1,True
9261,1998,-0.0814,1998,-0.0208,2,2,2,2,0,False
9262,2014,0.0,2014,0.0,0,0,0,0,0,False
9263,2014,0.0,2014,0.0,0,0,0,0,0,False
9264,2014,0.0,2014,-0.0002,0,0,0,0,0,False
9265,1994,0.0008,1999,0.0005,4,1,1,2,-5,False
9266,2012,-0.0408,1999,-0.0158,4,3,1,2,13,False
9267,1997,-0.1295,1996,-0.1451,3,2,1,2,1,True
9268,2006,-0.0026,1999,-0.0012,1,1,1,2,7,False
9269,2002,-0.2146,1996,-0.2508,2,2,1,2,6,True
9270,2003,-0.2155,1995,-0.1778,3,2,1,1,8,True
9271,2003,-0.2398,1996,-0.3288,3,2,1,2,7,True
9272,2003,-0.129,1997,-0.191,2,2,1,1,6,True
9273,1995,-0.3244,1997,-0.2228,4,1,1,1,-2,True
9274,1997,-0.6053,1997,-0.5344,3,2,1,2,0,True
9275,2003,-0.533,2001,-0.4454,3,2,1,2,2,True
9276,2003,-0.6858,2003,-0.574,2,2,1,2,0,True
9277,1997,-0.5724,2000,-0.4958,3,2,1,2,-3,True
9278,1997,-0.5441,1998,-0.4822,3,2,1,2,-1,True
9279,1997,-0.4546,1997,-0.4677,3,1,1,1,0,True
9280,1997,-0.4516,1997,-0.5217,3,1,1,2,0,True
9281,1999,-0.3122,1999,-0.4695,3,2,1,2,0,True
9282,2000,-0.1163,1998,-0.1295,2,1,1,2,2,True
9283,1998,-0.3267,1997,-0.4702,3,2,1,2,1,True
9284,1997,-0.4735,1998,-0.371,3,2,1,1,-1,True
9285,1997,-0.2501,1995,-0.3156,3,1,1,1,2,True
9286,1995,-0.142,1999,-0.1366,4,1,1,2,-4,True
9287,1997,-0.2117,1998,-0.2196,3,2,1,2,-1,True
9288,2013,-0.0368,2010,-0.0264,2,2,2,2,3,False
9289,2013,-0.0627,2010,-0.0492,2,2,1,2,3,False
9290,2014,-0.0322,2010,-0.0365,4,2,0,1,4,False
9291,2001,-0.1217,2000,-0.0963,3,2,1,3,1,True
9292,1997,-0.1785,2004,-0.138,3,2,2,2,-7,True
9293,2004,-0.2512,2002,-0.2075,3,2,1,2,2,True
9294,2007,-0.2527,2004,-0.2115,3,2,1,2,3,True
9295,2005,-0.263,2003,-0.2754,3,2,1,2,2,True
9296,2002,-0.1334,2014,-0.142,3,2,1,2,-12,True
9297,2011,-0.1729,2013,-0.1159,3,2,1,2,-2,True
9298,2010,-0.1002,2013,-0.1147,3,3,1,2,-3,True
9299,2012,-0.1675,2012,-0.1406,3,2,1,2,0,True
9300,2013,-0.1766,2012,-0.1551,3,2,1,2,1,True
9301,2007,-0.1718,2003,-0.1588,2,2,1,2,4,True
9302,2007,-0.1521,2003,-0.1228,3,2,1,2,4,True
9303,2013,-0.1337,2013,-0.0646,4,2,1,2,0,True
9304,2003,-0.0544,2012,-0.132,3,2,1,2,-9,True
9305,2002,-0.037,2003,-0.0218,2,2,1,1,-1,False
9306,2012,-0.0172,2007,-0.0127,2,2,2,2,5,False
9307,2014,-0.0722,2012,-0.0156,5,1,0,1,2,False
9308,2006,-0.0533,2007,-0.0298,3,2,1,2,-1,False
9309,2008,-0.0043,2011,-0.007,3,2,1,1,-3,False
9310,1995,-0.003,2013,-0.0018,4,2,0,1,-18,False
9311,2014,-0.0002,2006,-0.0005,0,0,0,1,8,False
9312,2012,-0.0389,2004,-0.0648,4,3,1,2,8,False
9313,2012,-0.1255,2012,-0.1219,3,2,1,2,0,True
9314,2005,-0.25,2005,-0.2141,3,2,1,2,0,True
9315,2004,-0.2485,2004,-0.2375,3,2,1,2,0,True
9316,2014,0.0,2014,0.0,0,0,0,0,0,False
9317,2012,-0.0088,2006,-0.0029,3,2,0,2,6,False
9318,2014,0.0003,1999,0.0014,0,0,0,2,15,False
9319,1992,-0.0126,2004,-0.0007,2,1,1,3,-12,False
9320,2005,-0.0116,2005,-0.0072,3,2,1,2,0,False
9321,2014,-0.006,1990,-0.0036,0,0,0,2,24,False
9322,1999,-0.0029,1999,-0.0026,2,2,1,2,0,False
9323,2014,-0.0016,2017,-0.0089,0,0,0,3,-3,False
9324,2014,0.0,2014,0.0,0,0,0,0,0,False
9325,2014,0.0,2014,0.0,0,0,0,0,0,False
9326,2014,0.0,2014,0.0,0,0,0,0,0,False
9327,2003,-0.0007,1993,-0.0037,6,3,0,2,10,False
9328,1991,-0.0176,1998,-0.0113,4,2,0,2,-7,False
9329,2014,0.0,2014,-0.0008,0,0,0,0,0,False
9330,2014,-0.0056,2011,-0.0298,0,0,0,1,3,False
9331,2010,-0.0578,2010,-0.0594,3,1,1,2,0,True
9332,2010,-0.0551,2010,-0.1059,3,1,1,2,0,True
9333,2005,-0.1182,2009,-0.0807,3,3,1,2,-4,True
9334,2011,-0.11,2007,-0.1592,4,3,1,2,4,True
9335,2011,-0.1506,2011,-0.129,4,3,1,3,0,True
9336,2006,-0.0398,1999,-0.0046,3,2,1,2,7,False
9337,2008,-0.1144,2006,-0.0853,3,2,1,2,2,True
9338,2005,-0.2453,2003,-0.2752,3,2,1,2,2,True
9339,2006,-0.2617,2005,-0.297,3,2,1,2,1,True
9340,2004,-0.3344,2003,-0.3883,3,2,1,2,1,True
9341,2004,-0.2457,2005,-0.2531,3,2,1,2,-1,True
9342,2007,-0.4937,2008,-0.4752,3,1,1,2,-1,True
9343,2009,-0.3258,2008,-0.2541,3,2,1,2,1,True
9344,2010,-0.1836,2009,-0.0959,2,2,1,2,1,True
9345,2014,-0.02,2003,-0.0374,6,1,0,3,11,False
9346,2014,0.0,2014,0.0,0,0,0,0,0,False
9347,2014,0.0,2014,0.0,0,0,0,0,0,False
9348,2014,0.0,2014,0.0,0,0,0,0,0,False
9349,2014,0.0,2014,0.0,0,0,0,0,0,False
9350,2002,-0.0095,2002,0.0025,3,1,1,2,0,False
9351,2002,-0.0081,2003,-0.0004,4,3,1,1,-1,False
9352,2002,-0.0342,2002,-0.0038,1,1,1,1,0,False
9353,2021,-0.1197,2014,-0.0145,0,0,0,0,7,False
9354,2006,-0.1138,2003,-0.1886,2,2,1,2,3,True
9355,2006,-0.1369,2003,-0.1176,3,2,1,2,3,True
9356,2003,-0.2635,2003,-0.2386,2,2,1,2,0,True
9357,2002,-0.3425,2008,-0.2821,3,2,1,2,-6,True
9358,2007,-0.1378,2007,-0.1009,3,2,1,2,0,True
9359,2001,-0.2189,2003,-0.269,3,2,1,1,-2,True
9360,2002,-0.3609,2004,-0.329,2,1,1,2,-2,True
9361,2008,-0.1935,2008,-0.1709,2,2,1,2,0,True
9362,2006,-0.2421,2006,-0.2843,3,2,1,2,0,True
9363,2010,-0.4111,2009,-0.5186,4,2,1,2,1,True
9364,2005,-0.3419,2006,-0.3046,2,1,1,1,-1,True
9365,2002,-0.4841,2002,-0.3788,3,2,1,2,0,True
9366,1997,-0.4663,1998,-0.6377,2,2,1,1,-1,True
9367,1999,-0.5881,1999,-0.6689,2,2,1,2,0,True
9368,2005,-0.501,2000,-0.4453,2,2,1,2,5,True
9369,2000,-0.5276,2000,-0.5065,2,2,1,1,0,True
9370,1999,-0.3496,1999,-0.337,3,1,1,1,0,True
9371,2001,-0.5442,2001,-0.3618,2,1,1,1,0,True
9372,1998,-0.604,1999,-0.5777,2,2,1,2,-1,True
9373,1998,-0.6801,1999,-0.5774,3,2,1,2,-1,True
9374,1998,-0.519,1999,-0.541,3,2,1,2,-1,True
9375,1999,-0.2161,2000,-0.1887,2,1,1,2,-1,True
9376,2014,-0.0016,2014,-0.0003,0,0,0,1,0,False
9377,1992,-0.0106,2006,-0.0065,6,2,0,2,-14,False
9378,2018,-0.0132,2005,-0.0027,5,2,0,2,13,False
9379,2000,0.0005,2011,-0.0001,6,2,1,2,-11,False
9380,1999,-0.0073,2011,0.0005,6,2,0,0,-12,False
9381,2014,0.0,2004,-0.0003,0,0,0,1,10,False
9382,2014,0.0,2014,-0.0,0,0,0,0,0,False
9383,2014,-0.0008,1996,-0.0005,0,0,0,2,18,False
9384,1993,-0.0733,1993,-0.0439,3,2,1,3,0,False
9385,2002,-0.182,2002,-0.2425,3,3,1,2,0,True
9386,2002,-0.2093,1996,-0.281,4,2,1,2,6,True
9387,2004,-0.18,1996,-0.1721,3,2,1,2,8,True
9388,1997,-0.3825,1997,-0.3146,4,1,1,1,0,True
9389,1999,-0.4395,1998,-0.5783,3,2,1,2,1,True
9390,2003,-0.5543,2003,-0.6069,3,2,1,2,0,True
9391,1999,-0.5995,1997,-0.7206,2,2,1,2,2,True
9392,1997,-0.787,1998,-0.7182,3,2,1,2,-1,True
9393,1998,-0.6485,1998,-0.6587,2,2,1,2,0,True
9394,1996,-0.5093,1997,-0.4518,2,1,1,1,-1,True
9395,1997,-0.5821,1997,-0.6178,4,2,1,2,0,True
9396,1998,-0.3122,1998,-0.3866,3,2,1,2,0,True
9397,1998,-0.3526,1998,-0.2793,3,1,1,2,0,True
9398,1998,-0.4711,1998,-0.3383,2,2,1,2,0,True
9399,1995,-0.5198,1998,-0.379,4,2,1,2,-3,True
9400,1995,-0.3258,1995,-0.3114,3,2,1,3,0,True
9401,2005,-0.1457,2007,-0.2401,2,1,1,1,-2,True
9402,1995,-0.1394,1997,-0.1548,3,2,1,2,-2,True
9403,2009,-0.0446,2011,-0.0419,4,2,1,1,-2,False
9404,2011,-0.0663,2011,-0.0441,1,1,1,1,0,False
9405,2009,-0.087,2009,-0.0695,2,2,1,2,0,True
9406,1997,-0.1193,1998,-0.0798,3,2,1,2,-1,True
9407,2009,-0.2321,2002,-0.2145,3,2,1,2,7,True
9408,2000,-0.2539,2000,-0.2278,3,2,1,2,0,True
9409,2002,-0.0763,2002,-0.1046,3,3,1,2,0,True
9410,2012,-0.1198,2002,-0.1213,3,3,1,2,10,True
9411,2003,0.0255,2009,0.0287,5,2,1,3,-6,False
9412,2000,-0.1098,2003,-0.0635,4,2,1,2,-3,True
9413,2012,-0.2476,2012,-0.2561,3,2,2,2,0,True
9414,2011,-0.1623,2009,-0.1538,3,2,2,2,2,True
9415,2006,-0.2552,2006,-0.2433,3,2,1,2,0,True
9416,2012,-0.1549,2012,-0.141,3,2,2,2,0,True
9417,2005,-0.2103,2004,-0.1904,3,2,1,2,1,True
9418,2003,-0.0677,2011,-0.0528,5,2,2,3,-8,True
9419,2014,-0.0037,2005,-0.0064,0,0,0,2,9,False
9420,1998,-0.0177,1998,-0.0074,2,2,2,2,0,False
9421,2009,-0.04,2009,-0.0218,4,1,1,2,0,False
9422,2007,-0.1118,2009,-0.1513,2,2,1,2,-2,True
9423,2009,-0.0421,2006,-0.0081,2,2,1,2,3,False
9424,2007,-0.0087,2006,-0.0043,2,1,1,2,1,False
9425,1990,0.003,2012,-0.0089,4,3,0,2,-22,False
9426,2010,-0.0294,1993,-0.0262,4,1,1,2,17,False
9427,2008,-0.1133,2011,-0.0906,3,2,1,1,-3,True
9428,2006,-0.1729,2005,-0.1548,3,2,1,2,1,True
9429,2004,-0.2835,1999,-0.3447,3,2,1,2,5,True
9430,2003,-0.3355,2003,-0.3873,3,2,2,2,0,True
9431,2005,-0.1208,2005,-0.0551,2,2,1,2,0,True
9432,2003,-0.0627,1998,-0.0706,3,2,1,2,5,True
9433,2009,-0.0138,2019,-0.0129,4,2,0,1,-10,False
9434,2005,-0.0018,2008,-0.0092,2,1,0,2,-3,False
9435,1992,-0.0132,1992,-0.0022,2,1,1,2,0,False
9436,2014,0.0,2014,-0.0,0,0,0,0,0,False
9437,1999,-0.002,1999,-0.0017,2,2,1,3,0,False
9438,2014,-0.0015,2014,-0.0004,0,0,0,0,0,False
9439,2014,-0.0001,2014,-0.0002,0,0,0,0,0,False
9440,2014,0.0,2014,0.0,0,0,0,0,0,False
9441,2014,0.0,2014,0.0,0,0,0,0,0,False
9442,2014,0.0,2014,0.0,0,0,0,0,0,False
9443,1993,-0.0003,1994,-0.0039,3,0,0,3,-1,False
9444,2014,0.0,2014,-0.0002,0,0,0,0,0,False
9445,2014,-0.0233,2014,-0.0113,0,0,0,0,0,False
9446,2011,-0.0388,2010,-0.0353,4,1,1,2,1,False
9447,2011,-0.0851,2011,-0.0706,4,1,1,2,0,True
9448,2010,-0.1245,2005,-0.054,3,2,1,2,5,True
9449,2011,-0.1889,2003,-0.1393,4,3,1,2,8,True
9450,2011,-0.1093,2008,-0.1753,4,2,1,2,3,True
9451,2008,-0.0189,2007,-0.0335,3,2,1,2,1,False
9452,2001,-0.1678,2002,-0.1516,3,1,1,1,-1,True
9453,2005,-0.2768,2003,-0.2516,3,2,1,2,2,True
9454,2010,-0.1975,2009,-0.1464,3,2,1,2,1,True
9455,2008,-0.4344,2007,-0.4501,3,2,1,1,1,True
9456,2008,-0.2137,2009,-0.3495,3,2,1,2,-1,True
9457,2006,-0.0855,2011,-0.0754,3,2,1,2,-5,True
9458,2014,-0.0082,2005,-0.0019,0,0,0,2,9,False
9459,2010,-0.1825,2011,-0.1227,3,2,1,1,-1,True
9460,2004,-0.0096,2005,-0.0133,4,2,1,2,-1,False
9461,2015,-0.0052,2018,-0.0086,6,3,0,3,-3,False
9462,1998,-0.0007,1998,-0.0001,4,2,1,2,0,False
9463,2014,0.0,2014,0.0,0,0,0,0,0,False
9464,2014,0.0,2014,0.0,0,0,0,0,0,False
9465,1996,0.0042,1999,0.0018,2,1,1,2,-3,False
9466,2001,-0.147,2005,-0.0578,2,2,1,2,-4,True
9467,2001,-0.0651,2004,-0.0503,1,1,1,2,-3,True
9468,2006,-0.0654,2006,-0.0216,3,2,1,2,0,False
9469,2002,-0.2195,2002,-0.1094,3,2,1,2,0,True
9470,2002,-0.3096,2002,-0.3478,2,2,1,2,0,True
9471,2003,-0.398,2003,-0.2037,2,2,1,2,0,True
9472,2002,-0.2295,2002,-0.3215,2,2,1,2,0,True
9473,2001,-0.2923,2002,-0.2891,2,2,1,2,-1,True
9474,2001,-0.3598,2001,-0.2202,2,2,1,2,0,True
9475,2003,-0.1649,2003,-0.2729,2,2,2,2,0,True
9476,2008,-0.2737,2005,-0.214,3,2,1,2,3,True
9477,2008,-0.4176,2006,-0.3806,3,2,1,2,2,True
9478,2005,-0.284,2005,-0.3933,3,2,1,2,0,True
9479,2007,-0.4108,2003,-0.4086,3,2,1,2,4,True
9480,2007,-0.5084,2003,-0.5375,3,2,1,2,4,True
9481,2003,-0.4466,2003,-0.4533,3,2,1,2,0,True
9482,2002,-0.5054,2003,-0.5059,3,1,1,1,-1,True
9483,2001,-0.5552,2000,-0.6017,2,2,1,2,1,True
9484,2001,-0.3485,2001,-0.3407,3,1,1,2,0,True
9485,2001,-0.3479,2001,-0.2987,3,2,1,2,0,True
9486,2003,-0.2906,2001,-0.3375,2,2,1,1,2,True
9487,2000,-0.5761,2002,-0.4333,2,1,1,1,-2,True
9488,2000,-0.5723,2002,-0.3479,3,1,1,2,-2,True
9489,2001,-0.4426,2001,-0.4732,2,1,1,2,0,True
9490,1999,-0.1575,2001,-0.0754,3,1,1,2,-2,True
9491,2014,0.0,2015,-0.0023,0,0,0,1,-1,False
9492,2014,0.0,2014,0.0,0,0,0,0,0,False
9493,1999,0.0001,1999,0.0008,3,3,0,2,0,False
9494,1999,0.0015,2011,0.001,3,2,1,1,-12,False
9495,2014,0.0,2014,-0.0001,0,0,0,0,0,False
9496,2014,0.0,2014,-0.0004,0,0,0,0,0,False
9497,1995,-0.0082,1999,-0.0299,2,2,2,2,-4,False
9498,1999,-0.0254,2005,-0.0998,3,2,1,2,-6,False
9499,2003,0.0024,2021,-0.0032,4,3,1,0,-18,False
9500,2002,-0.2193,1996,-0.1218,2,2,1,2,6,True
9501,2004,-0.2688,2004,-0.2236,2,2,2,2,0,True
9502,1994,-0.2092,1995,-0.2777,4,1,1,3,-1,True
9503,1997,-0.2921,1997,-0.3509,3,1,1,1,0,True
9504,1997,-0.4051,1997,-0.4553,3,2,1,2,0,True
9505,1997,-0.5604,1997,-0.5867,3,2,1,2,0,True
9506,1997,-0.5816,1997,-0.5421,5,2,1,2,0,True
9507,1997,-0.6699,1998,-0.6901,3,2,1,2,-1,True
9508,1998,-0.6749,1999,-0.634,3,2,1,2,-1,True
9509,1997,-0.6729,1997,-0.6713,4,1,1,2,0,True
9510,1997,-0.416,1997,-0.29,2,2,1,2,0,True
9511,1999,-0.3373,1998,-0.3424,3,2,1,2,1,True
9512,1998,-0.3969,1998,-0.3994,3,2,1,2,0,True
9513,1998,-0.4845,1999,-0.4565,3,2,1,2,-1,True
9514,2002,-0.4891,2003,-0.4592,3,2,1,2,-1,True
9515,1999,-0.3337,1998,-0.3889,3,2,1,2,1,True
9516,2004,-0.1904,2004,-0.2573,3,2,1,2,0,True
9517,1995,-0.1057,2008,-0.1099,3,1,1,2,-13,True
9518,2002,-0.1386,2003,-0.2317,2,2,1,2,-1,True
9519,2007,-0.148,2011,-0.1278,3,2,1,2,-4,True
9520,2002,-0.1851,2003,-0.2202,3,2,1,2,-1,True
9521,2001,-0.1866,2002,-0.1997,3,2,1,2,-1,True
9522,2009,-0.264,2003,-0.2411,3,2,1,2,6,True
9523,2003,-0.2714,2003,-0.3025,2,2,1,2,0,True
9524,2002,-0.1559,2001,-0.178,3,3,1,2,1,True
9525,2004,0.0248,2004,0.0018,5,2,1,2,0,False
9526,1996,-0.0447,1993,-0.0431,3,2,1,2,3,False
9527,2000,-0.237,2002,-0.2285,3,2,1,2,-2,True
9528,2012,-0.2638,2004,-0.2265,3,2,2,2,8,True
9529,2012,-0.2019,2007,-0.1804,3,2,1,2,5,True
9530,2011,-0.2322,2006,-0.2234,2,2,1,2,5,True
9531,2008,-0.2919,2008,-0.3029,2,2,1,2,0,True
9532,2003,-0.2481,2003,-0.181,4,2,1,2,0,True
9533,2002,-0.2473,2003,-0.2323,3,2,1,3,-1,True
9534,2001,-0.1129,2012,-0.1506,3,2,2,2,-11,True
9535,2012,-0.059,2012,-0.0425,4,3,1,3,0,False
9536,2012,-0.1507,2007,-0.2358,3,2,1,2,5,True
9537,2007,-0.0704,2004,-0.1274,3,1,1,1,3,True
9538,2009,-0.006,2014,-0.0096,1,1,1,1,-5,False
9539,1995,-0.0077,2003,-0.0196,3,2,1,2,-8,False
9540,1989,-0.0828,2016,-0.069,2,2,0,2,-27,True
9541,2011,-0.0745,2012,-0.0627,3,3,1,2,-1,True
9542,2011,-0.1014,2010,-0.1022,4,2,1,2,1,True
9543,2005,-0.2591,2005,-0.2179,2,2,1,2,0,True
9544,2003,-0.2818,2003,-0.2702,2,2,1,2,0,True
9545,2002,-0.3088,2001,-0.3314,3,2,1,2,1,True
9546,2002,-0.1037,2002,-0.0612,3,2,1,2,0,True
9547,2010,-0.029,2010,-0.0424,2,2,1,2,0,False
9548,2010,-0.0456,2002,-0.0548,2,2,1,1,8,False
9549,2005,-0.0636,2002,-0.1817,2,1,1,1,3,True
9550,1999,0.0051,2005,-0.0069,4,1,1,2,-6,False
9551,1999,0.0001,1999,0.0012,4,2,1,2,0,False
9552,2005,-0.0348,2013,-0.0208,3,2,2,1,-8,False
9553,2014,-0.0639,2007,-0.0283,4,2,1,2,7,False
9554,2014,0.0001,2014,-0.0001,0,0,0,0,0,False
9555,2014,0.0,2014,0.0,0,0,0,0,0,False
9556,2014,0.0,2014,0.0,0,0,0,0,0,False
9557,2014,0.0,2014,0.0,0,0,0,0,0,False
9558,1993,-0.0003,1994,-0.0024,3,0,0,3,-1,False
9559,2020,-0.0019,1994,0.0003,3,3,0,2,26,False
9560,2018,-0.0141,2016,-0.0143,5,4,0,2,2,False
9561,2010,-0.0266,2011,-0.024,3,2,1,1,-1,False
9562,2011,-0.0231,2010,-0.0299,3,2,1,2,1,False
9563,2014,-0.0024,1999,-0.0009,0,0,0,2,15,False
9564,2012,-0.0287,2004,-0.0283,4,3,1,2,8,False
9565,2011,-0.0419,2012,-0.0563,2,2,1,1,-1,False
9566,2002,-0.0919,2003,-0.2637,2,2,1,1,-1,True
9567,2002,-0.1471,2003,-0.2237,3,3,1,2,-1,True
9568,2000,-0.1874,2002,-0.1518,3,2,1,2,-2,True
9569,2007,-0.1231,2005,-0.1098,3,3,1,2,2,True
9570,2011,-0.2916,2011,-0.1684,4,1,1,1,0,True
9571,2009,-0.0706,2011,-0.076,4,2,1,2,-2,True
9572,2008,-0.0223,2006,-0.005,2,2,1,1,2,False
9573,2014,0.0,2014,0.0,0,0,0,0,0,False
9574,2014,0.0,2014,-0.0001,0,0,0,0,0,False
9575,2010,-0.0015,2008,-0.008,5,4,0,2,2,False
9576,2008,-0.0022,2004,-0.0048,3,2,1,1,4,False
9577,2014,-0.0045,2011,-0.0211,0,0,0,2,3,False
9578,2014,0.0,2021,-0.1046,0,0,0,0,-7,False
9579,2014,0.0,2014,-0.0009,0,0,0,0,0,False
9580,2006,0.0015,2001,-0.0041,6,1,0,2,5,False
9581,2003,-0.0881,2001,-0.0698,2,2,1,2,2,True
9582,2005,-0.1463,2001,-0.0737,3,2,1,2,4,True
9583,2002,-0.2245,2004,-0.2314,3,2,1,2,-2,True
9584,2002,-0.2306,2003,-0.1236,4,2,1,2,-1,True
9585,2000,-0.1119,2002,-0.1789,3,2,1,2,-2,True
9586,2001,-0.251,2002,-0.2952,2,2,1,1,-1,True
9587,2002,-0.1297,2009,-0.1927,3,3,1,2,-7,True
9588,1999,-0.0876,2003,-0.1642,4,2,1,2,-4,True
9589,2001,-0.1713,2002,-0.1396,2,1,1,1,-1,True
9590,2001,-0.1817,2004,-0.1798,2,2,1,2,-3,True
9591,2003,-0.0683,2002,-0.0511,3,2,1,2,1,True
9592,2008,-0.298,2008,-0.3255,3,2,1,2,0,True
9593,2004,-0.3112,2006,-0.1947,2,1,1,2,-2,True
9594,2004,-0.3854,2002,-0.3672,2,2,1,2,2,True
9595,2003,-0.5188,2002,-0.5521,2,2,1,1,1,True
9596,2003,-0.5413,2003,-0.468,3,2,1,2,0,True
9597,2001,-0.1925,2003,-0.2389,3,2,1,2,-2,True
9598,1999,-0.2095,1999,-0.1714,3,2,1,2,0,True
9599,2002,-0.3223,2003,-0.3284,3,2,1,2,-1,True
9600,2001,-0.3672,2003,-0.4111,3,2,1,2,-2,True
9601,2002,-0.4376,2002,-0.5597,2,2,1,1,0,True
9602,2002,-0.4493,2002,-0.5112,2,1,1,1,0,True
9603,2002,-0.3111,2002,-0.408,2,2,1,1,0,True
9604,2001,-0.3172,2001,-0.3536,2,1,1,1,0,True
9605,2002,-0.1676,2002,-0.1442,1,1,1,1,0,True
9606,2003,-0.0734,2004,-0.0137,1,1,1,1,-1,False
9607,2014,0.0,2014,0.0,0,0,0,0,0,False
9608,1998,0.001,2005,0.0004,5,2,1,1,-7,False
9609,2021,0.0009,2014,0.0003,8,0,0,1,7,False
9610,2014,0.0,1996,-0.0206,0,0,0,2,18,False
9611,1997,-0.0623,2003,-0.0192,2,2,1,2,-6,False
9612,1996,-0.0751,2001,-0.0493,3,3,1,2,-5,False
9613,2003,-0.2512,2001,-0.3062,2,2,1,2,2,True
9614,1995,-0.1707,1996,-0.1438,3,2,1,2,-1,True
9615,2004,-0.2805,2004,-0.2826,4,2,1,3,0,True
9616,2003,-0.2705,2004,-0.3621,2,2,1,2,-1,True
9617,2006,-0.1173,1993,-0.1315,2,2,1,2,13,True
9618,2003,-0.3149,1997,-0.433,3,2,1,1,6,True
9619,1998,-0.4852,1997,-0.5475,3,2,1,2,1,True
9620,1997,-0.5302,1998,-0.6087,3,2,1,2,-1,True
9621,1997,-0.5354,1999,-0.5889,3,2,1,2,-2,True
9622,1998,-0.592,1997,-0.7223,3,2,1,2,1,True
9623,1999,-0.6259,2001,-0.6669,2,2,1,2,-2,True
9624,1999,-0.6999,1998,-0.7298,2,2,1,2,1,True
9625,1999,-0.4906,1999,-0.4767,3,2,1,2,0,True
9626,1998,-0.2729,1998,-0.2451,3,2,1,2,0,True
9627,1999,-0.4188,1999,-0.3714,2,2,1,2,0,True
9628,2002,-0.4662,1999,-0.4599,2,2,1,2,3,True
9629,1995,-0.3732,1998,-0.2793,3,2,1,2,-3,True
9630,2007,-0.2593,2001,-0.1976,3,2,1,2,6,True
9631,2006,-0.2365,2002,-0.207,3,2,1,3,4,True
9632,1999,-0.1889,2009,-0.1299,3,2,1,2,-10,True
9633,2003,-0.1679,1996,-0.2255,3,2,1,2,7,True
9634,2005,-0.1758,2004,-0.1764,3,2,1,2,1,True
9635,2005,-0.2139,2004,-0.2873,3,2,1,2,1,True
9636,2004,-0.1739,2002,-0.1925,3,2,1,2,2,True
9637,2003,-0.2275,1998,-0.1898,3,2,2,2,5,True
9638,2002,-0.2865,2003,-0.2609,3,2,1,2,-1,True
9639,2004,-0.2528,2002,-0.1806,3,2,1,2,2,True
9640,2011,-0.0828,1999,-0.0045,3,2,1,2,12,False
9641,1998,-0.2333,2002,-0.1844,3,2,1,2,-4,True
9642,2004,-0.3015,2004,-0.3194,3,2,1,2,0,True
9643,2005,-0.2539,2003,-0.239,3,2,1,2,2,True
9644,2005,-0.184,2005,-0.2185,3,3,1,2,0,True
9645,2004,-0.1287,2003,-0.1444,2,2,1,2,1,True
9646,2011,-0.1848,2009,-0.1579,3,2,1,2,2,True
9647,2012,-0.1796,2011,-0.1639,3,2,1,2,1,True
9648,2012,-0.3987,2011,-0.1723,2,2,1,2,1,True
9649,2008,-0.234,2011,-0.1991,3,2,1,2,-3,True
9650,2012,-0.1686,2012,-0.1841,3,3,2,2,0,True
9651,1997,-0.0571,2015,-0.0323,2,2,2,2,-18,False
9652,2015,-0.0037,2014,-0.0293,4,3,1,2,1,False
9653,2005,-0.1072,2006,-0.1286,2,2,1,2,-1,True
9654,1995,-0.0674,2015,-0.0669,3,3,2,2,-20,True
9655,1998,-0.1115,1998,-0.1043,4,2,1,2,0,True
9656,2004,-0.1082,2006,-0.141,3,2,1,1,-2,True
9657,2009,-0.1097,2006,-0.1156,2,2,1,2,3,True
9658,2003,-0.1742,2003,-0.1557,2,1,1,2,0,True
9659,2003,-0.2158,2002,-0.2431,2,2,1,2,1,True
9660,2004,-0.2202,2002,-0.218,2,2,1,2,2,True
9661,2014,-0.003,2014,-0.0012,0,0,0,0,0,False
9662,2020,-0.1577,2014,-0.0204,0,0,0,0,6,False
9663,2014,-0.0214,2014,-0.0144,0,0,0,0,0,False
9664,2008,-0.0846,2004,-0.1302,3,2,1,2,4,True
9665,2007,-0.0894,2007,-0.0999,3,1,1,2,0,True
9666,2013,-0.0188,2014,-0.0105,2,1,1,1,-1,False
9667,1998,-0.032,2015,-0.0295,3,3,1,3,-17,False
9668,2014,-0.0305,2014,-0.0584,4,2,1,2,0,False
9669,2014,0.0004,2015,-0.0015,0,0,0,2,-1,False
9670,2014,-0.0002,2014,-0.0,0,0,0,0,0,False
9671,2014,0.0,2014,0.0,0,0,0,0,0,False
9672,2018,-0.009,2015,-0.0088,4,2,0,1,3,False
9673,2010,-0.0007,1995,-0.0012,4,2,0,2,15,False
9674,1999,0.0027,2001,0.0005,5,3,1,2,-2,False
9675,2010,-0.0127,2016,-0.0195,4,3,1,1,-6,False
9676,2011,-0.029,2012,-0.0327,1,1,1,1,-1,False
9677,2012,-0.0288,2013,-0.0311,4,1,1,2,-1,False
9678,2011,-0.0082,2010,-0.0023,5,2,1,2,1,False
9679,2012,-0.009,1991,-0.0079,5,1,1,3,21,False
9680,1999,0.0008,2006,-0.0009,2,2,1,2,-7,False
9681,2010,-0.0865,2009,-0.1933,4,1,1,2,1,True
9682,1994,-0.0701,2003,-0.1241,4,3,1,2,-9,True
9683,1994,-0.0711,2005,-0.1139,3,2,1,2,-11,True
9684,2014,-0.0018,2014,-0.0014,0,0,0,0,0,False
9685,2011,-0.0695,2011,-0.0374,2,2,1,2,0,False
9686,2014,0.0,2014,-0.0001,0,0,0,0,0,False
9687,2014,0.0,2014,0.0,0,0,0,0,0,False
9688,2014,0.0,2014,0.0,0,0,0,0,0,False
9689,2000,0.0013,2014,-0.0,4,1,1,0,-14,False
9690,2009,0.0009,1999,0.001,5,1,1,1,10,False
9691,2014,0.0,2014,0.0,0,0,0,0,0,False
9692,1999,-0.0076,1999,-0.0145,2,1,1,1,0,False
9693,2014,0.0,2014,0.0,0,0,0,0,0,False
9694,1999,-0.0065,1999,-0.0165,1,1,1,1,0,False
9695,1999,-0.0438,2002,-0.0531,4,1,1,1,-3,False
9696,2003,-0.0712,2002,-0.0448,3,1,1,1,1,False
9697,2003,-0.1098,2004,-0.1574,2,2,1,2,-1,True
9698,2003,-0.1321,2006,-0.1225,3,2,2,2,-3,True
9699,2000,-0.1717,2002,-0.121,3,2,2,2,-2,True
9700,2018,-0.206,2004,-0.074,0,0,0,2,14,True
9701,2002,-0.2327,2002,-0.1814,3,2,1,2,0,True
9702,2004,-0.1193,2003,-0.0973,4,2,1,2,1,True
9703,2012,-0.0429,2012,-0.0422,3,3,2,1,0,False
9704,2002,-0.1688,2002,-0.2029,2,2,1,1,0,True
9705,2001,-0.1852,2001,-0.0979,1,1,1,1,0,True
9706,2001,-0.1309,2002,-0.042,2,1,1,1,-1,False
9707,2008,-0.0897,2003,-0.0821,3,2,1,1,5,True
9708,2004,-0.1922,2004,-0.1428,2,1,1,1,0,True
9709,2003,-0.4899,2003,-0.536,2,1,1,1,0,True
9710,2006,-0.1298,2006,-0.175,2,2,1,2,0,True
9711,2004,-0.2336,2004,-0.2678,3,2,1,1,0,True
9712,2008,-0.1073,2004,-0.1187,2,2,1,2,4,True
9713,2003,-0.1966,2003,-0.244,2,2,1,2,0,True
9714,2004,-0.1035,2004,-0.0752,2,2,1,2,0,True
9715,2003,-0.3967,2002,-0.3779,2,2,1,1,1,True
9716,2004,-0.4079,2003,-0.4382,2,1,1,1,1,True
9717,2003,-0.3475,2004,-0.358,2,2,1,2,-1,True
9718,2002,-0.3911,2002,-0.2601,1,1,1,1,0,True
9719,2002,-0.2722,2002,-0.2459,2,1,1,2,0,True
9720,2002,-0.2819,2002,-0.355,3,2,1,2,0,True
9721,2003,-0.1954,2002,-0.2009,2,1,1,1,1,True
9722,2014,0.0,2014,0.0,0,0,0,0,0,False
9723,2014,0.0001,1999,0.0001,0,0,0,2,15,False
9724,1990,-0.001,2014,0.0,4,1,0,0,-24,False
9725,2004,-0.0101,2009,-0.0052,2,2,1,1,-5,False
9726,2002,-0.0406,2001,-0.0357,3,2,1,1,1,False
9727,2001,-0.2043,2001,-0.197,2,2,1,2,0,True
9728,2004,-0.193,1996,-0.1313,2,2,1,3,8,True
9729,2004,-0.306,2004,-0.3082,3,2,1,2,0,True
9730,2004,-0.3014,2005,-0.2788,2,2,1,2,-1,True
9731,2005,-0.2261,2004,-0.2179,3,3,1,3,1,True
9732,2005,-0.1474,2004,-0.1373,3,3,1,2,1,True
9733,2004,-0.2199,1996,-0.3072,3,2,1,3,8,True
9734,1997,-0.2919,1997,-0.3906,4,1,1,2,0,True
9735,1999,-0.5835,1999,-0.5398,2,2,1,2,0,True
9736,1997,-0.4236,1997,-0.4883,3,2,1,2,0,True
9737,2002,-0.4132,1997,-0.5324,3,2,1,2,5,True
9738,1999,-0.5366,2002,-0.5561,2,2,1,2,-3,True
9739,1999,-0.6911,2000,-0.6804,2,2,1,2,-1,True
9740,1999,-0.6897,2000,-0.6243,2,2,1,2,-1,True
9741,1997,-0.5722,1997,-0.5727,2,2,1,2,0,True
9742,2000,-0.3329,1997,-0.3484,3,2,1,2,3,True
9743,1998,-0.4193,1997,-0.4433,3,2,1,2,1,True
9744,2000,-0.3993,2003,-0.4801,3,2,1,2,-3,True
9745,2008,-0.2296,2000,-0.2611,3,2,2,2,8,True
9746,2010,-0.153,1996,-0.1649,3,2,1,2,14,True
9747,1994,-0.1463,1999,-0.1911,3,2,2,2,-5,True
9748,1999,-0.2286,2000,-0.2081,3,2,1,2,-1,True
9749,1999,-0.2645,2000,-0.2703,3,2,1,2,-1,True
9750,2002,-0.2587,1998,-0.2886,3,2,1,2,4,True
9751,2000,-0.1579,2000,-0.1384,3,2,1,2,0,True
9752,1999,-0.1509,2000,-0.1995,4,3,1,2,-1,True
9753,2000,-0.2215,2000,-0.1682,3,2,1,2,0,True
9754,1999,-0.2062,1998,-0.2553,3,2,1,2,1,True
9755,1999,-0.2719,2002,-0.2592,3,2,1,2,-3,True
9756,2002,-0.2951,2003,-0.3361,3,3,1,2,-1,True
9757,2002,-0.2081,2002,-0.2466,3,2,2,2,0,True
9758,2002,-0.0708,2014,-0.0308,3,2,1,2,-12,False
9759,2002,-0.2331,2004,-0.2979,3,2,1,2,-2,True
9760,2001,-0.22,2002,-0.2034,2,2,1,2,-1,True
9761,1996,-0.1542,2000,-0.1511,3,2,1,2,-4,True
9762,2011,-0.1526,2001,-0.1238,3,3,1,2,10,True
9763,2011,-0.1893,2011,-0.1496,4,2,2,2,0,True
9764,2000,-0.1332,2001,-0.2336,3,2,1,2,-1,True
9765,2004,-0.0814,2003,-0.0916,4,2,1,2,1,True
9766,1998,-0.0801,1998,-0.0232,3,2,1,3,0,False
9767,2004,-0.2096,2002,-0.1325,2,2,1,2,2,True
9768,2001,-0.2633,2005,-0.2401,3,2,1,2,-4,True
9769,2001,-0.1491,2005,-0.1538,3,2,1,2,-4,True
9770,2003,-0.1961,2005,-0.1365,3,2,1,3,-2,True
9771,2004,-0.1251,2004,-0.1525,3,2,1,1,0,True
9772,2005,-0.1346,2005,-0.1793,4,2,1,2,0,True
9773,2004,-0.1687,2002,-0.1506,3,3,1,2,2,True
9774,2004,-0.188,2003,-0.2203,3,2,1,2,1,True
9775,2004,-0.2135,2004,-0.2621,2,1,1,2,0,True
9776,1999,-0.0019,1997,0.0003,3,2,1,2,2,False
9777,1999,-0.0022,2014,-0.0168,2,2,1,2,-15,False
9778,2020,-0.1506,2014,-0.0349,0,0,0,1,6,False
9779,2021,-0.1297,2021,-0.1181,0,0,0,0,0,True
9780,2012,-0.1082,2012,-0.1403,3,1,1,1,0,True
9781,1999,0.0021,1999,0.0008,4,3,1,2,0,False
9782,2014,-0.0211,2014,-0.01,5,2,1,2,0,False
9783,2009,-0.0324,2013,-0.0193,3,2,1,1,-4,False
9784,2014,-0.0057,2006,-0.0009,0,0,0,2,8,False
9785,1995,-0.0016,1995,-0.001,3,3,1,2,0,False
9786,1999,-0.0045,1999,-0.0082,2,2,2,2,0,False
9787,1999,-0.0059,1999,-0.0028,2,2,1,2,0,False
9788,1999,-0.0066,1999,-0.0105,2,1,1,1,0,False
9789,2007,0.0141,2016,-0.0262,6,1,0,2,-9,False
9790,2002,0.0061,2016,-0.0224,4,3,1,2,-14,False
9791,2011,-0.0403,2013,-0.0513,3,2,1,2,-2,False
9792,2013,-0.0277,2011,-0.0273,3,1,1,2,2,False
9793,2019,-0.0057,2017,-0.0039,4,3,0,3,2,False
9794,2014,0.0,2014,0.0,0,0,0,0,0,False
9795,2014,0.0,2014,-0.0,0,0,0,0,0,False
9796,1999,-0.019,1999,-0.0355,3,2,1,1,0,False
9797,1999,-0.038,2003,-0.0635,2,2,1,2,-4,False
9798,2014,0.0,2002,-0.0002,0,0,0,1,12,False
9799,2007,-0.0103,2004,-0.0044,4,1,1,2,3,False
9800,2007,-0.0049,2007,-0.0055,5,2,1,2,0,False
9801,2014,0.0,2014,-0.002,0,0,0,0,0,False
9802,2014,0.0,2014,-0.0001,0,0,0,0,0,False
9803,2014,0.0,2014,-0.0,0,0,0,0,0,False
9804,2014,0.0,2014,0.0,0,0,0,0,0,False
9805,2014,0.0,2014,0.0,0,0,0,0,0,False
9806,2009,0.0009,1999,-0.0013,5,1,1,2,10,False
9807,1999,-0.0075,1999,-0.0118,2,1,1,1,0,False
9808,2014,0.0,2014,0.0,0,0,0,0,0,False
9809,1999,-0.0074,1999,-0.0117,3,2,1,1,0,False
9810,1999,-0.0223,2003,-0.02,2,1,1,1,-4,False
9811,2014,0.0005,2002,-0.0003,5,4,0,2,12,False
9812,2003,-0.1343,2003,-0.1125,1,1,1,2,0,True
9813,2003,-0.1169,2003,-0.1602,3,2,2,2,0,True
9814,2000,-0.1149,2002,-0.2188,3,2,1,2,-2,True
9815,2018,-0.1391,2015,-0.168,0,0,0,1,3,True
9816,2003,-0.2071,2001,-0.2553,3,2,1,1,2,True
9817,2003,-0.1604,2002,-0.1093,2,2,1,2,1,True
9818,2014,0.0,2014,0.0,0,0,0,0,0,False
9819,2014,0.0,2014,0.0,0,0,0,0,0,False
9820,2001,-0.2486,2001,-0.1219,2,1,1,1,0,True
9821,2003,-0.0715,2002,-0.0187,2,2,2,2,1,False
9822,1999,-0.0053,2011,0.0016,5,2,0,1,-12,False
9823,1999,-0.0047,1997,0.0007,5,2,0,3,2,False
9824,2006,-0.197,2006,-0.0896,3,1,1,2,0,True
9825,2009,-0.0329,2006,-0.0755,3,2,1,2,3,False
9826,2009,-0.053,2006,-0.0562,3,2,1,2,3,True
9827,2006,-0.1014,2005,-0.0591,2,2,1,2,1,True
9828,2004,-0.1082,2004,-0.0569,2,2,1,2,0,True
9829,2006,-0.0343,2003,-0.0483,3,2,1,2,3,False
9830,2004,-0.212,2003,-0.1853,2,1,1,2,1,True
9831,2005,-0.3283,2004,-0.4183,3,1,1,1,1,True
9832,2006,-0.3612,2004,-0.5045,3,2,1,1,2,True
9833,2002,-0.4603,2003,-0.2993,2,1,1,2,-1,True
9834,2002,-0.3944,2001,-0.3641,2,1,1,1,1,True
9835,2001,-0.3942,2002,-0.483,2,2,1,2,-1,True
9836,2006,-0.1151,2006,-0.0855,3,1,1,1,0,True
9837,2014,0.0,2014,0.0,0,0,0,0,0,False
9838,2014,0.0,2014,0.0,0,0,0,0,0,False
9839,2014,0.0,2014,0.0,0,0,0,0,0,False
9840,2010,-0.0041,2008,-0.0898,2,1,1,2,2,False
9841,2011,-0.009,2011,-0.0004,2,2,1,1,0,False
9842,2002,0.0036,1999,0.0008,5,1,1,2,3,False
9843,2004,-0.3246,2004,-0.17,2,2,1,1,0,True
9844,2004,-0.38,2004,-0.4457,2,2,1,2,0,True
9845,2004,-0.4055,2004,-0.4317,2,2,1,1,0,True
9846,2004,-0.2478,2004,-0.2372,2,2,1,2,0,True
9847,2006,-0.1817,2006,-0.2077,3,3,1,2,0,True
9848,2003,-0.1265,1996,-0.2098,3,3,1,2,7,True
9849,2003,-0.2996,1999,-0.3588,2,2,1,2,4,True
9850,1999,-0.4056,1998,-0.4153,4,2,1,2,1,True
9851,1997,-0.4876,1997,-0.4674,2,2,1,2,0,True
9852,1997,-0.4674,1997,-0.5077,3,2,1,2,0,True
9853,1997,-0.5127,1994,-0.5717,3,2,1,2,3,True
9854,1998,-0.5351,1998,-0.6311,3,2,1,2,0,True
9855,1998,-0.5237,1998,-0.5292,4,2,1,2,0,True
9856,2002,-0.4556,1999,-0.4298,3,2,1,2,3,True
9857,2002,-0.3861,2000,-0.4071,3,2,1,2,2,True
9858,2002,-0.423,1999,-0.4325,3,2,1,2,3,True
9859,2003,-0.4398,2000,-0.3093,3,1,1,2,3,True
9860,2007,-0.2642,2003,-0.2196,2,2,1,2,4,True
9861,2004,-0.2326,2000,-0.3424,3,2,1,2,4,True
9862,1999,-0.2469,1996,-0.2809,3,3,1,2,3,True
9863,1999,-0.3098,1999,-0.3461,3,2,1,2,0,True
9864,1999,-0.3067,2000,-0.32,3,2,1,2,-1,True
9865,2003,-0.1262,2003,-0.1542,3,2,1,2,0,True
9866,2002,-0.0855,2000,-0.0748,3,2,1,2,2,True
9867,2000,-0.2458,1999,-0.2253,3,3,1,3,1,True
9868,2000,-0.2654,1998,-0.3644,3,2,1,2,2,True
9869,2004,-0.2624,2009,-0.2817,4,2,1,2,-5,True
9870,2002,-0.2778,2002,-0.325,3,2,1,2,0,True
9871,2000,-0.3046,2002,-0.2775,3,3,1,3,-2,True
9872,1998,-0.183,2002,-0.1701,3,2,1,2,-4,True
9873,2010,-0.053,2004,-0.1392,3,2,1,2,6,True
9874,2002,-0.2797,2004,-0.3083,3,2,1,2,-2,True
9875,2004,-0.1221,2002,-0.0556,3,2,1,2,2,True
9876,2013,-0.136,2012,-0.1571,2,2,2,2,1,True
9877,2015,-0.1168,2006,-0.1395,4,2,1,2,9,True
9878,2012,-0.1671,1999,-0.1965,3,2,1,2,13,True
9879,2001,-0.1837,2001,-0.109,3,2,1,2,0,True
9880,2003,-0.115,2005,-0.1514,2,1,1,2,-2,True
9881,2002,-0.2014,2001,-0.2005,2,2,1,2,1,True
9882,2002,-0.3284,2002,-0.3671,3,2,1,2,0,True
9883,2007,-0.2428,2007,-0.1924,3,2,1,2,0,True
9884,2001,-0.2418,2005,-0.1958,3,2,1,2,-4,True
9885,2006,-0.2124,2005,-0.1416,2,2,1,2,1,True
9886,2006,-0.2236,2004,-0.1797,3,2,1,3,2,True
9887,2005,-0.1269,2005,-0.1296,3,2,1,2,0,True
9888,2005,-0.1347,2004,-0.1033,3,2,1,2,1,True
9889,2003,-0.1459,2003,-0.1723,3,2,1,2,0,True
9890,1999,-0.2553,2002,-0.1805,4,2,1,2,-3,True
9891,2014,0.0,2014,0.0,0,0,0,0,0,False
9892,2018,-0.0037,2013,-0.0066,5,2,0,2,5,False
9893,2014,-0.01,2018,-0.011,0,0,0,1,-4,False
9894,2014,-0.0117,2005,-0.011,0,0,0,1,9,False
9895,2012,-0.1093,2004,-0.0957,3,3,1,2,8,True
9896,2006,-0.0408,2006,-0.0619,3,3,1,2,0,False
9897,2009,-0.0195,2019,-0.0174,5,2,1,1,-10,False
9898,2007,-0.0123,2009,-0.0173,4,3,0,2,-2,False
9899,1999,-0.0,2015,-0.0088,3,2,0,1,-16,False
9900,2013,-0.0146,1994,-0.0046,2,1,1,2,19,False
9901,2015,-0.0203,1999,-0.011,4,2,0,2,16,False
9902,2017,-0.0375,1992,-0.0117,6,3,0,2,25,False
9903,2015,-0.0092,2008,-0.0057,4,2,0,2,7,False
9904,2015,-0.0276,2013,-0.0285,3,1,0,1,2,False
9905,2002,0.006,2016,-0.0255,6,2,0,2,-14,False
9906,2014,-0.0134,2013,-0.011,0,0,0,2,1,False
9907,2011,-0.0332,2012,-0.018,3,1,1,1,-1,False
9908,2019,-0.0051,2012,-0.0062,5,2,0,3,7,False
9909,2014,-0.0002,2014,0.0,0,0,0,0,0,False
9910,2014,0.0,2014,-0.0,0,0,0,0,0,False
9911,1999,-0.045,1999,-0.0074,2,2,1,1,0,False
9912,2002,-0.0845,2003,-0.0658,2,1,1,2,-1,True
9913,2014,-0.0152,2020,-0.0212,0,0,0,0,-6,False
9914,2014,0.0,2014,-0.0001,0,0,0,0,0,False
9915,2014,0.0,2014,0.0,0,0,0,0,0,False
9916,2014,0.0,2014,-0.0,0,0,0,0,0,False
9917,2014,0.0,2014,0.0001,0,0,0,0,0,False
9918,2014,0.0,2014,0.0,0,0,0,0,0,False
9919,2014,0.0,2014,0.0,0,0,0,0,0,False
9920,2014,0.0,2014,0.0,0,0,0,0,0,False
9921,2014,0.0,2014,0.0,0,0,0,0,0,False
9922,1997,0.001,1997,0.0027,5,1,1,1,0,False
9923,2014,0.0,2014,0.0,0,0,0,0,0,False
9924,1999,0.0077,1999,0.004,3,1,1,1,0,False
9925,2010,0.0015,1999,0.0017,3,1,1,2,11,False
9926,2006,-0.0189,2006,-0.0029,2,1,1,2,0,False
9927,2003,-0.0861,2003,-0.0625,3,2,2,3,0,True
9928,2014,-0.0078,2014,-0.0272,0,0,0,0,0,False
9929,2004,-0.1628,2004,-0.1365,2,2,1,2,0,True
9930,2004,-0.1675,2004,-0.1134,2,2,1,2,0,True
9931,2010,-0.1704,2003,-0.1883,3,2,1,2,7,True
9932,2014,0.0,2014,-0.0008,0,0,0,0,0,False
9933,2014,0.0,2014,0.0,0,0,0,0,0,False
9934,2014,-0.0017,2014,-0.0002,0,0,0,0,0,False
9935,2014,0.0,2014,0.0001,0,0,0,0,0,False
9936,2003,-0.0131,2001,-0.0117,3,2,2,2,2,False
9937,2003,-0.0847,2000,-0.0308,3,2,2,2,3,False
9938,1999,0.0035,1999,0.0011,3,3,1,1,0,False
9939,2014,-0.0027,2003,-0.003,0,0,0,2,11,False
9940,2006,-0.0255,2005,-0.0104,3,2,1,1,1,False
9941,2006,-0.0298,2003,-0.034,3,2,1,2,3,False
9942,2006,-0.0314,2003,-0.0132,3,2,1,2,3,False
9943,2003,-0.0161,2004,-0.0688,2,2,1,1,-1,False
9944,2006,-0.0636,2004,-0.0583,3,2,1,2,2,True
9945,2004,-0.1402,2004,-0.1264,3,2,1,2,0,True
9946,2003,-0.2782,2002,-0.2093,2,1,1,2,1,True
9947,2004,-0.5105,2003,-0.4386,2,1,1,1,1,True
9948,2006,-0.5215,2007,-0.527,3,2,1,2,-1,True
9949,2006,-0.4465,2006,-0.3997,3,2,1,2,0,True
9950,2003,-0.5514,2003,-0.5559,3,2,1,2,0,True
9951,2002,-0.3184,2004,-0.1697,3,2,1,1,-2,True
9952,2003,-0.2414,2004,-0.2764,3,1,1,1,-1,True
9953,2014,0.0,2014,0.0,0,0,0,0,0,False
9954,1996,-0.132,1997,-0.0352,2,2,1,2,-1,False
9955,2014,-0.0001,1999,0.0002,0,0,0,1,15,False
9956,2007,-0.3256,2007,-0.4223,2,2,1,2,0,True
9957,2004,-0.3427,2004,-0.4293,2,1,1,1,0,True
9958,2004,-0.5177,2004,-0.497,2,1,1,1,0,True
9959,2004,-0.4314,2004,-0.4622,3,2,1,1,0,True
9960,2005,-0.4649,2006,-0.3525,2,2,1,2,-1,True
9961,2003,-0.3559,2003,-0.2721,3,2,1,3,0,True
9962,2003,-0.3356,2001,-0.4245,3,2,1,2,2,True
9963,2004,-0.2514,2003,-0.2745,3,2,1,2,1,True
9964,1999,-0.3993,2000,-0.3781,2,2,1,2,-1,True
9965,1999,-0.4915,1998,-0.4358,3,2,1,2,1,True
9966,1997,-0.4733,1999,-0.4086,3,2,1,2,-2,True
9967,1997,-0.4711,1997,-0.3538,3,2,1,2,0,True
9968,1994,-0.5046,1994,-0.467,2,2,1,2,0,True
9969,1999,-0.5002,1999,-0.5841,3,2,1,2,0,True
9970,1998,-0.4396,2001,-0.4449,2,2,1,2,-3,True
9971,1999,-0.4022,2000,-0.4084,3,2,1,2,-1,True
9972,2000,-0.4197,1999,-0.4238,3,2,1,2,1,True
9973,2001,-0.2176,2002,-0.3963,3,2,1,2,-1,True
9974,1998,-0.3849,1998,-0.3934,3,3,1,2,0,True
9975,1998,-0.427,1995,-0.5074,3,2,1,2,3,True
9976,2000,-0.5662,1998,-0.5733,3,3,1,2,2,True
9977,1998,-0.3722,1996,-0.3505,3,3,1,3,2,True
9978,1996,-0.1976,2007,-0.1576,4,2,2,2,-11,True
9979,2008,-0.2251,2008,-0.2294,3,2,1,2,0,True
9980,2002,-0.2067,2002,-0.2369,2,2,1,2,0,True
9981,1998,-0.124,1999,-0.1558,3,2,1,2,-1,True
9982,1993,-0.2415,2002,-0.2622,3,3,1,2,-9,True
9983,2002,-0.2905,2003,-0.2799,2,2,1,2,-1,True
9984,2004,-0.2446,1993,-0.4592,3,2,1,2,11,True
9985,1993,-0.4552,1994,-0.5237,3,2,2,2,-1,True
9986,1994,-0.5662,1994,-0.4526,3,2,2,2,0,True
9987,1993,-0.3057,2004,-0.3591,2,2,2,2,-11,True
9988,2010,-0.0455,2010,-0.0064,2,2,1,1,0,False
9989,2010,-0.0119,2012,-0.0347,3,1,1,1,-2,False
9990,2014,0.0,2014,-0.0001,0,0,0,0,0,False
9991,2004,-0.0155,2004,-0.0079,4,1,0,1,0,False
9992,2009,-0.0762,2006,-0.0437,3,3,1,2,3,False
9993,2000,-0.2056,2002,-0.1905,2,2,1,2,-2,True
9994,2002,-0.2282,2001,-0.2039,2,1,1,1,1,True
9995,2003,-0.1549,2006,-0.0877,3,2,1,2,-3,True
9996,1998,-0.2058,2006,-0.2329,4,2,1,2,-8,True
9997,2006,-0.3187,2006,-0.2806,3,2,1,2,0,True
9998,2007,-0.2504,2007,-0.2504,2,2,1,2,0,True
9999,2007,-0.2126,2007,-0.2963,3,2,1,2,0,True
10000,2005,-0.226,2005,-0.2498,3,2,1,2,0,True
10001,2005,-0.1541,2001,-0.1241,3,2,1,2,4,True
10002,2007,-0.1265,2003,-0.1477,3,2,1,2,4,True
10003,2003,-0.1284,2003,-0.1421,4,2,1,2,0,True
10004,2003,-0.1581,2001,-0.1116,3,2,1,2,2,True
10005,1998,-0.169,2002,-0.155,3,2,1,2,-4,True
10006,2014,0.0,2014,0.0,0,0,0,0,0,False
10007,1997,0.0008,1997,0.0052,3,2,1,3,0,False
10008,1994,-0.0005,1996,0.0004,3,2,0,2,-2,False
10009,2014,0.0,2014,-0.0001,0,0,0,0,0,False
10010,2014,-0.039,2014,-0.0293,0,0,0,0,0,False
10011,2003,-0.0422,2004,-0.017,2,2,1,2,-1,False
10012,2005,-0.0517,2003,-0.0274,4,3,1,2,2,False
10013,2014,-0.0079,2002,-0.0046,4,4,1,3,12,False
10014,2002,-0.0054,2015,-0.0197,5,2,0,2,-13,False
10015,2011,-0.0175,2012,-0.024,3,1,1,1,-1,False
10016,2014,-0.0431,2019,-0.0308,4,1,0,2,-5,False
10017,2016,-0.0316,1998,-0.0034,5,4,0,2,18,False
10018,2001,-0.0185,2014,-0.01,3,2,1,2,-13,False
10019,2007,-0.0241,2012,-0.0395,3,2,1,1,-5,False
10020,2015,-0.0293,2014,-0.033,5,1,1,1,1,False
10021,2015,-0.0102,2016,-0.0051,4,1,1,2,-1,False
10022,2012,-0.0164,2013,-0.0064,4,3,1,1,-1,False
10023,1999,0.0004,2010,-0.0044,4,1,0,2,-11,False
10024,2014,0.0,2001,0.0001,0,0,0,1,13,False
10025,1997,-0.0022,1996,0.0006,4,2,2,1,1,False
10026,2001,-0.068,2003,-0.0481,2,1,1,1,-2,False
10027,2003,-0.0151,2003,-0.0179,2,1,1,1,0,False
10028,2003,-0.0153,2004,-0.0094,1,1,1,2,-1,False
10029,2014,0.0,2004,-0.0003,0,0,0,2,10,False
10030,2014,0.0,2014,-0.0,0,0,0,0,0,False
10031,2014,0.0,2014,0.0,0,0,0,0,0,False
10032,2014,0.0,2014,0.0,0,0,0,0,0,False
10033,2014,0.0,2014,-0.0001,0,0,0,0,0,False
10034,2014,0.0,2014,0.0002,0,0,0,0,0,False
10035,2014,0.0,2014,0.0,0,0,0,0,0,False
10036,2014,0.0,2012,0.0012,0,0,0,2,2,False
10037,1996,0.0018,1998,0.0024,3,2,1,2,-2,False
10038,2014,0.0,2014,0.0,0,0,0,0,0,False
10039,1999,0.0043,1999,0.0021,4,1,1,1,0,False
10040,2006,-0.0049,2006,-0.0015,3,2,1,2,0,False
10041,2006,-0.0077,2003,-0.0072,1,1,1,1,3,False
10042,2006,-0.0194,2003,-0.0411,2,1,1,2,3,False
10043,2014,0.0,2014,-0.0016,0,0,0,0,0,False
10044,2004,-0.2613,2003,-0.3125,3,1,1,1,1,True
10045,2004,-0.1017,2004,-0.0238,2,1,1,1,0,False
10046,2006,-0.0078,2003,-0.0261,3,1,1,2,3,False
10047,2003,-0.0134,2003,-0.0124,3,3,0,2,0,False
10048,2018,-0.0029,2014,-0.0,3,2,1,0,4,False
10049,2010,0.0009,2007,-0.0014,3,1,1,2,3,False
10050,2014,0.0,2014,0.0,0,0,0,0,0,False
10051,2003,-0.0157,2003,-0.0007,2,1,1,1,0,False
10052,2012,0.0058,1999,-0.003,4,2,0,2,13,False
10053,1999,0.0089,1999,0.0017,3,2,1,2,0,False
10054,2014,0.0,2014,0.0,0,0,0,0,0,False
10055,2014,0.0,1999,0.0002,0,0,0,2,15,False
10056,2014,-0.0079,2005,-0.0209,0,0,0,2,9,False
10057,2014,-0.0374,2004,-0.0165,0,0,0,2,10,False
10058,2006,-0.0357,2005,-0.0563,2,2,1,2,1,False
10059,2006,-0.0277,2003,-0.0552,2,1,1,1,3,False
10060,2005,-0.0608,2004,-0.0339,2,2,1,2,1,False
10061,2004,-0.0342,2003,-0.0433,3,2,1,2,1,False
10062,2004,-0.2807,2005,-0.2202,3,1,1,2,-1,True
10063,2006,-0.2616,2005,-0.2569,3,2,1,2,1,True
10064,2004,-0.461,2004,-0.531,3,2,1,2,0,True
10065,2002,-0.2592,2005,-0.2584,2,2,1,2,-3,True
10066,2002,-0.4122,2002,-0.4235,3,2,1,2,0,True
10067,2002,-0.4712,2002,-0.322,2,1,1,1,0,True
10068,2002,-0.2559,2004,-0.2902,2,2,1,1,-2,True
10069,2003,-0.5046,2004,-0.5146,2,2,1,2,-1,True
10070,2005,-0.345,2004,-0.3294,3,2,1,2,1,True
10071,2005,-0.6084,2005,-0.5318,2,1,1,2,0,True
10072,2004,-0.5123,2004,-0.4777,3,1,1,1,0,True
10073,2004,-0.4665,2004,-0.4454,3,1,1,1,0,True
10074,2004,-0.4897,2004,-0.453,2,2,1,2,0,True
10075,2005,-0.4774,2005,-0.4282,2,2,1,2,0,True
10076,2004,-0.3908,2001,-0.4498,3,2,1,2,3,True
10077,2004,-0.4006,2004,-0.3426,2,2,1,2,0,True
10078,2001,-0.3613,2004,-0.33,3,2,1,2,-3,True
10079,1998,-0.4708,1997,-0.3853,3,2,1,2,1,True
10080,1998,-0.5529,1998,-0.4891,2,2,1,2,0,True
10081,1999,-0.4245,2000,-0.4236,3,2,1,2,-1,True
10082,1998,-0.2744,1997,-0.2275,3,2,1,2,1,True
10083,1998,-0.1374,1998,-0.2416,3,2,2,2,0,True
10084,2003,-0.2712,2002,-0.3427,3,2,1,1,1,True
10085,2000,-0.3339,2000,-0.3814,3,2,1,2,0,True
10086,1998,-0.5061,1998,-0.4255,2,2,1,2,0,True
10087,1998,-0.5885,1999,-0.5133,3,2,1,2,-1,True
10088,2002,-0.3439,2000,-0.2948,3,2,1,2,2,True
10089,2003,-0.3817,1998,-0.4432,3,2,1,2,5,True
10090,2000,-0.4852,1998,-0.4886,3,2,1,2,2,True
10091,1998,-0.3013,1999,-0.2813,3,2,1,2,-1,True
10092,1997,-0.2705,1997,-0.2878,3,2,1,2,0,True
10093,1996,-0.1759,1995,-0.1965,4,2,1,2,1,True
10094,2002,-0.2275,2003,-0.2038,2,2,1,2,-1,True
10095,1994,-0.2196,1993,-0.1714,3,2,1,2,1,True
10096,1994,-0.2161,1997,-0.1966,4,2,1,2,-3,True
10097,1994,-0.2376,1994,-0.2371,5,1,1,3,0,True
10098,2002,-0.2803,2003,-0.3371,3,2,1,2,-1,True
10099,2005,-0.318,2003,-0.3781,3,2,2,2,2,True
10100,2005,-0.3441,2004,-0.3534,3,2,2,2,1,True
10101,2005,-0.5191,1995,-0.6159,2,2,2,2,10,True
10102,2003,-0.271,2004,-0.2567,3,2,2,2,-1,True
10103,2003,-0.0014,2009,-0.0009,4,2,0,1,-6,False
10104,2014,0.0001,2009,-0.011,0,0,0,1,5,False
10105,2014,0.0,2014,0.0,0,0,0,0,0,False
10106,2014,-0.0001,2020,-0.0005,0,0,0,1,-6,False
10107,2006,-0.0283,2008,-0.0514,2,2,1,2,-2,False
10108,2001,-0.1873,2004,-0.1131,2,2,1,2,-3,True
10109,2001,-0.1893,2000,-0.141,2,2,1,2,1,True
10110,2003,-0.2186,2003,-0.1528,2,1,1,2,0,True
10111,2002,-0.1019,2002,-0.0186,3,1,1,1,0,False
10112,2007,-0.1914,2006,-0.2521,3,2,1,2,1,True
10113,2010,-0.3017,2010,-0.2799,4,2,1,2,0,True
10114,2008,-0.2953,2002,-0.3382,3,2,1,3,6,True
10115,2002,-0.328,2002,-0.2974,3,2,1,2,0,True
10116,1999,-0.1475,2002,-0.1335,4,2,1,2,-3,True
10117,2000,-0.0967,2002,-0.1157,4,2,1,3,-2,True
10118,2002,-0.1642,2003,-0.1104,3,2,1,2,-1,True
10119,1999,-0.1175,2002,-0.0961,3,2,1,3,-3,True
10120,2003,-0.1176,2002,-0.1079,4,2,1,2,1,True
10121,2014,-0.0011,2014,-0.0003,0,0,0,0,0,False
10122,2014,0.0,2014,-0.0001,0,0,0,0,0,False
10123,1997,0.0004,2002,0.0015,3,3,0,3,-5,False
10124,2014,0.0,2014,0.0,0,0,0,0,0,False
10125,2014,-0.0014,2014,-0.0015,0,0,0,0,0,False
10126,2003,-0.0037,2000,-0.0262,1,1,1,2,3,False
10127,1990,0.0026,2007,-0.0117,4,3,1,2,-17,False
10128,2002,-0.0109,2003,-0.0066,1,1,1,1,-1,False
10129,2002,-0.0085,2004,-0.0067,2,2,1,2,-2,False
10130,2011,-0.022,1992,-0.0276,4,2,1,2,19,False
10131,1999,0.002,2014,-0.0121,4,2,0,1,-15,False
10132,2017,-0.0196,2016,-0.0197,4,1,0,2,1,False
10133,2014,-0.0123,2012,-0.0226,0,0,0,1,2,False
10134,2013,-0.0075,2014,-0.0054,4,2,1,2,-1,False
10135,2014,-0.0008,2014,-0.002,0,0,0,0,0,False
10136,2014,0.0,2014,0.0,0,0,0,0,0,False
10137,2014,0.0,2014,0.0,0,0,0,0,0,False
10138,2018,-0.0077,2014,-0.0024,4,3,1,2,4,False
10139,2014,-0.0002,2014,-0.0001,0,0,0,0,0,False
10140,1994,-0.0171,1996,-0.0039,4,1,1,2,-2,False
10141,2001,-0.0111,1994,-0.0274,2,2,1,1,7,False
10142,1999,0.0051,1999,0.0031,1,1,1,1,0,False
10143,2003,-0.0028,2012,0.0011,3,2,1,1,-9,False
10144,2000,0.0001,2016,-0.0099,3,2,1,2,-16,False
10145,2014,0.0,1999,0.0003,0,0,0,1,15,False
10146,2014,0.0,2014,0.0,0,0,0,0,0,False
10147,2014,0.0,2014,-0.0004,0,0,0,0,0,False
10148,2014,0.0,2014,-0.0001,0,0,0,0,0,False
10149,2014,0.0,2014,0.0,0,0,0,0,0,False
10150,2014,0.0,2014,0.0,0,0,0,0,0,False
10151,2014,0.0,2014,0.0,0,0,0,0,0,False
10152,1996,0.0015,1999,0.0017,4,2,1,2,-3,False
10153,2006,0.0004,1999,0.0015,2,1,1,2,7,False
10154,2014,0.0,2014,0.0,0,0,0,0,0,False
10155,2003,-0.0249,2003,-0.0016,1,1,1,1,0,False
10156,2003,-0.0248,2003,-0.0291,1,1,1,1,0,False
10157,2014,0.0,2014,0.0,0,0,0,0,0,False
10158,2014,0.0,2014,0.0001,0,0,0,0,0,False
10159,2014,0.001,2014,0.0,0,0,0,0,0,False
10160,2014,0.0,2014,0.0,0,0,0,0,0,False
10161,2003,-0.0115,2003,-0.0023,3,3,0,3,0,False
10162,2014,0.0,2014,0.0,0,0,0,0,0,False
10163,2014,0.0,1999,0.0003,0,0,0,1,15,False
10164,2014,0.0,2014,0.0,0,0,0,0,0,False
10165,2010,0.0019,1999,0.0022,5,1,1,2,11,False
10166,1999,0.0007,1999,0.0066,4,3,0,2,0,False
10167,2003,-0.0157,2003,-0.0065,3,2,1,2,0,False
10168,1999,0.009,2004,0.001,2,2,1,2,-5,False
10169,1999,0.0007,1999,0.0019,5,2,1,2,0,False
10170,2014,0.0,2014,0.0,0,0,0,0,0,False
10171,2014,0.0,2011,0.0001,0,0,0,2,3,False
10172,2014,0.0,2014,0.0,0,0,0,0,0,False
10173,2006,-0.0082,2008,-0.0076,3,2,1,2,-2,False
10174,2014,-0.0027,2004,-0.0046,0,0,0,2,10,False
10175,2003,-0.0069,2003,-0.0083,5,2,0,3,0,False
10176,2003,-0.0197,2004,-0.0062,2,1,1,2,-1,False
10177,2005,-0.0348,2004,-0.0132,2,2,1,2,1,False
10178,2017,-0.0344,2018,-0.0323,2,2,0,1,-1,False
10179,2008,-0.0663,2007,-0.0157,3,2,1,2,1,False
10180,2014,-0.0225,2018,-0.051,0,0,0,1,-4,False
10181,2004,-0.1229,2004,-0.0464,3,2,1,2,0,False
10182,2001,-0.2532,1994,-0.098,3,3,1,2,7,True
10183,2004,-0.4347,2003,-0.4514,3,2,1,1,1,True
10184,2004,-0.6008,2005,-0.5502,2,2,1,2,-1,True
10185,2002,-0.5517,2003,-0.5258,3,2,1,2,-1,True
10186,2003,-0.6389,2004,-0.6055,2,2,1,1,-1,True
10187,2004,-0.5467,2004,-0.4798,2,1,1,1,0,True
10188,2006,-0.3705,2006,-0.4333,2,2,1,1,0,True
10189,2006,-0.3401,2005,-0.3441,2,2,1,2,1,True
10190,2006,-0.3808,2006,-0.3135,3,2,1,2,0,True
10191,2005,-0.4839,2005,-0.4031,3,1,1,1,0,True
10192,2003,-0.3426,2003,-0.3258,3,2,1,2,0,True
10193,2005,-0.3145,2004,-0.241,3,2,1,2,1,True
10194,2007,-0.3557,2005,-0.3226,3,2,1,2,2,True
10195,1999,-0.4341,1997,-0.4509,3,2,1,2,2,True
10196,1999,-0.3585,1998,-0.3876,3,2,1,1,1,True
10197,1998,-0.4819,1998,-0.533,3,2,1,2,0,True
10198,1999,-0.2146,1998,-0.2681,3,1,1,2,1,True
10199,2003,-0.0914,2003,-0.0907,3,2,1,2,0,True
10200,1999,-0.2551,1999,-0.278,2,1,1,1,0,True
10201,1998,-0.5228,1999,-0.4937,3,2,1,2,-1,True
10202,1999,-0.444,2000,-0.4448,3,2,1,2,-1,True
10203,1998,-0.4615,1999,-0.4439,2,2,1,2,-1,True
10204,1998,-0.3274,1995,-0.2981,2,2,1,2,3,True
10205,1999,-0.299,1998,-0.3092,3,2,1,2,1,True
10206,1999,-0.274,1998,-0.2382,2,2,1,2,1,True
10207,2000,-0.1741,2001,-0.1752,2,1,1,1,-1,True
10208,1994,-0.3041,1994,-0.1814,3,2,2,2,0,True
10209,1994,-0.3274,1993,-0.2063,3,2,1,1,1,True
10210,1996,-0.1987,1994,-0.1739,3,1,1,2,2,True
10211,1994,-0.2192,1994,-0.261,5,1,1,1,0,True
10212,1995,-0.2347,1994,-0.2358,3,2,1,2,1,True
10213,2004,-0.2999,2002,-0.3505,3,2,2,2,2,True
10214,1995,-0.3612,1998,-0.3291,5,1,1,2,-3,True
10215,1997,-0.4258,1997,-0.3141,3,3,1,2,0,True
10216,1996,-0.4001,1996,-0.3772,2,2,1,2,0,True
10217,2004,-0.3863,2005,-0.4621,3,1,1,2,-1,True
10218,2003,-0.1575,2006,-0.0933,2,1,1,2,-3,True
10219,2014,0.001,2009,-0.0113,0,0,0,2,5,False
10220,2014,0.0,2014,0.0,0,0,0,0,0,False
10221,2014,0.0,2014,0.0,0,0,0,0,0,False
10222,2014,0.0,2014,0.0,0,0,0,0,0,False
10223,2006,-0.0627,2001,-0.0592,4,2,1,2,5,True
10224,2006,-0.2502,2007,-0.2774,3,1,1,2,-1,True
10225,2006,-0.301,2004,-0.3248,3,2,1,2,2,True
10226,2009,-0.3316,2009,-0.4335,3,2,1,1,0,True
10227,2009,-0.1924,2009,-0.2535,2,2,1,2,0,True
10228,2008,-0.1549,2010,-0.1705,4,3,1,3,-2,True
10229,2008,-0.2767,2008,-0.2715,3,2,1,3,0,True
10230,2001,-0.2857,2002,-0.2178,3,2,1,2,-1,True
10231,2006,-0.206,2005,-0.1593,3,2,1,2,1,True
10232,2006,-0.1248,2000,-0.1397,3,1,1,2,6,True
10233,1998,-0.1229,2000,-0.0912,3,2,1,3,-2,True
10234,1999,-0.1296,1999,-0.1314,4,3,1,3,0,True
10235,1998,-0.1169,1998,-0.1135,4,3,1,2,0,True
10236,2014,-0.0011,2014,-0.0007,0,0,0,0,0,False
10237,1999,0.0005,1996,0.0001,4,2,1,2,3,False
10238,2014,0.0001,1999,0.0016,0,0,0,2,15,False
10239,2014,0.0,2014,-0.0001,0,0,0,0,0,False
10240,2014,0.0,2013,-0.0064,0,0,0,2,1,False
10241,2000,0.0014,2012,-0.0033,4,3,0,2,-12,False
10242,2014,0.0,2016,-0.0026,0,0,0,2,-2,False
10243,2014,-0.0015,2014,-0.0026,0,0,0,0,0,False
10244,2011,-0.0177,2003,-0.0147,3,2,1,2,8,False
10245,2012,-0.011,2012,-0.0364,5,4,0,3,0,False
10246,1999,-0.0373,1999,-0.0267,2,2,1,1,0,False
10247,2010,-0.0161,2012,-0.0187,4,2,1,1,-2,False
10248,2010,-0.0119,2017,-0.0108,4,3,1,2,-7,False
10249,2016,-0.0111,2013,-0.0055,5,1,0,3,3,False
10250,2016,-0.0117,2016,-0.0038,4,1,1,2,0,False
10251,2014,0.0,2014,0.0001,0,0,0,0,0,False
10252,2014,0.0,2014,-0.0002,0,0,0,0,0,False
10253,1999,0.0011,1987,-0.0015,4,2,0,0,12,False
10254,2013,-0.01,1996,-0.0422,4,2,1,2,17,False
10255,2004,-0.1458,2004,-0.0796,3,2,1,2,0,True
10256,1994,-0.0234,1994,-0.0133,5,1,1,2,0,False
10257,2014,0.0,2014,-0.0013,0,0,0,0,0,False
10258,2000,0.0022,2017,-0.0003,1,1,1,1,-17,False
10259,2014,-0.0028,2014,-0.0037,0,0,0,0,0,False
10260,2014,-0.0026,2014,-0.0006,0,0,0,0,0,False
10261,2014,0.0,2006,0.0001,0,0,0,4,8,False
10262,2014,0.0,2014,0.0,0,0,0,0,0,False
10263,2014,0.0,2012,0.0002,0,0,0,2,2,False
10264,2014,0.0,2014,0.0,0,0,0,0,0,False
10265,2014,0.0,2014,0.0,0,0,0,0,0,False
10266,2014,0.0,2014,0.0,0,0,0,0,0,False
10267,2005,0.0052,2005,0.0009,1,1,1,2,0,False
10268,2005,0.0054,2003,-0.0103,1,1,1,2,2,False
10269,2014,0.0,2014,0.0,0,0,0,0,0,False
10270,2014,0.0,2014,0.0001,0,0,0,0,0,False
10271,2014,0.0,1999,-0.0001,0,0,0,2,15,False
10272,2014,0.0,2014,0.0,0,0,0,0,0,False
10273,2014,0.0,1999,0.0006,0,0,0,1,15,False
10274,2014,0.0,1999,-0.0003,0,0,0,1,15,False
10275,2014,0.0,2014,0.0,0,0,0,0,0,False
10276,2014,0.0,2014,0.0,0,0,0,0,0,False
10277,2014,0.0,2014,0.0,0,0,0,0,0,False
10278,2014,0.0,2014,0.0,0,0,0,0,0,False
10279,2014,0.0,2014,0.0,0,0,0,0,0,False
10280,1999,0.0055,1999,0.0027,3,2,1,2,0,False
10281,1997,0.0087,2012,0.0061,4,2,1,2,-15,False
10282,2014,0.0,2014,0.0,0,0,0,0,0,False
10283,2014,0.0,2014,0.0,0,0,0,0,0,False
10284,2014,0.0,2014,0.0,0,0,0,0,0,False
10285,2014,0.0,2014,0.0,0,0,0,0,0,False
10286,2014,0.0,2014,0.0,0,0,0,0,0,False
10287,2014,0.0,2014,0.0,0,0,0,0,0,False
10288,2014,-0.0092,2003,-0.0076,0,0,0,3,11,False
10289,2014,-0.0024,2014,-0.0011,0,0,0,0,0,False
10290,2014,0.0009,2010,0.0003,0,0,0,2,4,False
10291,2014,0.0003,2000,0.0004,0,0,0,2,14,False
10292,1996,0.0004,1999,0.0006,5,2,1,2,-3,False
10293,2001,0.0017,1999,0.001,3,2,1,1,2,False
10294,2003,-0.0037,2011,-0.0036,3,2,1,2,-8,False
10295,2002,-0.0275,2002,-0.0025,1,1,1,1,0,False
10296,2002,-0.0315,2010,-0.0182,2,2,1,2,-8,False
10297,2002,-0.1204,2005,-0.3423,3,2,1,2,-3,True
10298,2006,-0.4032,2005,-0.4374,3,2,1,2,1,True
10299,2005,-0.5933,2006,-0.5272,3,1,1,2,-1,True
10300,2001,-0.5712,2002,-0.5544,2,2,1,1,-1,True
10301,2001,-0.6571,2002,-0.6394,2,1,1,1,-1,True
10302,2004,-0.4754,2006,-0.5582,2,1,1,1,-2,True
10303,2007,-0.0983,2007,-0.0228,2,1,1,2,0,False
10304,2010,-0.1463,2007,-0.1676,4,3,1,2,3,True
10305,2007,-0.2518,2006,-0.3412,3,2,1,2,1,True
10306,2004,-0.375,2004,-0.255,3,2,1,2,0,True
10307,2007,-0.2753,2004,-0.2584,2,2,1,2,3,True
10308,2009,-0.3758,2007,-0.3672,2,2,1,2,2,True
10309,2005,-0.231,2006,-0.2721,4,3,1,3,-1,True
10310,1998,-0.3579,1998,-0.3935,3,2,1,2,0,True
10311,1998,-0.4003,1998,-0.4437,2,2,1,2,0,True
10312,1998,-0.3293,1999,-0.3755,4,2,1,2,-1,True
10313,1997,-0.1889,2000,-0.2201,4,1,1,2,-3,True
10314,1990,-0.0248,1997,-0.0022,6,1,1,2,-7,False
10315,1999,-0.2299,1998,-0.225,3,2,1,2,1,True
10316,1999,-0.2964,1999,-0.3249,3,2,1,2,0,True
10317,1998,-0.1872,1999,-0.1177,3,1,1,1,-1,True
10318,2000,-0.2866,1999,-0.2452,2,1,1,1,1,True
10319,2001,-0.1149,1998,-0.115,2,1,1,1,3,True
10320,2001,-0.119,1999,-0.1229,2,2,1,2,2,True
10321,2001,-0.169,2001,-0.2262,2,2,1,2,0,True
10322,1998,-0.2256,2000,-0.2831,2,1,1,1,-2,True
10323,2003,-0.2849,2002,-0.279,3,2,1,2,1,True
10324,2004,-0.4434,2003,-0.3132,3,2,1,2,1,True
10325,2003,-0.3418,2003,-0.3314,2,2,1,2,0,True
10326,1996,-0.1705,1994,-0.1461,3,1,1,2,2,True
10327,2003,-0.0483,2015,0.0745,5,3,0,2,-12,False
10328,1994,-0.2803,1994,-0.344,3,2,2,2,0,True
10329,1995,-0.2422,1995,-0.1628,3,2,1,1,0,True
10330,1995,-0.2671,1997,-0.2783,4,1,1,2,-2,True
10331,2002,-0.1696,2003,-0.2998,3,2,1,2,-1,True
10332,2003,-0.3983,2004,-0.4898,3,1,1,1,-1,True
10333,2002,-0.175,2003,-0.235,3,2,1,1,-1,True
10334,2000,0.0042,1997,0.0002,5,3,1,0,3,False
10335,2006,-0.1246,2007,-0.1078,2,2,1,2,-1,True
10336,2014,0.0,2014,0.0,0,0,0,0,0,False
10337,2007,-0.2088,2008,-0.1769,3,2,1,2,-1,True
10338,2006,-0.127,2008,-0.0353,3,2,2,2,-2,False
10339,2006,-0.3038,2007,-0.2839,4,1,1,1,-1,True
10340,2008,-0.3131,2009,-0.3277,3,2,1,2,-1,True
10341,2009,-0.2805,2009,-0.2328,4,3,1,2,0,True
10342,2008,-0.3478,2008,-0.3293,3,2,1,2,0,True
10343,2008,-0.2198,2008,-0.1975,3,2,1,2,0,True
10344,2001,-0.2129,2002,-0.1902,3,3,1,3,-1,True
10345,2000,-0.2089,2002,-0.2106,3,2,1,3,-2,True
10346,2002,-0.1827,2002,-0.1868,3,2,1,2,0,True
10347,1993,-0.2156,2003,-0.0954,3,2,2,2,-10,True
10348,2007,-0.0823,2001,-0.089,3,2,2,2,6,True
10349,1994,-0.1658,1993,-0.165,3,3,1,3,1,True
10350,1995,-0.172,2000,-0.1881,3,2,1,2,-5,True
10351,2014,0.0,2014,0.0,0,0,0,0,0,False
10352,1999,0.0065,1999,0.0004,3,2,1,2,0,False
10353,1999,0.0038,1996,0.0025,4,2,1,3,3,False
10354,2014,0.0,2014,0.0,0,0,0,0,0,False
10355,2014,-0.0019,2011,-0.0026,0,0,0,2,3,False
10356,2017,-0.0142,2008,-0.0083,5,4,0,2,9,False
10357,1999,0.0018,2013,-0.0156,3,3,0,1,-14,False
10358,2011,-0.0108,2011,-0.0041,3,2,1,1,0,False
10359,2014,-0.0005,2014,-0.0034,0,0,0,0,0,False
10360,2014,0.0,2004,-0.006,0,0,0,2,10,False
10361,1999,-0.0848,1999,-0.1724,2,1,1,1,0,True
10362,1999,-0.0648,1999,-0.0075,2,1,1,1,0,False
10363,2012,-0.0104,2014,-0.0079,4,3,1,1,-2,False
10364,2013,-0.0112,2014,-0.0034,4,1,1,3,-1,False
10365,2014,0.0,2014,0.0,0,0,0,0,0,False
10366,2014,-0.0001,1997,0.0031,0,0,0,1,17,False
10367,2014,-0.0003,1997,0.0012,2,2,0,2,17,False
10368,2008,-0.0685,2009,-0.0615,4,2,1,2,-1,True
10369,2002,-0.1028,2005,-0.0889,3,3,1,2,-3,True
10370,2001,-0.1121,2004,-0.0841,3,2,2,3,-3,True
10371,2004,-0.0331,2005,-0.0128,3,2,1,2,-1,False
10372,2014,0.0,2004,-0.0044,0,0,0,2,10,False
10373,2014,0.0,2014,-0.0002,0,0,0,0,0,False
10374,2014,-0.0003,2012,0.0001,0,0,0,3,2,False
10375,2014,0.0,2014,0.0,0,0,0,0,0,False
10376,2014,0.0001,1999,0.0005,0,0,0,3,15,False
10377,2014,0.0001,1999,0.0002,0,0,0,2,15,False
10378,2014,0.0,2014,0.0,0,0,0,0,0,False
10379,2014,0.0,2014,0.0,0,0,0,0,0,False
10380,2014,0.0,2014,-0.0004,0,0,0,0,0,False
10381,2014,0.0,2014,0.0,0,0,0,0,0,False
10382,1999,0.0009,2011,0.0035,4,1,1,1,-12,False
10383,2014,0.0002,2014,0.0,0,0,0,0,0,False
10384,2014,0.0,2020,-0.0006,0,0,0,2,-6,False
10385,2014,0.0,2014,0.0,0,0,0,0,0,False
10386,2003,-0.0117,2003,-0.0071,1,1,1,2,0,False
10387,2014,0.0,2014,0.0,0,0,0,0,0,False
10388,2007,0.0007,2003,-0.0014,4,1,1,2,4,False
10389,2007,0.0006,2011,0.0013,4,1,1,1,-4,False
10390,2014,0.0,2014,0.0,0,0,0,0,0,False
10391,2014,0.0,2014,0.0,0,0,0,0,0,False
10392,2014,0.0,2014,0.0,0,0,0,0,0,False
10393,2014,0.0,2014,0.0,0,0,0,0,0,False
10394,2014,0.0,2014,0.0,0,0,0,0,0,False
10395,1996,0.006,1999,0.0014,2,2,1,1,-3,False
10396,1999,0.0034,1999,0.0039,4,2,1,1,0,False
10397,2014,0.0,2014,0.0,0,0,0,0,0,False
10398,2014,0.0,2014,-0.0001,0,0,0,0,0,False
10399,2014,0.0,2014,0.0,0,0,0,0,0,False
10400,2014,0.0,2014,0.0,0,0,0,0,0,False
10401,2014,0.0,2014,0.0,0,0,0,0,0,False
10402,2014,0.0,2014,0.0,0,0,0,0,0,False
10403,2014,-0.0069,2014,-0.0089,0,0,0,0,0,False
10404,2014,-0.0031,2014,-0.0074,0,0,0,0,0,False
10405,2014,0.0,2014,-0.0002,0,0,0,0,0,False
10406,2014,0.0,2012,0.0002,0,0,0,1,2,False
10407,2014,0.0,2000,0.0001,0,0,0,2,14,False
10408,1999,0.0002,2014,-0.0008,3,2,0,3,-15,False
10409,2002,-0.0275,2002,-0.0036,1,1,1,1,0,False
10410,2014,0.0,2014,0.0,0,0,0,0,0,False
10411,2014,-0.0006,2007,-0.0002,0,0,0,3,7,False
10412,2006,-0.1318,2004,-0.2548,3,2,1,2,2,True
10413,2006,-0.4594,2006,-0.5258,3,2,1,2,0,True
10414,2007,-0.5347,2006,-0.6243,3,2,1,1,1,True
10415,2006,-0.6123,2005,-0.6001,2,2,1,2,1,True
10416,2007,-0.4916,2007,-0.5437,3,2,1,2,0,True
10417,2003,-0.1806,2007,-0.1167,2,2,1,1,-4,True
10418,2014,0.0,2014,0.0,0,0,0,0,0,False
10419,2014,0.0,1992,-0.0004,0,0,0,2,22,False
10420,2006,-0.1962,2007,-0.2858,3,2,1,2,-1,True
10421,2007,-0.3727,2005,-0.4022,3,2,1,2,2,True
10422,2000,-0.2066,2004,-0.2926,3,2,1,2,-4,True
10423,2003,-0.1924,2001,-0.2099,4,2,1,2,2,True
10424,2000,-0.2702,1995,-0.1947,3,2,1,3,5,True
10425,1997,-0.2229,1999,-0.3335,3,2,1,2,-2,True
10426,2005,-0.2433,2003,-0.3959,3,2,1,2,2,True
10427,1998,-0.3789,2000,-0.4378,3,2,1,2,-2,True
10428,1998,-0.2711,1998,-0.2465,2,2,1,1,0,True
10429,1996,-0.2126,1997,-0.2673,5,2,1,2,-1,True
10430,1998,-0.3838,2002,-0.3195,2,2,1,2,-4,True
10431,2002,-0.1875,2000,-0.2887,3,2,1,2,2,True
10432,1997,-0.1352,1997,-0.2009,3,2,1,2,0,True
10433,2007,-0.0784,2002,-0.1619,4,2,1,2,5,True
10434,2001,-0.261,2004,-0.2167,3,1,1,1,-3,True
10435,1998,-0.0627,2001,-0.0341,5,2,0,1,-3,False
10436,2001,-0.1453,2000,-0.0805,1,1,1,1,1,True
10437,2001,-0.2106,2002,-0.2754,2,1,1,2,-1,True
10438,1998,-0.3206,1998,-0.3132,4,2,1,2,0,True
10439,2006,-0.4028,2004,-0.5068,3,2,1,1,2,True
10440,1994,-0.2015,1994,-0.2689,4,1,1,1,0,True
10441,1994,-0.1727,1993,-0.0467,4,1,1,2,1,False
10442,1997,-0.2293,1995,-0.2097,2,1,1,3,2,True
10443,1993,-0.2312,1995,-0.2615,4,3,1,2,-2,True
10444,1995,-0.2913,1995,-0.2669,3,2,1,2,0,True
10445,1995,-0.2296,1995,-0.2136,3,2,1,2,0,True
10446,2003,-0.3024,2003,-0.2937,3,2,1,2,0,True
10447,2004,-0.5204,2006,-0.4974,3,1,1,2,-2,True
10448,2004,-0.341,2004,-0.3886,3,3,1,2,0,True
10449,2004,-0.258,2006,-0.2382,3,2,1,2,-2,True
10450,2007,-0.3963,2006,-0.3322,2,2,1,2,1,True
10451,2006,-0.2238,2007,-0.2018,3,2,1,2,-1,True
10452,2007,-0.5112,2007,-0.3969,3,3,1,2,0,True
10453,2007,-0.3032,2008,-0.2867,3,3,1,2,-1,True
10454,2007,-0.3429,2008,-0.2962,2,1,1,2,-1,True
10455,2008,-0.2318,2006,-0.2254,4,2,1,2,2,True
10456,2009,-0.1995,2009,-0.1493,4,1,1,2,0,True
10457,2010,-0.2285,2010,-0.211,3,2,1,2,0,True
10458,2005,-0.1424,2006,-0.1283,4,2,1,2,-1,True
10459,2008,-0.2355,2000,-0.2242,3,2,2,3,8,True
10460,1992,-0.384,2000,-0.2581,3,2,2,2,-8,True
10461,1999,-0.2062,2002,-0.2079,2,2,2,2,-3,True
10462,1992,-0.2479,1992,-0.3972,3,2,1,2,0,True
10463,1993,-0.1727,1992,-0.1121,3,2,2,2,1,True
10464,1998,-0.1569,1998,-0.1203,3,2,1,3,0,True
10465,1999,-0.1545,2000,-0.1246,3,3,1,3,-1,True
10466,2014,0.0,2014,0.0,0,0,0,0,0,False
10467,1999,0.0073,1999,0.0022,2,2,1,2,0,False
10468,1999,0.0033,1999,0.0012,3,2,1,2,0,False
10469,2014,0.0,2014,0.0,0,0,0,0,0,False
10470,2014,-0.0058,2014,-0.0006,0,0,0,0,0,False
10471,2015,-0.0192,2012,-0.0293,6,1,0,1,3,False
10472,2011,-0.0269,2012,-0.0464,4,2,1,1,-1,False
10473,2014,-0.0068,2014,-0.0072,0,0,0,0,0,False
10474,2013,-0.0041,2014,-0.0014,5,1,1,2,-1,False
10475,2013,-0.0041,2012,-0.0026,5,1,1,1,1,False
10476,1999,-0.1049,1999,-0.1007,3,1,1,1,0,True
10477,2013,-0.0054,2015,-0.0021,3,1,1,2,-2,False
10478,2014,-0.0044,2014,-0.0058,0,0,0,2,0,False
10479,2014,-0.0003,2014,-0.0,0,0,0,0,0,False
10480,2014,0.0,2014,0.0,0,0,0,0,0,False
10481,2007,-0.0255,1997,0.0016,2,2,1,2,10,False
10482,2014,-0.024,2012,-0.0091,0,0,0,1,2,False
10483,2004,-0.1598,2007,-0.2237,3,2,1,2,-3,True
10484,2006,-0.2065,2007,-0.1647,3,2,1,2,-1,True
10485,2011,-0.0722,2009,-0.0329,3,2,1,1,2,False
10486,2001,0.0021,1999,0.0032,2,2,1,1,2,False
10487,1999,-0.0001,1999,0.0001,4,0,0,1,0,False
10488,2014,-0.0003,2014,-0.0,0,0,0,0,0,False
10489,2014,0.0,2003,-0.001,0,0,0,2,11,False
10490,1999,0.0007,1999,0.0011,3,2,0,1,0,False
10491,1999,0.0011,1999,0.0029,2,2,1,1,0,False
10492,2014,0.0,2014,0.0,0,0,0,0,0,False
10493,2014,0.0,1999,0.0002,0,0,0,2,15,False
10494,2014,0.0,2014,0.0,0,0,0,0,0,False
10495,2014,0.0,2014,0.0,0,0,0,0,0,False
10496,2014,0.0004,2014,0.0,0,0,0,0,0,False
10497,1999,0.0005,2000,0.0029,1,1,1,2,-1,False
10498,2014,-0.0004,2014,-0.001,0,0,0,0,0,False
10499,2014,-0.0004,2014,-0.0,0,0,0,0,0,False
10500,2014,0.0009,2003,-0.0008,0,0,0,2,11,False
10501,2014,0.0009,2014,0.0001,0,0,0,0,0,False
10502,2003,-0.0117,2003,-0.002,1,1,1,2,0,False
10503,1999,0.0018,1999,0.0007,3,1,1,1,0,False
10504,2016,0.001,1999,0.0015,3,3,1,2,17,False
10505,1999,0.0013,1999,0.0006,3,1,1,2,0,False
10506,2014,0.0,1999,0.0002,0,0,0,2,15,False
10507,2014,0.0,2014,0.0,0,0,0,0,0,False
10508,2014,0.0,2014,0.0,0,0,0,0,0,False
10509,2014,0.0,2014,0.0,0,0,0,0,0,False
10510,1999,0.0025,1999,0.0036,4,1,1,2,0,False
10511,1999,0.0024,2012,0.0056,2,2,2,2,-13,False
10512,2014,0.0,2014,0.0,0,0,0,0,0,False
10513,2014,0.0,2014,0.0,0,0,0,0,0,False
10514,2014,0.0,2014,0.0,0,0,0,0,0,False
10515,2014,0.0003,1999,0.0008,0,0,0,1,15,False
10516,2014,0.0,2014,0.0,0,0,0,0,0,False
10517,2014,0.0,2014,0.0,0,0,0,0,0,False
10518,2014,0.0,2014,0.0,0,0,0,0,0,False
10519,2014,-0.0032,2014,-0.0035,0,0,0,0,0,False
10520,2014,0.0,2014,0.0,0,0,0,0,0,False
10521,2014,0.0,2014,0.0,0,0,0,0,0,False
10522,2014,0.0,2014,0.0,0,0,0,0,0,False
10523,2016,0.0005,2004,-0.0008,3,0,0,2,12,False
10524,2014,0.0,2014,0.0,0,0,0,0,0,False
10525,2014,0.0,2014,0.0,0,0,0,0,0,False
10526,2014,-0.0006,2014,0.0,0,0,0,0,0,False
10527,2003,-0.1721,2004,-0.1979,2,2,1,2,-1,True
10528,2003,-0.3967,2005,-0.4151,2,2,1,2,-2,True
10529,2004,-0.5158,2006,-0.4346,2,2,1,2,-2,True
10530,2007,-0.6184,2006,-0.6041,2,2,1,2,1,True
10531,2005,-0.6037,2006,-0.5633,3,2,1,2,-1,True
10532,2005,-0.2125,2007,-0.1234,2,1,1,2,-2,True
10533,2014,0.0,2014,0.0,0,0,0,0,0,False
10534,2014,0.0001,2000,-0.0012,0,0,0,3,14,False
10535,2007,-0.1135,2007,-0.0356,3,2,1,2,0,False
10536,2006,-0.3894,2007,-0.3905,3,2,1,2,-1,True
10537,2005,-0.3872,2004,-0.3497,3,2,1,2,1,True
10538,2000,-0.229,1998,-0.2957,3,2,1,2,2,True
10539,2002,-0.4468,2000,-0.3642,3,2,1,2,2,True
10540,2002,-0.2383,2001,-0.1946,3,2,1,2,1,True
10541,1999,-0.334,1999,-0.3486,3,2,1,2,0,True
10542,1998,-0.2877,1998,-0.309,2,2,1,2,0,True
10543,1998,-0.2252,1998,-0.1966,3,2,1,2,0,True
10544,1994,-0.2887,1997,-0.2238,3,2,2,1,-3,True
10545,2001,-0.1399,2005,-0.1152,2,2,1,2,-4,True
10546,2002,-0.2609,2001,-0.1839,2,1,1,3,1,True
10547,1998,-0.2682,1999,-0.216,4,2,1,2,-1,True
10548,1998,-0.3391,2002,-0.3229,2,2,1,2,-4,True
10549,2004,-0.2557,2002,-0.2206,2,1,1,2,2,True
10550,2001,-0.1897,2001,-0.1272,2,2,1,1,0,True
10551,1999,-0.2096,2001,-0.293,3,2,1,1,-2,True
10552,2003,-0.1667,1998,-0.187,3,2,1,1,5,True
10553,2000,-0.4033,2004,-0.3257,4,2,1,2,-4,True
10554,2005,-0.1361,1992,-0.1185,4,2,1,1,13,True
10555,2018,0.1212,1993,-0.2393,5,2,0,3,25,True
10556,2000,0.0371,2000,-0.0342,2,2,0,2,0,False
10557,2005,-0.0738,2006,-0.0357,4,1,1,1,-1,False
10558,2004,-0.2725,2003,-0.3248,2,2,1,2,1,True
10559,2002,-0.3234,2002,-0.3542,4,2,1,3,0,True
10560,1995,-0.2367,1995,-0.2893,3,2,1,2,0,True
10561,1995,-0.1729,1993,-0.1549,2,2,1,2,2,True
10562,2006,-0.4102,2004,-0.3227,3,2,1,2,2,True
10563,2006,-0.3738,2006,-0.3555,3,2,1,2,0,True
10564,2006,-0.3427,2006,-0.3895,3,1,1,2,0,True
10565,2006,-0.1967,2013,-0.1831,3,3,1,2,-7,True
10566,2006,-0.3721,2004,-0.3505,2,2,2,2,2,True
10567,2003,-0.4217,2004,-0.6413,3,2,1,1,-1,True
10568,2007,-0.4951,2007,-0.5083,2,2,1,1,0,True
10569,2007,-0.3759,2007,-0.371,3,2,1,2,0,True
10570,2009,-0.2757,2008,-0.2784,3,2,1,2,1,True
10571,2009,-0.2366,2008,-0.2552,3,2,1,2,1,True
10572,2010,-0.0873,2007,-0.1477,4,1,1,2,3,True
10573,2002,-0.2007,2008,-0.1849,3,2,1,2,-6,True
10574,2001,-0.2932,2002,-0.176,3,2,1,2,-1,True
10575,2000,-0.3237,2000,-0.3012,2,2,1,2,0,True
10576,1998,-0.276,1993,-0.4098,2,2,1,2,5,True
10577,1993,-0.3254,1995,-0.2658,4,2,1,2,-2,True
10578,1993,-0.1268,1993,-0.1098,3,2,2,2,0,True
10579,1993,-0.2839,1993,-0.2864,3,2,2,2,0,True
10580,1998,-0.2267,1999,-0.1698,3,2,1,2,-1,True
10581,2014,0.0,1999,0.0007,0,0,0,2,15,False
10582,1999,0.0021,1999,0.0015,2,2,1,1,0,False
10583,1999,0.0082,1999,0.0003,2,2,1,1,0,False
10584,2014,-0.0016,2016,-0.0005,0,0,0,1,-2,False
10585,2014,-0.0016,2014,-0.0001,0,0,0,0,0,False
10586,2014,-0.0006,2014,-0.0022,0,0,0,0,0,False
10587,2010,-0.0278,2010,-0.0295,3,2,1,2,0,False
10588,2014,-0.0061,2014,-0.0031,0,0,0,0,0,False
10589,2014,0.0,2015,-0.0007,0,0,0,4,-1,False
10590,2014,0.0,2014,-0.0016,0,0,0,0,0,False
10591,2000,-0.0054,2007,-0.0095,5,1,1,2,-7,False
10592,2000,-0.0043,2003,-0.0194,3,2,2,1,-3,False
10593,1999,0.0022,2018,-0.0022,6,1,1,1,-19,False
10594,2014,0.0,2014,-0.0001,0,0,0,0,0,False
10595,1997,0.0025,1997,0.0003,2,2,1,1,0,False
10596,1999,-0.0029,1999,0.0028,3,2,2,2,0,False
10597,2007,-0.1363,2009,-0.166,3,2,1,2,-2,True
10598,2007,-0.2594,2007,-0.2356,4,2,1,2,0,True
10599,2005,-0.1524,2008,-0.1378,2,2,1,2,-3,True
10600,1996,-0.0749,2008,-0.0812,4,2,2,3,-12,True
10601,2008,-0.0092,2006,-0.0047,4,1,0,1,2,False
10602,2014,0.0,2004,-0.0021,0,0,0,3,10,False
10603,2003,-0.0138,2003,-0.001,4,2,1,2,0,False
10604,2002,-0.0124,2003,-0.0022,5,3,0,2,-1,False
10605,2014,0.0,2014,0.0,0,0,0,0,0,False
10606,2014,0.0,2014,0.0,0,0,0,0,0,False
10607,1999,0.0007,1999,0.003,2,2,1,1,0,False
10608,2014,0.0005,2015,-0.0033,0,0,0,3,-1,False
10609,2014,0.0,1999,0.0007,0,0,0,1,15,False
10610,2014,0.0,2014,0.0,0,0,0,0,0,False
10611,2000,0.0044,2011,0.0031,3,3,1,1,-11,False
10612,2000,0.0035,2003,-0.0013,2,2,1,2,-3,False
10613,2014,0.0,2014,0.0,0,0,0,0,0,False
10614,2014,0.0,2014,0.0,0,0,0,0,0,False
10615,2014,0.0,2014,0.0,0,0,0,0,0,False
10616,2014,0.0,1999,0.0005,0,0,0,2,15,False
10617,2014,0.0,1999,0.0006,0,0,0,1,15,False
10618,2014,0.0,2014,0.0,0,0,0,0,0,False
10619,1999,0.0019,1999,0.0028,4,1,1,2,0,False
10620,2007,0.0018,2012,0.0026,5,1,1,1,-5,False
10621,2014,0.0,1999,0.0004,0,0,0,3,15,False
10622,2014,0.0,2014,0.0,0,0,0,0,0,False
10623,2014,0.0,2014,0.0,0,0,0,0,0,False
10624,2014,0.0,2014,0.0,0,0,0,0,0,False
10625,2014,0.0,2014,0.0,0,0,0,0,0,False
10626,1999,0.0013,2012,0.005,4,2,0,1,-13,False
10627,1999,-0.0015,2012,-0.0005,4,2,2,1,-13,False
10628,2014,0.0,2014,0.0,0,0,0,0,0,False
10629,2000,0.0008,1999,0.0031,2,1,1,2,1,False
10630,2014,0.0,2014,0.0,0,0,0,0,0,False
10631,2014,0.0,2014,0.0,0,0,0,0,0,False
10632,2014,0.0,2014,0.0,0,0,0,0,0,False
10633,2014,0.0,2014,0.0,0,0,0,0,0,False
10634,2014,0.0,2014,0.0,0,0,0,0,0,False
10635,2014,0.0,2014,0.0,0,0,0,0,0,False
10636,2014,0.0,2014,0.0,0,0,0,0,0,False
10637,2014,0.0,2014,0.0,0,0,0,0,0,False
10638,2014,0.0,2014,0.0,0,0,0,0,0,False
10639,2015,0.0017,2013,0.0017,3,0,0,1,2,False
10640,2014,0.0001,2015,-0.0008,0,0,0,3,-1,False
10641,2014,0.0,2014,0.0,0,0,0,0,0,False
10642,2007,-0.1007,2006,-0.1263,2,2,1,2,1,True
10643,2005,-0.3914,2005,-0.3843,2,2,1,1,0,True
10644,2006,-0.4989,2007,-0.4091,3,2,1,2,-1,True
10645,2006,-0.5984,2006,-0.5851,3,1,1,1,0,True
10646,2004,-0.5666,2001,-0.4964,2,2,1,2,3,True
10647,2004,-0.2488,2005,-0.2515,3,1,1,2,-1,True
10648,2014,0.0,2014,0.0,0,0,0,0,0,False
10649,2014,0.0,2014,0.0,0,0,0,0,0,False
10650,2014,0.0,2014,0.0,0,0,0,0,0,False
10651,2006,-0.177,2007,-0.1679,2,2,1,2,-1,True
10652,2005,-0.2374,2005,-0.1934,3,2,1,2,0,True
10653,2005,-0.3511,2005,-0.2471,3,2,1,3,0,True
10654,2002,-0.2546,2006,-0.2623,3,2,1,2,-4,True
10655,2001,-0.2702,2009,-0.1782,3,2,1,2,-8,True
10656,1999,-0.2886,2000,-0.3776,2,2,1,1,-1,True
10657,1998,-0.3959,1997,-0.3151,3,2,1,2,1,True
10658,1998,-0.2849,1998,-0.2253,4,1,1,2,0,True
10659,1998,-0.1448,1998,-0.3196,5,2,1,2,0,True
10660,1999,-0.2659,1999,-0.2737,3,2,1,2,0,True
10661,2003,-0.4164,2001,-0.3698,2,2,1,2,2,True
10662,2003,-0.27,2000,-0.2042,2,2,1,2,3,True
10663,2002,-0.1335,2003,-0.1635,3,3,1,2,-1,True
10664,2004,-0.1176,2003,-0.1513,3,2,1,2,1,True
10665,1999,-0.2039,1998,-0.1802,3,2,1,2,1,True
10666,2000,-0.2872,2002,-0.3268,2,1,1,2,-2,True
10667,2001,-0.2272,1999,-0.2028,3,1,1,2,2,True
10668,2002,-0.3884,2004,-0.5025,2,2,1,1,-2,True
10669,2004,-0.4219,2004,-0.2622,2,2,1,2,0,True
10670,2003,-0.1789,2004,-0.3332,3,2,1,2,-1,True
10671,2018,0.1123,2018,0.0984,6,2,0,2,0,True
10672,1995,-0.195,1995,-0.1687,3,2,1,2,0,True
10673,2002,-0.2324,1997,-0.2434,3,2,1,1,5,True
10674,2003,-0.3716,2003,-0.2701,2,2,1,2,0,True
10675,1995,-0.3272,2003,-0.317,4,2,1,2,-8,True
10676,2011,0.09,1995,-0.2816,3,3,2,2,16,True
10677,1994,-0.2754,1994,-0.2333,2,2,2,2,0,True
10678,1994,-0.3963,1994,-0.2165,3,2,2,1,0,True
10679,2007,-0.2937,2006,-0.3262,3,1,1,1,1,True
10680,2006,-0.3743,2007,-0.1509,3,1,1,2,-1,True
10681,2006,-0.3553,2005,-0.3661,3,2,1,2,1,True
10682,2003,-0.2301,2006,-0.2148,4,2,1,2,-3,True
10683,2007,-0.3254,2007,-0.3273,3,2,1,2,0,True
10684,2007,-0.4624,2006,-0.3922,3,2,1,2,1,True
10685,2007,-0.31,2007,-0.2479,2,2,1,1,0,True
10686,2008,-0.3135,2008,-0.2584,2,2,1,2,0,True
10687,2008,-0.184,2007,-0.1796,2,2,1,2,1,True
10688,2007,-0.2978,1997,-0.3851,3,2,2,2,10,True
10689,2002,-0.3807,1997,-0.4101,3,2,1,2,5,True
10690,1998,-0.2866,1998,-0.2657,3,2,1,2,0,True
10691,1998,-0.2273,1995,-0.2662,4,2,1,2,3,True
10692,1998,-0.3167,1998,-0.3082,4,2,1,2,0,True
10693,1993,-0.3261,1994,-0.2567,3,2,1,2,-1,True
10694,1993,-0.2837,1993,-0.2213,4,2,1,2,0,True
10695,1993,-0.1981,1993,-0.1822,2,2,2,2,0,True
10696,2014,0.0,2014,0.0,0,0,0,0,0,False
10697,2014,0.0001,1999,0.0001,0,0,0,2,15,False
10698,1999,0.0011,1999,0.0016,2,1,1,2,0,False
10699,2014,0.0,2014,0.0,0,0,0,0,0,False
10700,2014,0.0,2014,0.0,0,0,0,0,0,False
10701,2014,-0.0005,2014,-0.0001,0,0,0,0,0,False
10702,2016,-0.0164,2007,-0.0173,6,2,0,2,9,False
10703,2014,-0.0012,2014,-0.0001,0,0,0,0,0,False
10704,2014,0.0,2014,0.0,0,0,0,0,0,False
10705,2014,0.0,2014,0.0,0,0,0,0,0,False
10706,2014,-0.0113,2008,-0.0043,0,0,0,2,6,False
10707,2014,-0.0041,2011,-0.0005,0,0,0,1,3,False
10708,1999,0.0012,1999,0.0025,3,2,1,1,0,False
10709,2005,-0.0016,2011,-0.0068,3,2,0,2,-6,False
10710,1999,0.0021,1999,0.0013,2,2,1,1,0,False
10711,1999,0.0025,1997,-0.0005,2,2,1,2,2,False
10712,2011,-0.1332,2006,-0.0754,4,2,1,2,5,True
10713,2009,-0.1123,2008,-0.2001,4,3,1,2,1,True
10714,2008,-0.1912,2009,-0.1688,3,3,1,2,-1,True
10715,2008,-0.2566,2007,-0.2983,3,2,1,2,1,True
10716,2010,-0.1152,2009,-0.1457,3,2,1,2,1,True
10717,2007,-0.0391,2007,-0.0235,4,3,1,2,0,False
10718,2004,-0.0249,2004,-0.0052,2,1,1,1,0,False
10719,2003,-0.0149,2003,-0.0071,1,1,1,2,0,False
10720,2014,0.0003,2014,0.0,0,0,0,0,0,False
10721,2014,0.0,2014,0.0,0,0,0,0,0,False
10722,2014,0.0005,2014,0.0,0,0,0,0,0,False
10723,2014,0.0,2003,0.0027,0,0,0,2,11,False
10724,2008,0.0007,2012,0.0017,6,1,0,3,-4,False
10725,2008,0.0012,2005,0.0012,5,1,0,1,3,False
10726,2008,0.004,2007,0.0029,4,2,1,1,1,False
10727,2014,-0.0006,2014,-0.0001,0,0,0,0,0,False
10728,2014,0.0,2014,0.0,0,0,0,0,0,False
10729,2014,0.0,2014,0.0,0,0,0,0,0,False
10730,2014,0.0,2014,0.0,0,0,0,0,0,False
10731,1999,0.0013,1999,0.0015,3,1,1,2,0,False
10732,2014,0.0002,2012,0.0002,0,0,0,1,2,False
10733,2014,0.0,2014,0.0,0,0,0,0,0,False
10734,2014,0.0,2014,0.0,0,0,0,0,0,False
10735,2013,0.0009,2013,0.0026,5,3,1,1,0,False
10736,2007,0.0012,2013,0.0002,4,1,1,1,-6,False
10737,2014,0.0,2014,0.0,0,0,0,0,0,False
10738,2014,0.0,2014,0.0,0,0,0,0,0,False
10739,2014,0.0,2014,0.0,0,0,0,0,0,False
10740,2014,0.0,2014,0.0,0,0,0,0,0,False
10741,2014,0.0,2014,0.0,0,0,0,0,0,False
10742,2011,0.0048,2012,0.0048,3,2,2,2,-1,False
10743,2014,0.0,2014,0.0,0,0,0,0,0,False
10744,1999,0.0004,1999,0.0015,3,1,1,1,0,False
10745,2014,0.0,2014,0.0,0,0,0,0,0,False
10746,2014,0.0,2014,0.0,0,0,0,0,0,False
10747,2014,0.0,2014,0.0,0,0,0,0,0,False
10748,2014,0.0,2014,0.0,0,0,0,0,0,False
10749,2014,0.0,2014,0.0,0,0,0,0,0,False
10750,2014,0.0,2014,0.0,0,0,0,0,0,False
10751,2014,-0.0001,2011,0.0003,0,0,0,3,3,False
10752,2014,0.0,2014,0.0,0,0,0,0,0,False
10753,2014,0.0,2012,0.0007,0,0,0,3,2,False
10754,2015,0.0003,2013,0.0022,4,4,0,2,2,False
10755,2014,-0.0014,2014,-0.0004,0,0,0,0,0,False
10756,2014,0.0,2014,-0.0002,0,0,0,0,0,False
10757,2007,-0.2052,2007,-0.107,3,2,1,2,0,True
10758,2007,-0.3837,2007,-0.4159,3,2,1,2,0,True
10759,2007,-0.5797,2007,-0.5498,2,2,1,2,0,True
10760,2006,-0.4651,2007,-0.5214,3,2,1,2,-1,True
10761,2003,-0.4622,2005,-0.4892,2,2,1,2,-2,True
10762,2003,-0.3896,2003,-0.397,3,2,1,2,0,True
10763,2005,-0.2522,2004,-0.272,3,2,1,2,1,True
10764,2003,-0.0739,2001,-0.0183,3,1,1,2,2,False
10765,2001,-0.0053,2014,0.0,1,1,1,0,-13,False
10766,2014,0.0,2014,0.0,0,0,0,0,0,False
10767,2003,-0.2488,2001,-0.2814,3,2,1,2,2,True
10768,2001,-0.2769,2001,-0.3298,3,2,1,2,0,True
10769,2006,-0.1464,2009,-0.102,3,3,1,2,-3,True
10770,2009,-0.1294,2009,-0.1042,4,2,1,2,0,True
10771,1999,-0.2867,1999,-0.2996,4,2,1,2,0,True
10772,1994,-0.2399,1996,-0.2883,4,2,1,1,-2,True
10773,1997,-0.2203,1997,-0.1897,3,1,1,2,0,True
10774,1998,-0.3132,1998,-0.2996,3,2,1,2,0,True
10775,1999,-0.4322,1998,-0.4608,3,2,1,2,1,True
10776,2003,-0.4053,1999,-0.345,2,2,1,2,4,True
10777,2001,-0.153,1999,-0.0804,2,1,1,2,2,True
10778,2005,-0.0944,2006,-0.1084,3,1,1,2,-1,True
10779,1998,-0.0985,1998,-0.0333,4,2,1,2,0,False
10780,2000,-0.1921,2005,-0.1564,5,2,1,2,-5,True
10781,1998,-0.2236,2001,-0.2331,3,1,1,2,-3,True
10782,2000,-0.3082,2001,-0.1612,2,1,1,2,-1,True
10783,2003,-0.3002,2003,-0.1678,3,1,1,1,0,True
10784,2003,-0.316,2003,-0.1964,2,1,1,1,0,True
10785,2005,-0.1896,2005,-0.1484,2,2,1,2,0,True
10786,1993,-0.227,1995,-0.1556,4,3,1,1,-2,True
10787,2004,-0.1634,1995,-0.2048,3,2,1,2,9,True
10788,1996,-0.3269,2003,-0.3327,3,2,2,2,-7,True
10789,2002,-0.2736,2002,-0.3092,3,2,1,2,0,True
10790,2002,-0.2419,2002,-0.2629,3,2,1,2,0,True
10791,2003,-0.3482,2003,-0.4032,2,2,1,2,0,True
10792,1993,-0.2211,1994,-0.2166,6,1,0,1,-1,True
10793,1993,-0.2711,2006,-0.3033,3,2,2,2,-13,True
10794,2007,-0.374,1994,-0.2629,3,2,1,2,13,True
10795,1993,-0.2856,1993,-0.3218,3,2,2,2,0,True
10796,2008,-0.2766,2007,-0.2792,3,2,2,2,1,True
10797,1993,-0.2648,2006,-0.3657,3,2,1,2,-13,True
10798,2007,-0.1397,2001,0.0651,4,2,1,3,6,True
10799,1997,-0.3083,1992,-0.3332,3,3,1,2,5,True
10800,1997,-0.3253,2007,-0.3076,3,2,2,2,-10,True
10801,1997,-0.3987,2006,-0.2987,3,2,1,2,-9,True
10802,2006,-0.2826,1997,-0.3193,3,2,2,2,9,True
10803,1997,-0.345,1995,-0.2891,3,1,1,3,2,True
10804,1997,-0.409,1997,-0.3603,4,2,1,2,0,True
10805,1997,-0.2453,1997,-0.3,3,1,1,1,0,True
10806,1998,-0.2141,1998,-0.157,5,2,1,1,0,True
10807,2001,-0.2224,1998,-0.2226,4,2,1,2,3,True
10808,1994,-0.3435,1994,-0.3507,3,2,2,2,0,True
10809,1997,-0.1888,1998,-0.2278,3,2,1,2,-1,True
10810,1994,-0.2003,1998,-0.1236,3,2,1,2,-4,True
10811,2014,0.0,2014,0.0,0,0,0,0,0,False
10812,2014,0.0,2014,0.0,0,0,0,0,0,False
10813,1996,0.0008,1999,0.0018,4,3,1,2,-3,False
10814,2014,0.0,2014,0.0,0,0,0,0,0,False
10815,2014,0.0,2014,0.0,0,0,0,0,0,False
10816,2014,0.0,2014,0.0,0,0,0,0,0,False
10817,2007,-0.0068,2006,-0.0111,2,1,1,2,1,False
10818,2014,0.0,2014,0.0,0,0,0,0,0,False
10819,2014,0.0,2014,0.0,0,0,0,0,0,False
10820,2014,0.0,2014,0.0,0,0,0,0,0,False
10821,2014,0.0,2014,0.0,0,0,0,0,0,False
10822,2014,0.0,2014,0.0,0,0,0,0,0,False
10823,2014,0.0002,1997,0.0003,0,0,0,3,17,False
10824,2018,-0.0053,1998,0.0022,3,3,2,1,20,False
10825,2011,-0.0023,2011,-0.0082,5,2,0,2,0,False
10826,2014,-0.0022,1997,0.0018,3,2,2,2,17,False
10827,2004,-0.0235,2013,-0.013,4,2,1,2,-9,False
10828,2006,-0.1275,2010,-0.173,2,2,1,3,-4,True
10829,2007,-0.2138,2008,-0.2395,3,2,1,2,-1,True
10830,2007,-0.2667,2005,-0.2366,3,2,1,3,2,True
10831,2007,-0.1615,2007,-0.1466,3,2,1,2,0,True
10832,2007,-0.1542,2006,-0.1687,3,2,1,2,1,True
10833,2012,-0.0589,2004,-0.04,4,3,1,2,8,False
10834,2003,-0.0155,2003,-0.0041,1,1,1,1,0,False
10835,2014,0.0,2014,0.0,0,0,0,0,0,False
10836,2014,-0.0035,2018,-0.0017,0,0,0,3,-4,False
10837,2001,0.0002,2014,-0.0,6,2,0,0,-13,False
10838,2014,0.0,2014,0.0002,0,0,0,0,0,False
10839,2014,-0.0003,2014,-0.0003,0,0,0,0,0,False
10840,2014,0.0,2014,0.0,0,0,0,0,0,False
10841,2002,0.003,2009,0.0028,4,2,0,2,-7,False
10842,2002,0.0043,2009,0.0019,5,2,0,3,-7,False
10843,2009,0.0111,2012,0.003,3,2,0,3,-3,False
10844,1999,0.0055,2000,0.0106,2,2,1,3,-1,False
10845,2009,0.0283,1997,0.0223,3,2,2,2,12,False
10846,1999,0.0256,2000,0.0237,3,2,1,1,-1,False
10847,2014,0.0,2014,0.0,0,0,0,0,0,False
10848,2014,0.0,2014,0.0,0,0,0,0,0,False
10849,2014,0.0,2013,0.0001,0,0,0,1,1,False
10850,2013,0.0007,2013,0.0015,3,2,1,1,0,False
10851,2014,0.0,2014,0.0,0,0,0,0,0,False
10852,2014,0.0,2014,0.0,0,0,0,0,0,False
10853,2014,0.0,2014,0.0,0,0,0,0,0,False
10854,2014,0.0,2014,0.0,0,0,0,0,0,False
10855,2014,0.0,2006,-0.0002,0,0,0,2,8,False
10856,2014,0.0,2014,0.0,0,0,0,0,0,False
10857,2002,0.0057,2012,0.008,2,2,1,2,-10,False
10858,2002,0.0103,2012,0.005,3,2,1,2,-10,False
10859,2018,-0.0019,1999,0.002,3,3,1,1,19,False
10860,2014,0.0,2014,0.0,0,0,0,0,0,False
10861,2014,0.0,2014,0.0,0,0,0,0,0,False
10862,2014,0.0,2014,0.0,0,0,0,0,0,False
10863,2014,0.0,2014,0.0,0,0,0,0,0,False
10864,2014,0.0,2014,0.0,0,0,0,0,0,False
10865,2014,0.0,2014,0.0,0,0,0,0,0,False
10866,2014,0.0,2014,0.0,0,0,0,0,0,False
10867,2014,-0.0001,2011,0.0002,0,0,0,3,3,False
10868,2014,0.0,2014,-0.0,0,0,0,0,0,False
10869,2013,0.0015,2013,0.0025,5,2,1,2,0,False
10870,2014,0.0,2014,0.0,0,0,0,0,0,False
10871,2014,0.0,2014,0.0,0,0,0,0,0,False
10872,2005,-0.1343,2005,-0.2148,2,2,1,2,0,True
10873,2007,-0.431,2007,-0.4802,2,2,1,2,0,True
10874,2006,-0.4616,2007,-0.4638,3,2,1,2,-1,True
10875,2007,-0.4405,2007,-0.3627,3,2,1,2,0,True
10876,2007,-0.3623,2005,-0.3599,4,2,2,2,2,True
10877,2001,-0.3653,2001,-0.4317,3,2,1,2,0,True
10878,2005,-0.3949,2004,-0.39,3,2,1,2,1,True
10879,2004,-0.3506,2005,-0.4483,3,2,1,2,-1,True
10880,2003,-0.2688,2001,-0.2686,3,2,1,2,2,True
10881,2001,-0.2104,2000,-0.1545,3,2,1,2,1,True
10882,2006,-0.2515,2000,-0.1987,3,2,1,2,6,True
10883,2006,-0.287,2006,-0.2883,3,2,1,2,0,True
10884,2012,-0.0495,2012,-0.0301,3,1,1,2,0,False
10885,2008,-0.0707,2006,-0.0562,2,2,2,3,2,True
10886,1998,-0.2836,2001,-0.326,3,2,2,2,-3,True
10887,1995,-0.3356,1997,-0.3097,5,1,1,1,-2,True
10888,1997,-0.2153,1995,-0.1395,4,1,1,1,2,True
10889,1998,-0.4076,1998,-0.3754,3,2,1,2,0,True
10890,2000,-0.4523,1998,-0.3566,2,2,1,2,2,True
10891,1999,-0.2232,2001,-0.3204,3,2,1,2,-2,True
10892,2001,-0.0431,1992,0.0066,3,2,1,2,9,False
10893,1994,0.0482,1997,0.0246,4,2,1,2,-3,False
10894,2000,-0.1643,2000,-0.141,3,3,1,2,0,True
10895,1998,-0.2475,1998,-0.2151,3,2,1,2,0,True
10896,2006,-0.2157,2004,-0.2401,2,2,1,2,2,True
10897,2004,-0.1878,2005,-0.1497,3,2,1,1,-1,True
10898,1999,-0.1587,1997,-0.1341,3,1,1,1,2,True
10899,2004,-0.2913,2004,-0.3461,2,2,1,1,0,True
10900,2004,-0.3452,2004,-0.2993,2,2,1,2,0,True
10901,2004,-0.2177,2003,-0.3147,2,2,2,2,1,True
10902,1995,-0.231,2002,-0.2268,4,1,1,2,-7,True
10903,1996,-0.2101,1998,-0.1509,3,3,1,2,-2,True
10904,2004,-0.2559,2004,-0.2262,2,1,1,1,0,True
10905,2003,-0.387,2004,-0.5183,2,1,1,1,-1,True
10906,2003,-0.3073,2003,-0.3673,2,1,1,1,0,True
10907,2004,-0.1454,2006,-0.2293,3,2,1,3,-2,True
10908,2005,-0.0697,2006,-0.1165,3,2,1,1,-1,True
10909,2005,-0.2879,2004,-0.1726,2,2,1,2,1,True
10910,2005,-0.3735,1996,-0.3372,2,2,1,2,9,True
10911,1993,-0.3256,2006,-0.377,2,2,2,2,-13,True
10912,1996,-0.3576,1996,-0.3185,3,2,1,2,0,True
10913,2007,-0.152,2006,-0.2555,2,2,2,2,1,True
10914,2006,-0.1591,2007,-0.2052,3,2,2,2,-1,True
10915,1995,-0.3256,1997,-0.3161,6,1,1,2,-2,True
10916,1995,-0.2788,1993,-0.2888,2,1,1,2,2,True
10917,1997,-0.4388,1997,-0.476,2,2,1,2,0,True
10918,1997,-0.3901,1997,-0.3907,3,1,1,1,0,True
10919,1997,-0.3113,1997,-0.3094,3,2,1,1,0,True
10920,1997,-0.3256,1997,-0.3238,4,1,1,2,0,True
10921,1995,-0.2263,1997,-0.2427,5,1,1,2,-2,True
10922,1996,-0.1021,2002,-0.1474,4,1,1,2,-6,True
10923,1997,-0.2942,1998,-0.3706,3,2,1,2,-1,True
10924,1998,-0.3038,1998,-0.3028,3,2,1,2,0,True
10925,1995,-0.1345,2003,-0.2266,3,2,1,2,-8,True
10926,1999,0.0075,1999,0.0025,4,1,1,1,0,False
10927,2014,0.0,2014,0.0,0,0,0,0,0,False
10928,1996,0.0009,1999,0.0021,4,2,1,2,-3,False
10929,2015,0.0017,1999,0.0113,4,2,0,2,16,False
10930,2014,0.0,2014,0.0,0,0,0,0,0,False
10931,2014,0.0,2014,0.0,0,0,0,0,0,False
10932,2006,-0.0045,1996,0.0012,4,2,1,2,10,False
10933,2014,0.0,2014,0.0,0,0,0,0,0,False
10934,2014,0.0,2014,0.0,0,0,0,0,0,False
10935,2014,0.0,2014,0.0,0,0,0,0,0,False
10936,2014,0.0,2009,-0.0014,0,0,0,1,5,False
10937,2014,0.0,2014,0.0,0,0,0,0,0,False
10938,2014,0.0003,2008,0.0002,0,0,0,2,6,False
10939,2014,0.0,2014,0.0,0,0,0,0,0,False
10940,1995,0.0029,1991,0.0013,4,1,1,2,4,False
10941,2014,0.0,2014,0.0,0,0,0,0,0,False
10942,2004,-0.0582,2006,-0.0142,2,2,1,2,-2,False
10943,2005,-0.11,2006,-0.119,3,2,1,1,-1,True
10944,2007,-0.2143,2007,-0.2639,3,2,1,2,0,True
10945,2003,-0.1949,2006,-0.1925,3,2,1,3,-3,True
10946,2006,-0.1882,2006,-0.1418,3,2,1,2,0,True
10947,2008,-0.0774,2007,-0.1343,3,2,1,2,1,True
10948,2014,-0.0248,2008,-0.0042,0,0,0,2,6,False
10949,2007,-0.046,2006,-0.0761,4,2,1,2,1,False
10950,2014,0.0,2014,0.0,0,0,0,0,0,False
10951,2014,-0.0155,2014,-0.005,0,0,0,0,0,False
10952,2014,0.0,1995,-0.0004,0,0,0,2,19,False
10953,2011,-0.0599,2003,-0.0353,3,1,1,3,8,False
10954,2005,-0.015,2003,-0.0115,4,3,1,2,2,False
10955,2010,-0.0262,2003,-0.0128,3,1,1,2,7,False
10956,2014,0.0,2014,-0.0,0,0,0,0,0,False
10957,2014,0.0,2018,-0.0021,0,0,0,3,-4,False
10958,2014,0.0139,2000,0.0049,3,3,1,2,14,False
10959,2011,0.0023,1989,-0.0011,2,2,1,0,22,False
10960,1993,0.0576,2000,0.0194,3,2,1,3,-7,False
10961,1999,0.0023,1996,0.0025,3,1,1,1,3,False
10962,2011,0.0057,2000,0.0069,4,1,0,1,11,False
10963,2013,0.0052,2014,0.0036,3,2,1,1,-1,False
10964,2013,0.0075,2013,0.0017,4,1,0,2,0,False
10965,2010,0.0042,2013,0.0003,5,1,1,2,-3,False
10966,2014,0.0,2014,0.0,0,0,0,0,0,False
10967,2003,0.0004,2014,0.0,3,2,0,0,-11,False
10968,2014,0.0,2014,0.0,0,0,0,0,0,False
10969,2014,0.0,2014,0.0,0,0,0,0,0,False
10970,2014,0.0,2014,0.0,0,0,0,0,0,False
10971,2014,0.0,2014,0.0,0,0,0,0,0,False
10972,2010,0.0109,1999,0.0018,4,2,1,2,11,False
10973,2009,0.0097,2013,0.0149,3,2,1,2,-4,False
10974,2014,0.0,2014,0.0,0,0,0,0,0,False
10975,1999,0.0013,2014,0.0,2,2,1,0,-15,False
10976,2014,0.0,1999,0.0002,0,0,0,1,15,False
10977,2014,0.0,2014,0.0,0,0,0,0,0,False
10978,2014,0.0,2014,0.0,0,0,0,0,0,False
10979,2014,0.0,2014,0.0,0,0,0,0,0,False
10980,2014,0.0,2014,0.0,0,0,0,0,0,False
10981,2014,0.0,2014,0.0,0,0,0,0,0,False
10982,2014,0.0,2014,-0.0002,0,0,0,0,0,False
10983,2014,0.0,2014,0.0,0,0,0,0,0,False
10984,1992,0.0009,2013,0.0023,4,2,0,1,-21,False
10985,2014,0.0,2014,-0.0001,0,0,0,0,0,False
10986,2014,0.0,2014,0.0,0,0,0,0,0,False
10987,2004,-0.0952,2005,-0.0869,2,2,1,2,-1,True
10988,2007,-0.2923,2007,-0.2611,2,2,1,2,0,True
10989,2006,-0.3517,2007,-0.2023,2,2,1,2,-1,True
10990,2005,-0.4566,2006,-0.4275,3,2,1,2,-1,True
10991,2006,-0.4994,2006,-0.4725,3,1,1,2,0,True
10992,2004,-0.4053,2001,-0.3817,3,2,1,2,3,True
10993,2001,-0.3964,2004,-0.3564,3,2,1,2,-3,True
10994,2005,-0.301,2004,-0.3089,2,2,1,2,1,True
10995,2004,-0.291,2000,-0.4294,3,2,1,2,4,True
10996,1999,-0.3898,2000,-0.3412,3,2,1,1,-1,True
10997,2000,-0.2457,2002,-0.3316,2,2,1,2,-2,True
10998,2009,-0.1042,2009,-0.0575,3,1,1,1,0,True
10999,1993,0.0036,2000,-0.0016,4,0,0,0,-7,False
11000,2009,-0.0954,2009,-0.0426,2,2,1,1,0,False
11001,2004,-0.4431,2001,-0.4124,2,2,1,2,3,True
11002,1998,-0.3453,1997,-0.3613,3,2,1,1,1,True
11003,2000,-0.1921,1998,-0.2878,3,1,1,2,2,True
11004,2000,-0.2882,1997,-0.4077,3,2,1,2,3,True
11005,2001,-0.2849,1998,-0.3862,3,3,1,2,3,True
11006,2012,-0.2036,2013,-0.0909,3,2,1,1,-1,True
11007,2014,-0.1571,2014,-0.1958,6,3,1,2,0,True
11008,1998,-0.0606,1998,-0.0411,4,2,1,2,0,False
11009,2000,-0.1472,2000,-0.1796,2,2,1,2,0,True
11010,2002,-0.1612,1997,-0.1134,3,3,1,3,5,True
11011,1994,-0.108,1999,-0.1076,5,2,1,2,-5,True
11012,2002,-0.2364,1998,-0.2358,3,1,1,2,4,True
11013,2003,-0.2049,2000,-0.1629,3,2,1,2,3,True
11014,2003,-0.2747,2003,-0.3182,2,2,1,2,0,True
11015,2002,-0.3446,2002,-0.2828,3,1,1,1,0,True
11016,2004,-0.2392,2004,-0.2066,2,2,1,2,0,True
11017,2003,-0.2175,1996,-0.3569,2,2,1,2,7,True
11018,2002,-0.2329,1996,-0.254,3,2,1,3,6,True
11019,2004,-0.2373,2004,-0.342,2,2,1,1,0,True
11020,1991,-0.0742,2004,-0.1998,5,2,0,2,-13,True
11021,2004,-0.1571,2004,-0.25,4,1,1,1,0,True
11022,2004,-0.1572,2005,-0.1072,3,2,1,2,-1,True
11023,1994,-0.0281,2006,-0.0337,5,2,1,2,-12,False
11024,2004,-0.3339,2004,-0.3044,2,1,1,2,0,True
11025,2004,-0.2823,2004,-0.3191,3,1,1,1,0,True
11026,2006,-0.3484,2006,-0.3661,2,2,1,2,0,True
11027,2004,-0.3026,2004,-0.2815,2,2,1,2,0,True
11028,2006,-0.306,2004,-0.2476,2,2,1,2,2,True
11029,2005,-0.3546,2005,-0.3362,2,2,1,2,0,True
11030,1996,-0.269,2007,-0.2834,2,2,1,2,-11,True
11031,1997,-0.3925,1997,-0.3297,3,2,1,2,0,True
11032,1997,-0.3637,1997,-0.3089,3,1,1,1,0,True
11033,1997,-0.2318,1997,-0.2139,3,1,1,1,0,True
11034,1995,-0.3454,1997,-0.3514,4,1,1,1,-2,True
11035,1997,-0.2603,1995,-0.2346,4,2,1,2,2,True
11036,1997,-0.2611,1997,-0.3002,3,1,1,2,0,True
11037,1995,-0.0999,2008,-0.1035,4,3,1,2,-13,True
11038,1994,-0.1072,1994,-0.0986,2,1,1,1,0,True
11039,1998,-0.1302,1998,-0.1173,3,1,1,2,0,True
11040,1999,-0.2074,2005,-0.2406,4,2,1,2,-6,True
11041,1999,0.0006,1999,0.0032,4,2,0,2,0,False
11042,1999,0.0043,1999,0.0037,1,1,1,1,0,False
11043,2014,0.0,2014,0.0,0,0,0,0,0,False
11044,2014,0.0,2014,0.0,0,0,0,0,0,False
11045,2014,0.0036,1999,0.0161,5,2,1,1,15,False
11046,1999,0.0153,1999,0.0119,3,2,1,1,0,False
11047,1996,0.004,1999,0.0065,4,1,1,2,-3,False
11048,2014,0.0,2014,0.0,0,0,0,0,0,False
11049,2014,0.0,2014,0.0,0,0,0,0,0,False
11050,2014,0.0,2014,0.0,0,0,0,0,0,False
11051,2014,0.0,2014,0.0,0,0,0,0,0,False
11052,2014,0.0,2014,0.0,0,0,0,0,0,False
11053,2014,0.0,2014,0.0,0,0,0,0,0,False
11054,2014,0.0,2014,0.0,0,0,0,0,0,False
11055,2014,0.0,2014,-0.0001,0,0,0,0,0,False
11056,2014,-0.0049,2014,-0.0004,0,0,0,0,0,False
11057,1991,-0.0147,1999,0.0056,3,3,0,3,-8,False
11058,1994,-0.1289,2007,-0.1072,3,3,1,3,-13,True
11059,2002,-0.1679,2006,-0.1729,2,2,1,2,-4,True
11060,2005,-0.1255,1995,-0.161,2,2,2,2,10,True
11061,2006,-0.1618,2004,-0.1527,3,2,2,2,2,True
11062,1996,-0.1281,1996,-0.137,3,3,1,2,0,True
11063,2007,-0.0828,2008,-0.1271,3,2,1,2,-1,True
11064,2006,-0.0872,2007,-0.0768,2,2,1,2,-1,True
11065,2010,-0.0693,2009,-0.0431,3,1,1,1,1,False
11066,2005,-0.108,2005,-0.0659,3,2,1,2,0,True
11067,2011,-0.0739,2010,-0.0726,3,1,1,1,1,True
11068,2008,-0.2253,2007,-0.1373,5,2,1,2,1,True
11069,2010,-0.2193,2003,-0.2116,3,2,1,2,7,True
11070,2010,-0.1003,2010,-0.1263,3,3,1,3,0,True
11071,2011,-0.0526,2011,-0.0112,4,3,1,1,0,False
11072,2011,-0.0561,2008,-0.0196,4,3,1,2,3,False
11073,2014,0.0,2014,0.0,0,0,0,0,0,False
11074,2014,0.0,2014,0.0,0,0,0,0,0,False
11075,2014,0.0,2014,0.0,0,0,0,0,0,False
11076,2014,0.0,2014,-0.0013,0,0,0,0,0,False
11077,2014,0.0036,2003,-0.0208,4,0,0,1,11,False
11078,2004,-0.048,2005,-0.0456,2,2,1,2,-1,False
11079,2000,0.0125,2001,-0.0185,4,2,0,2,-1,False
11080,2017,-0.0265,2005,-0.0139,4,3,0,2,12,False
11081,2013,0.0036,2013,0.0042,2,1,1,3,0,False
11082,2003,0.0004,2001,0.0004,3,2,0,2,2,False
11083,2014,0.0,2014,0.0,0,0,0,0,0,False
11084,2014,0.0,2014,0.0,0,0,0,0,0,False
11085,2014,0.0,2014,0.0,0,0,0,0,0,False
11086,2014,0.0,2014,0.0,0,0,0,0,0,False
11087,2011,0.0164,2013,0.007,4,1,1,1,-2,False
11088,2011,0.028,2013,0.014,5,1,1,2,-2,False
11089,2014,0.0,2014,0.0,0,0,0,0,0,False
11090,2014,0.0001,1999,0.0008,0,0,0,2,15,False
11091,1999,0.0013,1999,0.0003,2,2,1,2,0,False
11092,2014,0.0,1997,0.0001,0,0,0,3,17,False
11093,2014,0.0,2014,-0.0,0,0,0,0,0,False
11094,2014,-0.0025,2014,-0.0036,0,0,0,0,0,False
11095,2014,0.0,2014,0.0,0,0,0,0,0,False
11096,2014,0.0,2014,0.0,0,0,0,0,0,False
11097,2014,0.0,2014,-0.0002,0,0,0,0,0,False
11098,2014,0.0,2014,0.0,0,0,0,0,0,False
11099,2012,0.0006,2013,0.0018,6,2,0,1,-1,False
11100,2014,0.0,2014,-0.0122,0,0,0,0,0,False
11101,2014,-0.0217,2021,-0.0941,0,0,0,0,-7,False
11102,2007,-0.0744,2009,-0.1852,3,2,1,2,-2,True
11103,2007,-0.2173,2007,-0.1886,3,1,1,2,0,True
11104,2005,-0.1894,2006,-0.2621,3,2,1,2,-1,True
11105,2006,-0.3841,2006,-0.2847,2,1,1,2,0,True
11106,2004,-0.3912,2005,-0.3584,2,1,1,1,-1,True
11107,2004,-0.486,2005,-0.4364,2,2,1,2,-1,True
11108,2005,-0.4845,2004,-0.4144,2,2,1,2,1,True
11109,2004,-0.3302,2005,-0.3273,3,2,1,2,-1,True
11110,2007,-0.1522,2000,-0.1994,3,2,1,2,7,True
11111,2005,-0.186,2000,-0.2547,3,2,2,2,5,True
11112,2002,-0.1696,2002,-0.2313,3,2,1,2,0,True
11113,2001,-0.0558,2001,-0.0554,2,1,1,1,0,True
11114,2004,-0.1075,2006,-0.0429,3,1,1,2,-2,False
11115,2005,-0.3554,2007,-0.2483,2,2,1,2,-2,True
11116,2004,-0.4167,2003,-0.4043,3,2,1,2,1,True
11117,1997,-0.3901,1998,-0.3763,3,2,1,2,-1,True
11118,1997,-0.2742,1997,-0.3387,3,2,1,1,0,True
11119,1996,-0.1958,1996,-0.2269,3,2,1,2,0,True
11120,2004,-0.2285,2007,-0.2357,4,2,2,2,-3,True
11121,2001,-0.2204,1999,-0.2267,2,2,1,2,2,True
11122,2001,-0.0727,1998,-0.031,4,2,1,2,3,False
11123,2000,-0.0758,2002,-0.0425,2,2,1,2,-2,False
11124,1998,-0.1516,1999,-0.0961,3,1,1,1,-1,True
11125,1997,-0.1081,1999,-0.1012,2,2,2,2,-2,True
11126,1997,-0.1507,1995,-0.0506,4,1,1,2,2,True
11127,1997,-0.0909,1993,-0.0886,2,2,1,3,4,True
11128,1997,-0.1399,1997,-0.2628,4,3,1,2,0,True
11129,2003,-0.1978,2004,-0.2202,3,3,1,1,-1,True
11130,2006,-0.3495,2003,-0.2938,2,2,1,2,3,True
11131,2003,-0.4361,2003,-0.3625,2,2,1,2,0,True
11132,2004,-0.1102,2006,-0.1237,2,1,1,2,-2,True
11133,2003,-0.2582,2003,-0.3238,2,2,1,2,0,True
11134,1996,-0.1905,2003,-0.3125,2,2,1,2,-7,True
11135,2004,-0.283,2005,-0.3378,2,1,1,1,-1,True
11136,2003,-0.2367,2004,-0.1575,3,1,1,1,-1,True
11137,2003,-0.0534,2011,0.0161,2,2,1,2,-8,False
11138,2002,-0.01,2005,-0.0028,4,1,1,2,-3,False
11139,2006,-0.1998,2005,-0.1743,2,1,1,1,1,True
11140,2006,-0.1928,2004,-0.1442,3,1,1,2,2,True
11141,2004,-0.1697,2005,-0.085,2,2,1,2,-1,True
11142,2004,-0.0444,1991,-0.0156,2,2,1,1,13,False
11143,1996,-0.2444,1996,-0.2534,4,2,1,2,0,True
11144,1997,-0.2524,1997,-0.2727,4,3,1,2,0,True
11145,1997,-0.42,1997,-0.3782,3,2,1,3,0,True
11146,2002,-0.4001,1997,-0.5039,2,2,1,2,5,True
11147,2001,-0.2531,1997,-0.3079,4,2,1,3,4,True
11148,1997,-0.3092,1997,-0.3226,3,3,1,2,0,True
11149,1995,-0.2759,1997,-0.2229,5,2,1,1,-2,True
11150,1995,-0.1559,1997,-0.3288,3,2,1,1,-2,True
11151,1997,-0.2071,1998,-0.1391,3,1,1,2,-1,True
11152,2007,-0.1508,2007,-0.1352,3,2,1,2,0,True
11153,1995,-0.048,2005,-0.0649,3,2,0,2,-10,False
11154,1995,-0.041,1998,-0.067,4,2,0,2,-3,False
11155,1998,-0.0547,2017,-0.0964,4,2,0,1,-19,True
11156,1999,0.0048,1999,0.0091,2,1,1,1,0,False
11157,1999,0.0008,1999,0.0007,4,1,1,2,0,False
11158,2014,0.0,2014,0.0,0,0,0,0,0,False
11159,2014,0.0,2014,0.0,0,0,0,0,0,False
11160,2014,0.0,2014,0.0,0,0,0,0,0,False
11161,1999,0.0097,1999,0.0153,3,1,1,1,0,False
11162,2000,0.0033,2000,0.0001,2,1,1,1,0,False
11163,2014,0.0,2014,0.0,0,0,0,0,0,False
11164,2014,0.0,2014,0.0,0,0,0,0,0,False
11165,2014,0.0,1999,0.0004,0,0,0,1,15,False
11166,2014,0.0,2014,0.0,0,0,0,0,0,False
11167,2014,0.0,2014,0.0,0,0,0,0,0,False
11168,2014,0.0,2014,0.0,0,0,0,0,0,False
11169,2014,0.0,2014,0.0,0,0,0,0,0,False
11170,2014,0.0,2014,0.0,0,0,0,0,0,False
11171,2006,-0.0707,2008,-0.0525,3,3,1,3,-2,True
11172,2014,-0.0669,2007,-0.192,5,4,0,3,7,True
11173,1995,-0.1889,2005,-0.1488,3,2,1,2,-10,True
11174,2001,-0.1484,1994,-0.1322,3,2,1,2,7,True
11175,1994,-0.1263,1995,-0.0952,3,2,1,1,-1,True
11176,1995,-0.1719,1995,-0.2096,3,3,1,2,0,True
11177,2002,-0.2101,2003,-0.1267,3,2,1,3,-1,True
11178,2006,-0.1246,2006,-0.1012,3,2,1,3,0,True
11179,1995,-0.1639,1995,-0.1006,4,2,1,3,0,True
11180,1995,-0.1227,2004,-0.132,3,2,1,3,-9,True
11181,1995,-0.1865,1995,-0.2426,2,2,1,3,0,True
11182,2004,-0.1966,2003,-0.1725,4,2,1,2,1,True
11183,2003,-0.2354,2004,-0.2113,3,2,1,2,-1,True
11184,2005,-0.2529,2005,-0.3372,3,2,1,2,0,True
11185,2006,-0.1659,2007,-0.2149,3,3,1,2,-1,True
11186,2006,-0.0986,2010,-0.0771,3,3,1,2,-4,True
11187,2005,-0.0509,2005,-0.0104,2,2,1,2,0,False
11188,2014,0.0,2003,-0.0014,0,0,0,2,11,False
11189,2004,-0.0147,2005,-0.0052,1,1,1,1,-1,False
11190,2014,0.0,2014,-0.0043,0,0,0,0,0,False
11191,2003,-0.0314,2003,-0.0336,2,2,1,2,0,False
11192,2016,-0.0145,2001,-0.0044,3,3,1,1,15,False
11193,2011,-0.0827,2008,-0.0561,3,2,1,2,3,True
11194,2005,-0.1474,2006,-0.1464,2,2,1,3,-1,True
11195,2006,-0.2313,2007,-0.1446,2,2,1,2,-1,True
11196,2007,-0.0382,2008,-0.0405,3,2,1,2,-1,False
11197,2007,-0.0085,1992,-0.008,4,3,0,2,15,False
11198,2014,0.0,2014,0.0,0,0,0,0,0,False
11199,2014,0.0,2014,0.0,0,0,0,0,0,False
11200,2014,0.0,2014,0.0,0,0,0,0,0,False
11201,2014,0.0,2014,-0.0001,0,0,0,0,0,False
11202,2013,0.0018,2013,0.0019,4,1,1,2,0,False
11203,2011,0.0073,2013,0.0122,3,2,1,2,-2,False
11204,2013,0.0031,2004,0.0005,3,1,1,1,9,False
11205,2014,0.0008,1999,0.001,0,0,0,2,15,False
11206,2014,0.0,1999,0.0007,0,0,0,2,15,False
11207,2019,-0.1197,2018,-0.0883,0,0,0,1,1,True
11208,2014,-0.0174,2017,-0.0716,0,0,0,1,-3,False
11209,2014,-0.0206,2014,-0.038,0,0,0,0,0,False
11210,2014,-0.002,2014,-0.0005,0,0,0,0,0,False
11211,2014,0.0,2014,0.0,0,0,0,0,0,False
11212,2014,0.0,2014,0.0,0,0,0,0,0,False
11213,2015,-0.0057,1994,-0.0007,4,1,0,2,21,False
11214,2015,-0.0054,1995,-0.0021,4,1,1,2,20,False
11215,2005,-0.0135,2005,-0.0041,2,2,1,2,0,False
11216,2019,-0.2497,2012,-0.0562,0,0,0,1,7,True
11217,2004,-0.1709,2006,-0.1364,3,2,1,2,-2,True
11218,2007,-0.2913,2005,-0.3602,3,1,1,1,2,True
11219,2007,-0.4418,2004,-0.4098,2,2,1,2,3,True
11220,2005,-0.3334,2005,-0.3626,3,2,1,1,0,True
11221,2004,-0.3249,2004,-0.3888,2,1,1,1,0,True
11222,2004,-0.3335,2004,-0.3321,3,2,1,2,0,True
11223,2005,-0.3489,2001,-0.3198,3,2,1,2,4,True
11224,2006,-0.2118,2005,-0.1681,3,1,1,2,1,True
11225,2010,-0.0616,2009,-0.04,3,2,1,1,1,False
11226,2012,-0.1109,2009,-0.0806,3,2,1,3,3,True
11227,1991,-0.1375,2000,-0.1072,3,3,1,2,-9,True
11228,2006,-0.0622,2002,-0.0847,2,2,1,2,4,True
11229,1995,-0.1603,2003,-0.0667,3,2,1,2,-8,True
11230,2004,-0.3585,2004,-0.3768,3,2,1,2,0,True
11231,2001,-0.3146,2003,-0.3536,3,2,1,2,-2,True
11232,1997,-0.4036,1997,-0.4764,3,2,1,2,0,True
11233,1997,-0.3376,1997,-0.3477,4,2,1,2,0,True
11234,2015,-0.2126,1997,-0.1727,4,3,1,2,18,True
11235,1997,-0.1544,1997,-0.1275,3,2,2,2,0,True
11236,2006,-0.0326,1991,0.0245,4,3,1,3,15,False
11237,2001,-0.0006,2010,-0.0001,5,2,1,3,-9,False
11238,2014,0.0,2014,-0.0001,0,0,0,0,0,False
11239,1989,0.0253,1999,-0.0241,5,3,0,2,-10,False
11240,1997,-0.0199,2015,0.0387,4,2,0,2,-18,False
11241,2003,-0.0556,2000,-0.0272,3,2,1,1,3,False
11242,1995,-0.1094,2002,-0.1793,4,2,1,2,-7,True
11243,1997,-0.26,1997,-0.2183,3,2,1,2,0,True
11244,1997,-0.1902,1998,-0.1171,3,2,1,2,-1,True
11245,2008,-0.1887,2001,-0.3013,2,2,1,2,7,True
11246,2006,-0.3091,2005,-0.3338,2,1,1,1,1,True
11247,2003,-0.0984,1995,-0.1339,4,3,1,2,8,True
11248,1995,-0.1376,1996,-0.1447,4,4,1,3,-1,True
11249,2005,-0.2393,2003,-0.2073,3,2,2,2,2,True
11250,2003,-0.2115,2003,-0.1551,2,1,1,1,0,True
11251,1995,-0.0531,1996,-0.122,5,1,1,1,-1,True
11252,2003,-0.0598,1991,-0.0291,2,2,1,2,12,False
11253,1993,-0.0323,2003,-0.0385,4,2,1,1,-10,False
11254,2004,-0.0661,1997,-0.0351,2,2,1,1,7,False
11255,1995,-0.0228,1995,-0.0147,4,2,0,2,0,False
11256,1996,-0.0072,1996,-0.0119,4,2,1,2,0,False
11257,2014,0.0,2014,0.0,0,0,0,0,0,False
11258,2007,0.0287,1992,-0.0316,4,2,0,2,15,False
11259,1989,-0.1004,1989,-0.0778,5,2,0,3,0,True
11260,2007,-0.2165,2006,-0.1918,4,2,1,2,1,True
11261,2006,-0.2484,2002,-0.2571,4,2,1,2,4,True
11262,2002,-0.2638,2002,-0.3324,3,2,1,2,0,True
11263,2001,-0.1344,2002,-0.0755,3,1,1,2,-1,True
11264,1997,-0.1908,1995,-0.1423,4,2,1,2,2,True
11265,1995,-0.1539,1995,-0.1539,2,2,1,2,0,True
11266,1998,-0.1136,1994,-0.1016,3,2,1,2,4,True
11267,1995,-0.115,2005,-0.1374,3,2,1,3,-10,True
11268,1998,-0.1832,2005,-0.1433,2,2,1,2,-7,True
11269,2000,-0.1262,2000,-0.1934,4,2,1,2,0,True
11270,2003,-0.0668,2021,-0.1,4,2,1,0,-18,True
11271,1999,0.007,1995,0.0005,2,1,1,1,4,False
11272,2014,0.0,2014,0.0,0,0,0,0,0,False
11273,2014,0.0,2014,0.0,0,0,0,0,0,False
11274,2014,0.0,2014,0.0,0,0,0,0,0,False
11275,2014,0.0,2014,0.0,0,0,0,0,0,False
11276,1999,0.0081,1999,0.0052,1,1,1,1,0,False
11277,1999,0.0023,1999,0.0009,4,1,1,1,0,False
11278,2014,0.0,2014,0.0,0,0,0,0,0,False
11279,2014,0.0,2014,0.0,0,0,0,0,0,False
11280,2010,0.0008,1999,0.0027,7,1,1,1,11,False
11281,1993,0.0006,1999,0.0005,3,1,0,1,-6,False
11282,2014,0.0,2014,0.0,0,0,0,0,0,False
11283,2014,0.0,2014,0.0,0,0,0,0,0,False
11284,2014,0.0,2014,0.0,0,0,0,0,0,False
11285,2014,0.0,2014,0.0,0,0,0,0,0,False
11286,2007,-0.0303,2007,-0.0071,2,2,1,2,0,False
11287,1997,-0.163,2007,-0.2227,3,2,1,2,-10,True
11288,1997,-0.191,1995,-0.1299,4,2,1,1,2,True
11289,1996,-0.2188,1995,-0.2032,3,1,1,2,1,True
11290,1994,-0.1364,1994,-0.1954,3,2,1,2,0,True
11291,1992,-0.0942,1993,-0.0524,6,2,0,1,-1,True
11292,1992,-0.1032,1992,-0.0511,3,2,2,2,0,True
11293,2003,-0.1963,2005,-0.1621,3,3,1,3,-2,True
11294,2005,-0.1472,1994,-0.1524,3,2,1,2,11,True
11295,1995,-0.1708,1995,-0.2486,4,2,1,2,0,True
11296,1992,-0.1509,1995,-0.125,4,3,1,2,-3,True
11297,1995,-0.2232,1995,-0.2648,3,2,1,2,0,True
11298,1995,-0.1742,1995,-0.2575,2,2,1,2,0,True
11299,1997,-0.2819,1995,-0.3824,2,2,1,2,2,True
11300,1995,-0.2956,1995,-0.2994,4,2,1,2,0,True
11301,1995,-0.1519,2004,-0.179,4,2,2,3,-9,True
11302,2004,-0.207,2005,-0.1377,3,2,2,2,-1,True
11303,2006,-0.0723,2007,-0.0512,2,2,2,2,-1,True
11304,2007,-0.1625,2005,-0.1643,3,3,1,2,2,True
11305,2009,-0.0768,2009,-0.0866,3,2,1,2,0,True
11306,2003,-0.1627,2005,-0.2641,3,2,1,2,-2,True
11307,2007,-0.0822,2005,-0.1011,3,2,1,2,2,True
11308,2005,-0.2091,2004,-0.1791,3,2,1,2,1,True
11309,2006,-0.2208,2004,-0.2219,3,2,1,2,2,True
11310,2006,-0.37,2006,-0.2783,3,1,1,2,0,True
11311,2006,-0.2263,2007,-0.2,2,2,1,2,-1,True
11312,2005,-0.0309,2008,-0.0386,3,2,1,2,-3,False
11313,2014,0.0,2014,0.0,0,0,0,0,0,False
11314,2013,0.0012,2013,0.0001,5,3,1,1,0,False
11315,2014,0.0,2014,0.0,0,0,0,0,0,False
11316,2014,0.0,2014,0.0,0,0,0,0,0,False
11317,2014,0.0,2014,0.0,0,0,0,0,0,False
11318,2011,0.0113,2014,0.0056,3,1,1,1,-3,False
11319,2012,0.0147,2013,0.0073,3,1,1,3,-1,False
11320,2014,0.0,2014,-0.0001,0,0,0,0,0,False
11321,2014,-0.0007,2014,-0.0,0,0,0,0,0,False
11322,2017,-0.0778,2013,-0.0496,0,0,0,1,4,False
11323,2018,-0.2175,2018,-0.1562,0,0,0,0,0,True
11324,2021,-0.1267,2019,-0.1707,0,0,0,0,2,True
11325,2014,-0.0206,2014,-0.016,0,0,0,0,0,False
11326,2014,-0.0517,2014,-0.032,0,0,0,1,0,False
11327,2014,0.0,2014,0.0,0,0,0,0,0,False
11328,2014,0.0019,2012,0.0003,4,1,0,1,2,False
11329,2017,0.0001,1993,-0.003,3,1,0,2,24,False
11330,2005,-0.1071,2009,-0.1417,3,2,1,2,-4,True
11331,2006,-0.1445,2006,-0.1231,3,2,1,2,0,True
11332,2004,-0.1489,2007,-0.1978,2,2,1,2,-3,True
11333,2004,-0.1248,2006,-0.1714,3,2,1,3,-2,True
11334,2005,-0.3198,2005,-0.2465,2,1,1,2,0,True
11335,2005,-0.3448,2005,-0.2577,3,1,1,2,0,True
11336,2005,-0.2464,2006,-0.2699,3,2,1,2,-1,True
11337,2001,-0.3024,2005,-0.2523,3,2,1,2,-4,True
11338,2007,-0.3119,2000,-0.2859,3,2,1,2,7,True
11339,2007,-0.3077,2007,-0.2965,3,2,1,2,0,True
11340,2008,-0.3379,2007,-0.3721,3,2,1,2,1,True
11341,2009,-0.1475,2009,-0.2302,3,2,1,2,0,True
11342,2013,-0.0981,2002,-0.0516,4,3,1,2,11,True
11343,2011,0.0391,1993,-0.0532,3,2,1,3,18,False
11344,2003,-0.159,2002,-0.1013,2,2,2,2,1,True
11345,2003,-0.4033,2003,-0.3301,2,2,1,2,0,True
11346,2001,-0.3151,2001,-0.2687,2,2,1,2,0,True
11347,1998,-0.3391,2000,-0.4326,3,2,1,2,-2,True
11348,1997,-0.3689,1997,-0.3478,3,1,1,1,0,True
11349,1997,-0.1733,2007,-0.1399,3,2,1,2,-10,True
11350,2003,-0.1659,2007,-0.1913,3,2,1,2,-4,True
11351,1994,-0.0365,2015,0.0059,4,3,1,2,-21,False
11352,1994,-0.018,2013,0.0086,3,2,1,2,-19,False
11353,2017,0.0004,2013,0.0012,6,1,0,1,4,False
11354,2011,0.0092,1994,0.0066,4,3,0,4,17,False
11355,1991,0.0367,1991,0.0089,4,2,1,3,0,False
11356,2004,-0.1241,2003,-0.1246,2,2,1,1,1,True
11357,1997,-0.2954,2002,-0.3422,3,2,1,2,-5,True
11358,1998,-0.2096,1997,-0.3077,3,2,1,2,1,True
11359,2007,-0.1891,1997,-0.2329,2,2,2,1,10,True
11360,2014,-0.125,2014,-0.0635,4,1,1,1,0,True
11361,2005,-0.2168,2012,-0.4498,4,2,1,2,-7,True
11362,2003,-0.3383,2005,-0.325,2,2,1,2,-2,True
11363,1995,-0.2741,2003,-0.3211,4,2,1,1,-8,True
11364,2004,-0.1221,2004,-0.1618,2,2,1,2,0,True
11365,2006,-0.159,2005,-0.1309,2,2,1,2,1,True
11366,1995,-0.1429,1991,-0.0881,3,2,1,2,4,True
11367,2002,-0.0977,2003,-0.065,2,1,1,2,-1,True
11368,2012,0.0257,2014,0.063,4,3,1,3,-2,False
11369,2011,0.0293,2013,0.0483,2,2,1,2,-2,False
11370,2016,0.0248,2016,0.0386,3,2,0,4,0,False
11371,2006,-0.0343,2012,-0.0087,1,1,1,3,-6,False
11372,2006,-0.1204,2006,-0.1001,3,2,1,1,0,True
11373,2006,-0.1374,2006,-0.0755,2,2,1,2,0,True
11374,2006,-0.2222,2006,-0.1545,2,2,1,2,0,True
11375,2006,-0.1639,2006,-0.1436,3,2,1,2,0,True
11376,2002,-0.2836,2005,-0.3036,3,2,1,2,-3,True
11377,2002,-0.2886,2002,-0.229,2,2,1,1,0,True
11378,1997,-0.4029,1998,-0.3301,3,2,1,2,-1,True
11379,1997,-0.3134,1997,-0.3067,3,2,1,2,0,True
11380,1997,-0.3775,1997,-0.3172,3,2,1,2,0,True
11381,1996,-0.0862,1995,-0.0815,2,1,1,2,1,True
11382,2017,-0.0967,2018,-0.055,3,1,0,1,-1,True
11383,2012,-0.0997,2012,-0.1363,4,2,1,2,0,True
11384,2006,-0.052,2004,-0.0508,3,2,1,2,2,True
11385,2007,-0.0594,2004,-0.0775,3,2,1,2,3,True
11386,1996,0.0017,1999,0.0024,2,1,1,1,-3,False
11387,1994,0.0015,1999,0.0058,3,1,1,1,-5,False
11388,1999,0.0104,1999,0.0052,1,1,1,1,0,False
11389,1999,0.0133,1999,0.0048,2,1,0,1,0,False
11390,2014,0.0,2014,0.0,0,0,0,0,0,False
11391,2006,0.0148,2000,0.0055,2,1,1,1,6,False
11392,2004,0.0146,1999,0.0044,1,1,1,1,5,False
11393,2014,0.0,2014,0.0,0,0,0,0,0,False
11394,2014,0.0,2014,0.0,0,0,0,0,0,False
11395,1992,0.0012,1999,0.0038,3,1,0,2,-7,False
11396,2014,0.0,2014,0.0,0,0,0,0,0,False
11397,2014,0.0,2014,0.0,0,0,0,0,0,False
11398,2014,0.0,2014,0.0,0,0,0,0,0,False
11399,2014,0.0,2014,0.0,0,0,0,0,0,False
11400,2014,0.0,2014,0.0,0,0,0,0,0,False
11401,2014,0.0,2014,0.0,0,0,0,0,0,False
11402,2009,-0.0936,2000,-0.078,3,3,2,3,9,True
11403,2008,-0.1646,2002,-0.1074,3,2,1,2,6,True
11404,2001,-0.18,1996,-0.234,2,2,2,2,5,True
11405,2000,-0.1657,1993,-0.239,2,2,1,3,7,True
11406,1994,-0.2162,1993,-0.2624,4,2,2,2,1,True
11407,1993,-0.1179,2009,-0.1876,2,2,2,2,-16,True
11408,2007,-0.0494,1997,0.021,4,3,0,2,10,False
11409,2007,-0.1649,2007,-0.1729,4,3,1,3,0,True
11410,1995,-0.1131,1996,-0.1547,3,3,2,3,-1,True
11411,1995,-0.0181,1995,-0.0104,3,3,2,1,0,False
11412,2008,-0.0553,1992,-0.0243,3,3,1,1,16,False
11413,2014,0.0,2014,0.0,0,0,0,0,0,False
11414,1995,-0.2347,1995,-0.1924,2,2,1,2,0,True
11415,2006,-0.2945,2005,-0.3117,2,2,2,2,1,True
11416,1996,-0.2532,1995,-0.235,3,2,2,2,1,True
11417,2014,-0.1421,1992,-0.207,2,2,2,2,22,True
11418,2006,-0.2537,2005,-0.1796,4,2,1,2,1,True
11419,1995,-0.3035,1995,-0.2998,3,2,1,2,0,True
11420,1999,-0.1705,2006,-0.2584,2,2,2,3,-7,True
11421,1995,-0.1762,2002,-0.2113,3,2,2,2,-7,True
11422,2005,-0.2895,2005,-0.3355,3,2,1,2,0,True
11423,2002,-0.2846,2002,-0.2741,3,3,1,2,0,True
11424,2001,-0.2465,1997,-0.2674,3,3,1,2,4,True
11425,2005,-0.401,2004,-0.4231,2,2,1,2,1,True
11426,2006,-0.3373,2006,-0.3519,2,2,1,2,0,True
11427,2009,-0.1196,2009,-0.0987,2,2,1,2,0,True
11428,2002,0.001,2015,0.0033,4,1,0,2,-13,False
11429,2005,0.0012,2013,0.0037,5,2,0,1,-8,False
11430,2009,0.0057,2013,0.0036,4,2,0,2,-4,False
11431,2009,0.0008,2013,0.014,5,0,0,1,-4,False
11432,2015,0.0106,2013,0.0014,4,3,0,1,2,False
11433,1994,-0.0032,2014,0.0154,5,2,0,2,-20,False
11434,2013,0.0081,2013,0.0144,4,1,1,1,0,False
11435,2009,-0.0654,2011,-0.0444,3,2,1,1,-2,False
11436,2019,-0.1478,2012,-0.0347,0,0,0,1,7,False
11437,2011,-0.1803,2011,-0.1388,3,1,1,1,0,True
11438,2011,-0.1448,2011,-0.1399,2,1,1,1,0,True
11439,2020,-0.227,2020,-0.3003,0,0,0,0,0,True
11440,2017,-0.095,2020,-0.1687,0,0,0,0,-3,True
11441,2021,-0.1019,2015,-0.0832,0,0,0,3,6,True
11442,2014,-0.0068,2014,-0.0005,0,0,0,0,0,False
11443,1999,-0.1125,2003,-0.1792,1,1,1,1,-4,True
11444,2011,-0.0433,2009,-0.0421,3,1,1,2,2,False
11445,2009,-0.2406,2008,-0.2896,3,2,1,2,1,True
11446,2012,-0.1516,2004,-0.1475,4,2,1,2,8,True
11447,2005,-0.1914,2004,-0.189,3,2,1,2,1,True
11448,2003,-0.1673,2005,-0.1918,3,3,1,1,-2,True
11449,1996,-0.315,1996,-0.2806,3,2,1,2,0,True
11450,1996,-0.3276,2005,-0.2297,4,2,1,2,-9,True
11451,2004,-0.3862,2005,-0.3209,2,2,1,2,-1,True
11452,2005,-0.2938,2005,-0.3151,3,2,1,2,0,True
11453,2006,-0.3249,2005,-0.2869,3,2,1,1,1,True
11454,2007,-0.3605,2007,-0.4423,3,2,1,2,0,True
11455,2008,-0.2397,2007,-0.1543,4,3,1,2,1,True
11456,2006,-0.2418,2006,-0.3394,3,2,1,2,0,True
11457,2006,-0.2603,2006,-0.2041,2,2,1,2,0,True
11458,2006,-0.0665,1993,-0.0949,3,2,1,1,13,True
11459,1996,-0.2828,2002,-0.2885,4,2,1,2,-6,True
11460,2002,-0.3476,2002,-0.2759,2,2,1,2,0,True
11461,2002,-0.3657,2000,-0.3049,2,2,1,2,2,True
11462,2001,-0.2714,2000,-0.3233,2,2,1,2,1,True
11463,2001,-0.3297,2000,-0.3793,2,2,1,2,1,True
11464,1997,-0.3326,1997,-0.3206,3,2,1,2,0,True
11465,2003,-0.2505,2003,-0.3549,1,1,1,1,0,True
11466,2003,-0.0536,2003,-0.0473,2,2,1,1,0,False
11467,1992,0.0279,2009,0.0466,4,1,1,2,-17,False
11468,2014,-0.0003,2008,-0.0006,0,0,0,1,6,False
11469,2009,-0.0099,2000,-0.0241,5,3,0,1,9,False
11470,1995,0.0165,2011,0.0063,3,3,1,4,-16,False
11471,2005,0.0383,2010,0.0512,3,2,1,2,-5,False
11472,2014,-0.0112,1997,-0.1174,3,3,2,2,17,False
11473,2003,-0.1053,2003,-0.0269,1,1,1,1,0,False
11474,1989,0.0667,2003,-0.0603,4,2,0,2,-14,True
11475,1989,0.0777,2002,-0.0845,5,4,0,1,-13,True
11476,2003,-0.1295,2003,-0.1339,1,1,1,1,0,True
11477,2004,-0.1597,2005,-0.2658,3,2,1,1,-1,True
11478,2003,-0.3217,2003,-0.3443,2,2,1,1,0,True
11479,1989,-0.0591,2002,-0.0846,3,3,0,1,-13,True
11480,1997,-0.0746,1996,-0.0388,4,2,1,2,1,False
11481,1996,-0.2205,1995,-0.1661,2,2,1,2,1,True
11482,1995,-0.0742,1997,-0.0692,4,2,1,2,-2,True
11483,2015,0.0559,1989,-0.1002,4,2,1,3,26,True
11484,2005,-0.1087,2003,-0.0884,2,1,1,1,2,True
11485,2003,-0.066,2002,-0.1402,2,2,1,1,1,True
11486,2006,-0.1647,2006,-0.1947,2,2,1,1,0,True
11487,2005,-0.2795,2003,-0.3635,3,2,1,2,2,True
11488,2002,-0.2843,2002,-0.2797,3,1,1,1,0,True
11489,2007,-0.2031,2006,-0.2406,3,2,1,1,1,True
11490,2006,-0.3201,2006,-0.3085,3,2,1,2,0,True
11491,1997,-0.4792,1998,-0.4296,3,2,1,2,-1,True
11492,1997,-0.4378,1998,-0.4437,3,3,1,3,-1,True
11493,1997,-0.5289,1997,-0.5292,3,2,1,2,0,True
11494,1998,-0.4932,1998,-0.5371,4,2,1,2,0,True
11495,1999,-0.3367,2001,-0.3453,3,2,1,2,-2,True
11496,1998,-0.215,2000,-0.1861,2,2,1,2,-2,True
11497,2016,-0.1242,2005,-0.1151,3,2,1,2,11,True
11498,2018,-0.099,2013,-0.0601,3,2,0,1,5,True
11499,2004,-0.0235,2021,-0.0706,3,2,0,0,-17,False
11500,2005,-0.0372,2004,-0.0664,4,3,1,3,1,False
